=== Forge Reflective Mind Insight — 2026-01-05 10:02:30.699269 ===
h1 trend: neutral
h2 trend: neutral
average coherence delta: 3.997
entropy spikes recorded: 2
Interpretation: ⚡ Volatility increasing — possible new cipher rule or paradigm shift detected.
==============================================
=== Forge Reflective Mind Insight — 2026-01-05 10:03:45.983068 ===
h1 trend: stable
h2 trend: stable
average coherence delta: 3.997
entropy spikes recorded: 4
Interpretation: ⚡ Volatility increasing — possible new cipher rule or paradigm shift detected.
==============================================
=== Forge Reflective Mind Insight — 2026-01-05 12:02:53.273224 ===
h1 trend: stable
h2 trend: stable
average coherence delta: 3.997
entropy spikes recorded: 6
Interpretation: ⚡ Volatility increasing — possible new cipher rule or paradigm shift detected.
==============================================
=== Forge Reflective Mind Insight — 2026-01-05 12:02:53.624462 ===
h1 trend: stable
h2 trend: stable
average coherence delta: 3.997
entropy spikes recorded: 7
Interpretation: ⚡ Volatility increasing — possible new cipher rule or paradigm shift detected.
==============================================
=== Forge Reflective Mind Insight — 2026-01-05 12:02:57.661944 ===
h1 trend: stable
h2 trend: stable
average coherence delta: 3.997
entropy spikes recorded: 8
Interpretation: ⚡ Volatility increasing — possible new cipher rule or paradigm shift detected.
==============================================
=== Forge Reflective Mind Insight — 2026-01-05 12:03:03.801504 ===
h1 trend: stable
h2 trend: stable
average coherence delta: 3.997
entropy spikes recorded: 9
Interpretation: ⚡ Volatility increasing — possible new cipher rule or paradigm shift detected.
==============================================
=== Forge Reflective Mind Insight — 2026-01-05 12:03:08.777674 ===
h1 trend: stable
h2 trend: stable
average coherence delta: 3.997
entropy spikes recorded: 10
Interpretation: ⚡ Volatility increasing — possible new cipher rule or paradigm shift detected.
==============================================
=== Forge Reflective Mind Insight — 2026-01-05 12:03:13.254449 ===
h1 trend: stable
h2 trend: stable
average coherence delta: 3.997
entropy spikes recorded: 11
Interpretation: ⚡ Volatility increasing — possible new cipher rule or paradigm shift detected.
==============================================
=== Forge Reflective Mind Insight — 2026-01-05 12:03:17.055801 ===
h1 trend: stable
h2 trend: stable
average coherence delta: 3.997
entropy spikes recorded: 12
Interpretation: ⚡ Volatility increasing — possible new cipher rule or paradigm shift detected.
==============================================
=== Forge Reflective Mind Insight — 2026-01-05 12:03:20.967175 ===
h1 trend: stable
h2 trend: stable
average coherence delta: 3.997
entropy spikes recorded: 13
Interpretation: ⚡ Volatility increasing — possible new cipher rule or paradigm shift detected.
==============================================
=== Forge Reflective Mind Insight — 2026-01-05 12:03:25.359789 ===
h1 trend: stable
h2 trend: stable
average coherence delta: 3.997
entropy spikes recorded: 14
Interpretation: ⚡ Volatility increasing — possible new cipher rule or paradigm shift detected.
==============================================
=== Forge Reflective Mind Insight — 2026-01-05 12:03:29.548798 ===
h1 trend: stable
h2 trend: stable
average coherence delta: 3.997
entropy spikes recorded: 15
Interpretation: ⚡ Volatility increasing — possible new cipher rule or paradigm shift detected.
==============================================
=== Forge Reflective Mind Insight — 2026-01-05 12:03:33.817748 ===
h1 trend: stable
h2 trend: stable
average coherence delta: 3.997
entropy spikes recorded: 16
Interpretation: ⚡ Volatility increasing — possible new cipher rule or paradigm shift detected.
==============================================
=== Forge Reflective Mind Insight — 2026-01-05 12:03:37.900893 ===
h1 trend: stable
h2 trend: stable
average coherence delta: 3.997
entropy spikes recorded: 17
Interpretation: ⚡ Volatility increasing — possible new cipher rule or paradigm shift detected.
==============================================
=== Forge Reflective Mind Insight — 2026-01-05 12:03:41.998365 ===
h1 trend: stable
h2 trend: stable
average coherence delta: 3.997
entropy spikes recorded: 18
Interpretation: ⚡ Volatility increasing — possible new cipher rule or paradigm shift detected.
==============================================
=== Forge Reflective Mind Insight — 2026-01-05 12:03:46.541022 ===
h1 trend: stable
h2 trend: stable
average coherence delta: 3.997
entropy spikes recorded: 19
Interpretation: ⚡ Volatility increasing — possible new cipher rule or paradigm shift detected.
==============================================
=== Forge Reflective Mind Insight — 2026-01-05 12:03:50.451947 ===
h1 trend: stable
h2 trend: stable
average coherence delta: 3.997
entropy spikes recorded: 20
Interpretation: ⚡ Volatility increasing — possible new cipher rule or paradigm shift detected.
==============================================
=== Forge Reflective Mind Insight — 2026-01-05 12:03:54.161741 ===
h1 trend: stable
h2 trend: stable
average coherence delta: 3.997
entropy spikes recorded: 21
Interpretation: ⚡ Volatility increasing — possible new cipher rule or paradigm shift detected.
==============================================
=== Forge Reflective Mind Insight — 2026-01-05 12:03:58.057369 ===
h1 trend: stable
h2 trend: stable
average coherence delta: 3.997
entropy spikes recorded: 22
Interpretation: ⚡ Volatility increasing — possible new cipher rule or paradigm shift detected.
==============================================
=== Forge Reflective Mind Insight — 2026-01-05 12:04:01.883727 ===
h1 trend: stable
h2 trend: stable
average coherence delta: 3.997
entropy spikes recorded: 23
Interpretation: ⚡ Volatility increasing — possible new cipher rule or paradigm shift detected.
==============================================
=== Forge Reflective Mind Insight — 2026-01-05 12:04:06.209810 ===
h1 trend: stable
h2 trend: stable
average coherence delta: 3.997
entropy spikes recorded: 24
Interpretation: ⚡ Volatility increasing — possible new cipher rule or paradigm shift detected.
==============================================
=== Forge Reflective Mind Insight — 2026-01-05 12:04:09.866273 ===
h1 trend: stable
h2 trend: stable
average coherence delta: 3.997
entropy spikes recorded: 25
Interpretation: ⚡ Volatility increasing — possible new cipher rule or paradigm shift detected.
==============================================
=== Forge Reflective Mind Insight — 2026-01-05 12:04:13.671999 ===
h1 trend: stable
h2 trend: stable
average coherence delta: 3.997
entropy spikes recorded: 26
Interpretation: ⚡ Volatility increasing — possible new cipher rule or paradigm shift detected.
==============================================
=== Forge Reflective Mind Insight — 2026-01-05 12:04:17.715937 ===
h1 trend: stable
h2 trend: stable
average coherence delta: 3.997
entropy spikes recorded: 27
Interpretation: ⚡ Volatility increasing — possible new cipher rule or paradigm shift detected.
==============================================
=== Forge Reflective Mind Insight — 2026-01-05 12:04:21.547089 ===
h1 trend: stable
h2 trend: stable
average coherence delta: 3.997
entropy spikes recorded: 28
Interpretation: ⚡ Volatility increasing — possible new cipher rule or paradigm shift detected.
==============================================
=== Forge Reflective Mind Insight — 2026-01-05 12:04:25.863482 ===
h1 trend: stable
h2 trend: stable
average coherence delta: 3.997
entropy spikes recorded: 29
Interpretation: ⚡ Volatility increasing — possible new cipher rule or paradigm shift detected.
==============================================
=== Forge Reflective Mind Insight — 2026-01-05 12:04:30.077921 ===
h1 trend: stable
h2 trend: stable
average coherence delta: 3.997
entropy spikes recorded: 30
Interpretation: ⚡ Volatility increasing — possible new cipher rule or paradigm shift detected.
==============================================
=== Forge Reflective Mind Insight — 2026-01-05 12:04:34.256353 ===
h1 trend: stable
h2 trend: stable
average coherence delta: 3.997
entropy spikes recorded: 31
Interpretation: ⚡ Volatility increasing — possible new cipher rule or paradigm shift detected.
==============================================
=== Forge Reflective Mind Insight — 2026-01-05 12:04:38.401163 ===
h1 trend: stable
h2 trend: stable
average coherence delta: 3.997
entropy spikes recorded: 32
Interpretation: ⚡ Volatility increasing — possible new cipher rule or paradigm shift detected.
==============================================
=== Forge Reflective Mind Insight — 2026-01-05 12:04:42.537515 ===
h1 trend: stable
h2 trend: stable
average coherence delta: 3.997
entropy spikes recorded: 33
Interpretation: ⚡ Volatility increasing — possible new cipher rule or paradigm shift detected.
==============================================
=== Forge Reflective Mind Insight — 2026-01-05 12:04:47.673738 ===
h1 trend: stable
h2 trend: stable
average coherence delta: 3.997
entropy spikes recorded: 34
Interpretation: ⚡ Volatility increasing — possible new cipher rule or paradigm shift detected.
==============================================
=== Forge Reflective Mind Insight — 2026-01-05 12:04:52.374922 ===
h1 trend: stable
h2 trend: stable
average coherence delta: 3.997
entropy spikes recorded: 35
Interpretation: ⚡ Volatility increasing — possible new cipher rule or paradigm shift detected.
==============================================
=== Forge Reflective Mind Insight — 2026-01-05 12:04:56.448736 ===
h1 trend: stable
h2 trend: stable
average coherence delta: 3.997
entropy spikes recorded: 36
Interpretation: ⚡ Volatility increasing — possible new cipher rule or paradigm shift detected.
==============================================
=== Forge Reflective Mind Insight — 2026-01-05 12:05:00.566648 ===
h1 trend: stable
h2 trend: stable
average coherence delta: 3.997
entropy spikes recorded: 37
Interpretation: ⚡ Volatility increasing — possible new cipher rule or paradigm shift detected.
==============================================
=== Forge Reflective Mind Insight — 2026-01-05 12:05:04.390784 ===
h1 trend: stable
h2 trend: stable
average coherence delta: 3.997
entropy spikes recorded: 38
Interpretation: ⚡ Volatility increasing — possible new cipher rule or paradigm shift detected.
==============================================
=== Forge Reflective Mind Insight — 2026-01-05 12:05:08.308651 ===
h1 trend: stable
h2 trend: stable
average coherence delta: 3.997
entropy spikes recorded: 39
Interpretation: ⚡ Volatility increasing — possible new cipher rule or paradigm shift detected.
==============================================
=== Forge Reflective Mind Insight — 2026-01-05 12:05:12.184551 ===
h1 trend: stable
h2 trend: stable
average coherence delta: 3.997
entropy spikes recorded: 40
Interpretation: ⚡ Volatility increasing — possible new cipher rule or paradigm shift detected.
==============================================
=== Forge Reflective Mind Insight — 2026-01-05 12:05:15.954932 ===
h1 trend: stable
h2 trend: stable
average coherence delta: 3.997
entropy spikes recorded: 41
Interpretation: ⚡ Volatility increasing — possible new cipher rule or paradigm shift detected.
==============================================
=== Forge Reflective Mind Insight — 2026-01-05 12:05:20.125796 ===
h1 trend: stable
h2 trend: stable
average coherence delta: 3.997
entropy spikes recorded: 42
Interpretation: ⚡ Volatility increasing — possible new cipher rule or paradigm shift detected.
==============================================
=== Forge Reflective Mind Insight — 2026-01-05 12:05:24.017883 ===
h1 trend: stable
h2 trend: stable
average coherence delta: 3.997
entropy spikes recorded: 43
Interpretation: ⚡ Volatility increasing — possible new cipher rule or paradigm shift detected.
==============================================
=== Forge Reflective Mind Insight — 2026-01-05 12:05:27.878562 ===
h1 trend: stable
h2 trend: stable
average coherence delta: 3.997
entropy spikes recorded: 44
Interpretation: ⚡ Volatility increasing — possible new cipher rule or paradigm shift detected.
==============================================
=== Forge Reflective Mind Insight — 2026-01-05 12:05:32.175289 ===
h1 trend: stable
h2 trend: stable
average coherence delta: 3.997
entropy spikes recorded: 45
Interpretation: ⚡ Volatility increasing — possible new cipher rule or paradigm shift detected.
==============================================
=== Forge Reflective Mind Insight — 2026-01-05 12:05:36.049895 ===
h1 trend: stable
h2 trend: stable
average coherence delta: 3.997
entropy spikes recorded: 46
Interpretation: ⚡ Volatility increasing — possible new cipher rule or paradigm shift detected.
==============================================
=== Forge Reflective Mind Insight — 2026-01-05 12:05:39.763944 ===
h1 trend: stable
h2 trend: stable
average coherence delta: 3.997
entropy spikes recorded: 47
Interpretation: ⚡ Volatility increasing — possible new cipher rule or paradigm shift detected.
==============================================
=== Forge Reflective Mind Insight — 2026-01-05 12:05:43.449920 ===
h1 trend: stable
h2 trend: stable
average coherence delta: 3.997
entropy spikes recorded: 48
Interpretation: ⚡ Volatility increasing — possible new cipher rule or paradigm shift detected.
==============================================
=== Forge Reflective Mind Insight — 2026-01-05 12:05:47.263909 ===
h1 trend: stable
h2 trend: stable
average coherence delta: 3.997
entropy spikes recorded: 49
Interpretation: ⚡ Volatility increasing — possible new cipher rule or paradigm shift detected.
==============================================
=== Forge Reflective Mind Insight — 2026-01-05 12:05:51.273645 ===
h1 trend: stable
h2 trend: stable
average coherence delta: 3.997
entropy spikes recorded: 50
Interpretation: ⚡ Volatility increasing — possible new cipher rule or paradigm shift detected.
==============================================
=== Forge Reflective Mind Insight — 2026-01-05 12:05:55.024207 ===
h1 trend: stable
h2 trend: stable
average coherence delta: 3.997
entropy spikes recorded: 51
Interpretation: ⚡ Volatility increasing — possible new cipher rule or paradigm shift detected.
==============================================
=== Forge Reflective Mind Insight — 2026-01-05 12:05:58.861418 ===
h1 trend: stable
h2 trend: stable
average coherence delta: 3.997
entropy spikes recorded: 52
Interpretation: ⚡ Volatility increasing — possible new cipher rule or paradigm shift detected.
==============================================
=== Forge Reflective Mind Insight — 2026-01-05 12:06:02.814982 ===
h1 trend: stable
h2 trend: stable
average coherence delta: 3.997
entropy spikes recorded: 53
Interpretation: ⚡ Volatility increasing — possible new cipher rule or paradigm shift detected.
==============================================
=== Forge Reflective Mind Insight — 2026-01-05 12:06:06.685746 ===
h1 trend: stable
h2 trend: stable
average coherence delta: 3.997
entropy spikes recorded: 54
Interpretation: ⚡ Volatility increasing — possible new cipher rule or paradigm shift detected.
==============================================
=== Forge Reflective Mind Insight — 2026-01-05 12:06:10.690309 ===
h1 trend: stable
h2 trend: stable
average coherence delta: 3.997
entropy spikes recorded: 55
Interpretation: ⚡ Volatility increasing — possible new cipher rule or paradigm shift detected.
==============================================
=== Forge Reflective Mind Insight — 2026-01-05 12:06:14.590163 ===
h1 trend: stable
h2 trend: stable
average coherence delta: 3.997
entropy spikes recorded: 56
Interpretation: ⚡ Volatility increasing — possible new cipher rule or paradigm shift detected.
==============================================
=== Forge Reflective Mind Insight — 2026-01-05 12:06:18.442541 ===
h1 trend: stable
h2 trend: stable
average coherence delta: 3.997
entropy spikes recorded: 57
Interpretation: ⚡ Volatility increasing — possible new cipher rule or paradigm shift detected.
==============================================
=== Forge Reflective Mind Insight — 2026-01-05 12:06:22.310188 ===
h1 trend: stable
h2 trend: stable
average coherence delta: 3.997
entropy spikes recorded: 58
Interpretation: ⚡ Volatility increasing — possible new cipher rule or paradigm shift detected.
==============================================
=== Forge Reflective Mind Insight — 2026-01-05 12:06:26.137314 ===
h1 trend: stable
h2 trend: stable
average coherence delta: 3.997
entropy spikes recorded: 59
Interpretation: ⚡ Volatility increasing — possible new cipher rule or paradigm shift detected.
==============================================
=== Forge Reflective Mind Insight — 2026-01-05 12:06:30.050694 ===
h1 trend: stable
h2 trend: stable
average coherence delta: 3.997
entropy spikes recorded: 60
Interpretation: ⚡ Volatility increasing — possible new cipher rule or paradigm shift detected.
==============================================
=== Forge Reflective Mind Insight — 2026-01-05 12:06:34.131888 ===
h1 trend: stable
h2 trend: stable
average coherence delta: 3.997
entropy spikes recorded: 61
Interpretation: ⚡ Volatility increasing — possible new cipher rule or paradigm shift detected.
==============================================
=== Forge Reflective Mind Insight — 2026-01-05 12:06:38.844732 ===
h1 trend: stable
h2 trend: stable
average coherence delta: 3.997
entropy spikes recorded: 62
Interpretation: ⚡ Volatility increasing — possible new cipher rule or paradigm shift detected.
==============================================
=== Forge Reflective Mind Insight — 2026-01-05 12:06:43.213076 ===
h1 trend: stable
h2 trend: stable
average coherence delta: 3.997
entropy spikes recorded: 63
Interpretation: ⚡ Volatility increasing — possible new cipher rule or paradigm shift detected.
==============================================
=== Forge Reflective Mind Insight — 2026-01-05 12:06:47.043516 ===
h1 trend: stable
h2 trend: stable
average coherence delta: 3.997
entropy spikes recorded: 64
Interpretation: ⚡ Volatility increasing — possible new cipher rule or paradigm shift detected.
==============================================
=== Forge Reflective Mind Insight — 2026-01-05 12:06:50.882846 ===
h1 trend: stable
h2 trend: stable
average coherence delta: 3.997
entropy spikes recorded: 65
Interpretation: ⚡ Volatility increasing — possible new cipher rule or paradigm shift detected.
==============================================
=== Forge Reflective Mind Insight — 2026-01-05 12:06:54.609596 ===
h1 trend: stable
h2 trend: stable
average coherence delta: 3.997
entropy spikes recorded: 66
Interpretation: ⚡ Volatility increasing — possible new cipher rule or paradigm shift detected.
==============================================
=== Forge Reflective Mind Insight — 2026-01-05 12:06:58.397059 ===
h1 trend: stable
h2 trend: stable
average coherence delta: 3.997
entropy spikes recorded: 67
Interpretation: ⚡ Volatility increasing — possible new cipher rule or paradigm shift detected.
==============================================
=== Forge Reflective Mind Insight — 2026-01-05 12:07:02.213130 ===
h1 trend: stable
h2 trend: stable
average coherence delta: 3.997
entropy spikes recorded: 68
Interpretation: ⚡ Volatility increasing — possible new cipher rule or paradigm shift detected.
==============================================
=== Forge Reflective Mind Insight — 2026-01-05 12:07:06.215054 ===
h1 trend: stable
h2 trend: stable
average coherence delta: 3.997
entropy spikes recorded: 69
Interpretation: ⚡ Volatility increasing — possible new cipher rule or paradigm shift detected.
==============================================
=== Forge Reflective Mind Insight — 2026-01-05 12:07:09.883998 ===
h1 trend: stable
h2 trend: stable
average coherence delta: 3.997
entropy spikes recorded: 70
Interpretation: ⚡ Volatility increasing — possible new cipher rule or paradigm shift detected.
==============================================
=== Forge Reflective Mind Insight — 2026-01-05 12:07:13.574669 ===
h1 trend: stable
h2 trend: stable
average coherence delta: 3.997
entropy spikes recorded: 71
Interpretation: ⚡ Volatility increasing — possible new cipher rule or paradigm shift detected.
==============================================
=== Forge Reflective Mind Insight — 2026-01-05 12:07:17.383468 ===
h1 trend: stable
h2 trend: stable
average coherence delta: 3.997
entropy spikes recorded: 72
Interpretation: ⚡ Volatility increasing — possible new cipher rule or paradigm shift detected.
==============================================
=== Forge Reflective Mind Insight — 2026-01-05 12:07:21.313855 ===
h1 trend: stable
h2 trend: stable
average coherence delta: 3.997
entropy spikes recorded: 73
Interpretation: ⚡ Volatility increasing — possible new cipher rule or paradigm shift detected.
==============================================
=== Forge Reflective Mind Insight — 2026-01-05 12:07:24.995525 ===
h1 trend: stable
h2 trend: stable
average coherence delta: 3.997
entropy spikes recorded: 74
Interpretation: ⚡ Volatility increasing — possible new cipher rule or paradigm shift detected.
==============================================
=== Forge Reflective Mind Insight — 2026-01-05 12:07:28.681702 ===
h1 trend: stable
h2 trend: stable
average coherence delta: 3.997
entropy spikes recorded: 75
Interpretation: ⚡ Volatility increasing — possible new cipher rule or paradigm shift detected.
==============================================
=== Forge Reflective Mind Insight — 2026-01-05 12:07:32.364194 ===
h1 trend: stable
h2 trend: stable
average coherence delta: 3.997
entropy spikes recorded: 76
Interpretation: ⚡ Volatility increasing — possible new cipher rule or paradigm shift detected.
==============================================
=== Forge Reflective Mind Insight — 2026-01-05 12:07:36.029635 ===
h1 trend: stable
h2 trend: stable
average coherence delta: 3.997
entropy spikes recorded: 77
Interpretation: ⚡ Volatility increasing — possible new cipher rule or paradigm shift detected.
==============================================
=== Forge Reflective Mind Insight — 2026-01-05 12:07:39.818734 ===
h1 trend: stable
h2 trend: stable
average coherence delta: 3.997
entropy spikes recorded: 78
Interpretation: ⚡ Volatility increasing — possible new cipher rule or paradigm shift detected.
==============================================
=== Forge Reflective Mind Insight — 2026-01-05 12:07:43.557342 ===
h1 trend: stable
h2 trend: stable
average coherence delta: 3.997
entropy spikes recorded: 79
Interpretation: ⚡ Volatility increasing — possible new cipher rule or paradigm shift detected.
==============================================
=== Forge Reflective Mind Insight — 2026-01-05 12:07:47.437134 ===
h1 trend: stable
h2 trend: stable
average coherence delta: 3.997
entropy spikes recorded: 80
Interpretation: ⚡ Volatility increasing — possible new cipher rule or paradigm shift detected.
==============================================
=== Forge Reflective Mind Insight — 2026-01-05 12:07:51.357469 ===
h1 trend: stable
h2 trend: stable
average coherence delta: 3.997
entropy spikes recorded: 81
Interpretation: ⚡ Volatility increasing — possible new cipher rule or paradigm shift detected.
==============================================
=== Forge Reflective Mind Insight — 2026-01-05 12:07:55.227558 ===
h1 trend: stable
h2 trend: stable
average coherence delta: 3.997
entropy spikes recorded: 82
Interpretation: ⚡ Volatility increasing — possible new cipher rule or paradigm shift detected.
==============================================
=== Forge Reflective Mind Insight — 2026-01-05 12:07:59.067594 ===
h1 trend: stable
h2 trend: stable
average coherence delta: 3.997
entropy spikes recorded: 83
Interpretation: ⚡ Volatility increasing — possible new cipher rule or paradigm shift detected.
==============================================
=== Forge Reflective Mind Insight — 2026-01-05 12:08:02.813838 ===
h1 trend: stable
h2 trend: stable
average coherence delta: 3.997
entropy spikes recorded: 84
Interpretation: ⚡ Volatility increasing — possible new cipher rule or paradigm shift detected.
==============================================
=== Forge Reflective Mind Insight — 2026-01-05 12:08:06.627429 ===
h1 trend: stable
h2 trend: stable
average coherence delta: 3.997
entropy spikes recorded: 85
Interpretation: ⚡ Volatility increasing — possible new cipher rule or paradigm shift detected.
==============================================
=== Forge Reflective Mind Insight — 2026-01-05 12:08:10.415420 ===
h1 trend: stable
h2 trend: stable
average coherence delta: 3.997
entropy spikes recorded: 86
Interpretation: ⚡ Volatility increasing — possible new cipher rule or paradigm shift detected.
==============================================
=== Forge Reflective Mind Insight — 2026-01-05 12:08:14.266442 ===
h1 trend: stable
h2 trend: stable
average coherence delta: 3.997
entropy spikes recorded: 87
Interpretation: ⚡ Volatility increasing — possible new cipher rule or paradigm shift detected.
==============================================
=== Forge Reflective Mind Insight — 2026-01-05 12:08:18.162157 ===
h1 trend: stable
h2 trend: stable
average coherence delta: 3.997
entropy spikes recorded: 88
Interpretation: ⚡ Volatility increasing — possible new cipher rule or paradigm shift detected.
==============================================
=== Forge Reflective Mind Insight — 2026-01-05 12:08:21.904403 ===
h1 trend: stable
h2 trend: stable
average coherence delta: 3.997
entropy spikes recorded: 89
Interpretation: ⚡ Volatility increasing — possible new cipher rule or paradigm shift detected.
==============================================
=== Forge Reflective Mind Insight — 2026-01-05 12:08:25.734446 ===
h1 trend: stable
h2 trend: stable
average coherence delta: 3.997
entropy spikes recorded: 90
Interpretation: ⚡ Volatility increasing — possible new cipher rule or paradigm shift detected.
==============================================
=== Forge Reflective Mind Insight — 2026-01-05 12:08:29.518957 ===
h1 trend: stable
h2 trend: stable
average coherence delta: 3.997
entropy spikes recorded: 91
Interpretation: ⚡ Volatility increasing — possible new cipher rule or paradigm shift detected.
==============================================
=== Forge Reflective Mind Insight — 2026-01-05 12:08:33.355435 ===
h1 trend: stable
h2 trend: stable
average coherence delta: 3.997
entropy spikes recorded: 92
Interpretation: ⚡ Volatility increasing — possible new cipher rule or paradigm shift detected.
==============================================
=== Forge Reflective Mind Insight — 2026-01-05 12:08:37.175397 ===
h1 trend: stable
h2 trend: stable
average coherence delta: 3.997
entropy spikes recorded: 93
Interpretation: ⚡ Volatility increasing — possible new cipher rule or paradigm shift detected.
==============================================
=== Forge Reflective Mind Insight — 2026-01-05 12:08:41.007545 ===
h1 trend: stable
h2 trend: stable
average coherence delta: 3.997
entropy spikes recorded: 94
Interpretation: ⚡ Volatility increasing — possible new cipher rule or paradigm shift detected.
==============================================
=== Forge Reflective Mind Insight — 2026-01-05 12:08:44.884023 ===
h1 trend: stable
h2 trend: stable
average coherence delta: 3.997
entropy spikes recorded: 95
Interpretation: ⚡ Volatility increasing — possible new cipher rule or paradigm shift detected.
==============================================
=== Forge Reflective Mind Insight — 2026-01-05 12:08:48.865388 ===
h1 trend: stable
h2 trend: stable
average coherence delta: 3.997
entropy spikes recorded: 96
Interpretation: ⚡ Volatility increasing — possible new cipher rule or paradigm shift detected.
==============================================
=== Forge Reflective Mind Insight — 2026-01-05 12:08:52.983196 ===
h1 trend: stable
h2 trend: stable
average coherence delta: 3.997
entropy spikes recorded: 97
Interpretation: ⚡ Volatility increasing — possible new cipher rule or paradigm shift detected.
==============================================
=== Forge Reflective Mind Insight — 2026-01-05 12:08:57.205009 ===
h1 trend: stable
h2 trend: stable
average coherence delta: 3.997
entropy spikes recorded: 98
Interpretation: ⚡ Volatility increasing — possible new cipher rule or paradigm shift detected.
==============================================
=== Forge Reflective Mind Insight — 2026-01-05 12:09:01.715725 ===
h1 trend: stable
h2 trend: stable
average coherence delta: 3.997
entropy spikes recorded: 99
Interpretation: ⚡ Volatility increasing — possible new cipher rule or paradigm shift detected.
==============================================
=== Forge Reflective Mind Insight — 2026-01-05 12:09:05.714240 ===
h1 trend: stable
h2 trend: stable
average coherence delta: 3.997
entropy spikes recorded: 100
Interpretation: ⚡ Volatility increasing — possible new cipher rule or paradigm shift detected.
==============================================
=== Forge Reflective Mind Insight — 2026-01-05 12:09:09.448705 ===
h1 trend: stable
h2 trend: stable
average coherence delta: 3.997
entropy spikes recorded: 101
Interpretation: ⚡ Volatility increasing — possible new cipher rule or paradigm shift detected.
==============================================
=== Forge Reflective Mind Insight — 2026-01-05 12:09:13.187890 ===
h1 trend: stable
h2 trend: stable
average coherence delta: 3.997
entropy spikes recorded: 102
Interpretation: ⚡ Volatility increasing — possible new cipher rule or paradigm shift detected.
==============================================
=== Forge Reflective Mind Insight — 2026-01-05 12:09:16.846997 ===
h1 trend: stable
h2 trend: stable
average coherence delta: 3.997
entropy spikes recorded: 103
Interpretation: ⚡ Volatility increasing — possible new cipher rule or paradigm shift detected.
==============================================
=== Forge Reflective Mind Insight — 2026-01-05 12:09:20.536361 ===
h1 trend: stable
h2 trend: stable
average coherence delta: 3.997
entropy spikes recorded: 104
Interpretation: ⚡ Volatility increasing — possible new cipher rule or paradigm shift detected.
==============================================
=== Forge Reflective Mind Insight — 2026-01-05 12:09:24.261266 ===
h1 trend: stable
h2 trend: stable
average coherence delta: 3.997
entropy spikes recorded: 105
Interpretation: ⚡ Volatility increasing — possible new cipher rule or paradigm shift detected.
==============================================
=== Forge Reflective Mind Insight — 2026-01-05 12:09:27.964383 ===
h1 trend: stable
h2 trend: stable
average coherence delta: 3.997
entropy spikes recorded: 106
Interpretation: ⚡ Volatility increasing — possible new cipher rule or paradigm shift detected.
==============================================
=== Forge Reflective Mind Insight — 2026-01-05 12:09:31.659358 ===
h1 trend: stable
h2 trend: stable
average coherence delta: 3.997
entropy spikes recorded: 107
Interpretation: ⚡ Volatility increasing — possible new cipher rule or paradigm shift detected.
==============================================
=== Forge Reflective Mind Insight — 2026-01-05 12:09:35.348773 ===
h1 trend: stable
h2 trend: stable
average coherence delta: 3.997
entropy spikes recorded: 108
Interpretation: ⚡ Volatility increasing — possible new cipher rule or paradigm shift detected.
==============================================
=== Forge Reflective Mind Insight — 2026-01-05 12:09:39.314865 ===
h1 trend: stable
h2 trend: stable
average coherence delta: 3.997
entropy spikes recorded: 109
Interpretation: ⚡ Volatility increasing — possible new cipher rule or paradigm shift detected.
==============================================
=== Forge Reflective Mind Insight — 2026-01-05 12:09:43.097801 ===
h1 trend: stable
h2 trend: stable
average coherence delta: 3.997
entropy spikes recorded: 110
Interpretation: ⚡ Volatility increasing — possible new cipher rule or paradigm shift detected.
==============================================
=== Forge Reflective Mind Insight — 2026-01-05 12:09:47.234350 ===
h1 trend: stable
h2 trend: stable
average coherence delta: 3.997
entropy spikes recorded: 111
Interpretation: ⚡ Volatility increasing — possible new cipher rule or paradigm shift detected.
==============================================
=== Forge Reflective Mind Insight — 2026-01-05 12:09:50.953363 ===
h1 trend: stable
h2 trend: stable
average coherence delta: 3.997
entropy spikes recorded: 112
Interpretation: ⚡ Volatility increasing — possible new cipher rule or paradigm shift detected.
==============================================
=== Forge Reflective Mind Insight — 2026-01-05 12:09:54.649823 ===
h1 trend: stable
h2 trend: stable
average coherence delta: 3.997
entropy spikes recorded: 113
Interpretation: ⚡ Volatility increasing — possible new cipher rule or paradigm shift detected.
==============================================
=== Forge Reflective Mind Insight — 2026-01-05 12:09:58.461794 ===
h1 trend: stable
h2 trend: stable
average coherence delta: 3.997
entropy spikes recorded: 114
Interpretation: ⚡ Volatility increasing — possible new cipher rule or paradigm shift detected.
==============================================
=== Forge Reflective Mind Insight — 2026-01-05 12:10:02.349571 ===
h1 trend: stable
h2 trend: stable
average coherence delta: 3.997
entropy spikes recorded: 115
Interpretation: ⚡ Volatility increasing — possible new cipher rule or paradigm shift detected.
==============================================
=== Forge Reflective Mind Insight — 2026-01-05 12:10:06.059645 ===
h1 trend: stable
h2 trend: stable
average coherence delta: 3.997
entropy spikes recorded: 116
Interpretation: ⚡ Volatility increasing — possible new cipher rule or paradigm shift detected.
==============================================
=== Forge Reflective Mind Insight — 2026-01-05 12:10:10.051515 ===
h1 trend: stable
h2 trend: stable
average coherence delta: 3.997
entropy spikes recorded: 117
Interpretation: ⚡ Volatility increasing — possible new cipher rule or paradigm shift detected.
==============================================
=== Forge Reflective Mind Insight — 2026-01-05 12:10:13.844549 ===
h1 trend: stable
h2 trend: stable
average coherence delta: 3.997
entropy spikes recorded: 118
Interpretation: ⚡ Volatility increasing — possible new cipher rule or paradigm shift detected.
==============================================
=== Forge Reflective Mind Insight — 2026-01-05 12:10:17.626405 ===
h1 trend: stable
h2 trend: stable
average coherence delta: 3.997
entropy spikes recorded: 119
Interpretation: ⚡ Volatility increasing — possible new cipher rule or paradigm shift detected.
==============================================
=== Forge Reflective Mind Insight — 2026-01-05 12:10:21.501073 ===
h1 trend: stable
h2 trend: stable
average coherence delta: 3.997
entropy spikes recorded: 120
Interpretation: ⚡ Volatility increasing — possible new cipher rule or paradigm shift detected.
==============================================
=== Forge Reflective Mind Insight — 2026-01-05 12:10:25.244448 ===
h1 trend: stable
h2 trend: stable
average coherence delta: 3.997
entropy spikes recorded: 121
Interpretation: ⚡ Volatility increasing — possible new cipher rule or paradigm shift detected.
==============================================
=== Forge Reflective Mind Insight — 2026-01-05 12:10:29.013049 ===
h1 trend: stable
h2 trend: stable
average coherence delta: 3.997
entropy spikes recorded: 122
Interpretation: ⚡ Volatility increasing — possible new cipher rule or paradigm shift detected.
==============================================
=== Forge Reflective Mind Insight — 2026-01-05 12:10:32.697251 ===
h1 trend: stable
h2 trend: stable
average coherence delta: 3.997
entropy spikes recorded: 123
Interpretation: ⚡ Volatility increasing — possible new cipher rule or paradigm shift detected.
==============================================
=== Forge Reflective Mind Insight — 2026-01-05 12:10:36.538320 ===
h1 trend: stable
h2 trend: stable
average coherence delta: 3.997
entropy spikes recorded: 124
Interpretation: ⚡ Volatility increasing — possible new cipher rule or paradigm shift detected.
==============================================
=== Forge Reflective Mind Insight — 2026-01-05 12:10:40.436517 ===
h1 trend: stable
h2 trend: stable
average coherence delta: 3.997
entropy spikes recorded: 125
Interpretation: ⚡ Volatility increasing — possible new cipher rule or paradigm shift detected.
==============================================
=== Forge Reflective Mind Insight — 2026-01-05 12:10:44.246296 ===
h1 trend: stable
h2 trend: stable
average coherence delta: 3.997
entropy spikes recorded: 126
Interpretation: ⚡ Volatility increasing — possible new cipher rule or paradigm shift detected.
==============================================
=== Forge Reflective Mind Insight — 2026-01-05 12:10:48.314952 ===
h1 trend: stable
h2 trend: stable
average coherence delta: 3.997
entropy spikes recorded: 127
Interpretation: ⚡ Volatility increasing — possible new cipher rule or paradigm shift detected.
==============================================
=== Forge Reflective Mind Insight — 2026-01-05 12:10:52.514343 ===
h1 trend: stable
h2 trend: stable
average coherence delta: 3.997
entropy spikes recorded: 128
Interpretation: ⚡ Volatility increasing — possible new cipher rule or paradigm shift detected.
==============================================
=== Forge Reflective Mind Insight — 2026-01-05 12:10:56.317985 ===
h1 trend: stable
h2 trend: stable
average coherence delta: 3.997
entropy spikes recorded: 129
Interpretation: ⚡ Volatility increasing — possible new cipher rule or paradigm shift detected.
==============================================
=== Forge Reflective Mind Insight — 2026-01-05 12:11:00.061808 ===
h1 trend: stable
h2 trend: stable
average coherence delta: 3.997
entropy spikes recorded: 130
Interpretation: ⚡ Volatility increasing — possible new cipher rule or paradigm shift detected.
==============================================
=== Forge Reflective Mind Insight — 2026-01-05 12:11:03.773980 ===
h1 trend: stable
h2 trend: stable
average coherence delta: 3.997
entropy spikes recorded: 131
Interpretation: ⚡ Volatility increasing — possible new cipher rule or paradigm shift detected.
==============================================
=== Forge Reflective Mind Insight — 2026-01-05 12:11:07.503101 ===
h1 trend: stable
h2 trend: stable
average coherence delta: 3.997
entropy spikes recorded: 132
Interpretation: ⚡ Volatility increasing — possible new cipher rule or paradigm shift detected.
==============================================
=== Forge Reflective Mind Insight — 2026-01-05 12:11:11.345858 ===
h1 trend: stable
h2 trend: stable
average coherence delta: 3.997
entropy spikes recorded: 133
Interpretation: ⚡ Volatility increasing — possible new cipher rule or paradigm shift detected.
==============================================
=== Forge Reflective Mind Insight — 2026-01-05 12:11:15.078688 ===
h1 trend: stable
h2 trend: stable
average coherence delta: 3.997
entropy spikes recorded: 134
Interpretation: ⚡ Volatility increasing — possible new cipher rule or paradigm shift detected.
==============================================
=== Forge Reflective Mind Insight — 2026-01-05 12:11:19.161573 ===
h1 trend: stable
h2 trend: stable
average coherence delta: 3.997
entropy spikes recorded: 135
Interpretation: ⚡ Volatility increasing — possible new cipher rule or paradigm shift detected.
==============================================
=== Forge Reflective Mind Insight — 2026-01-05 12:11:23.186481 ===
h1 trend: stable
h2 trend: stable
average coherence delta: 3.997
entropy spikes recorded: 136
Interpretation: ⚡ Volatility increasing — possible new cipher rule or paradigm shift detected.
==============================================
=== Forge Reflective Mind Insight — 2026-01-05 12:11:27.138895 ===
h1 trend: stable
h2 trend: stable
average coherence delta: 3.997
entropy spikes recorded: 137
Interpretation: ⚡ Volatility increasing — possible new cipher rule or paradigm shift detected.
==============================================
=== Forge Reflective Mind Insight — 2026-01-05 12:11:30.972555 ===
h1 trend: stable
h2 trend: stable
average coherence delta: 3.997
entropy spikes recorded: 138
Interpretation: ⚡ Volatility increasing — possible new cipher rule or paradigm shift detected.
==============================================
=== Forge Reflective Mind Insight — 2026-01-05 12:11:34.761981 ===
h1 trend: stable
h2 trend: stable
average coherence delta: 3.997
entropy spikes recorded: 139
Interpretation: ⚡ Volatility increasing — possible new cipher rule or paradigm shift detected.
==============================================
=== Forge Reflective Mind Insight — 2026-01-05 12:11:38.760517 ===
h1 trend: stable
h2 trend: stable
average coherence delta: 3.997
entropy spikes recorded: 140
Interpretation: ⚡ Volatility increasing — possible new cipher rule or paradigm shift detected.
==============================================
=== Forge Reflective Mind Insight — 2026-01-05 12:11:42.693792 ===
h1 trend: stable
h2 trend: stable
average coherence delta: 3.997
entropy spikes recorded: 141
Interpretation: ⚡ Volatility increasing — possible new cipher rule or paradigm shift detected.
==============================================
=== Forge Reflective Mind Insight — 2026-01-05 12:11:47.015257 ===
h1 trend: stable
h2 trend: stable
average coherence delta: 3.997
entropy spikes recorded: 142
Interpretation: ⚡ Volatility increasing — possible new cipher rule or paradigm shift detected.
==============================================
=== Forge Reflective Mind Insight — 2026-01-05 12:11:50.871114 ===
h1 trend: stable
h2 trend: stable
average coherence delta: 3.997
entropy spikes recorded: 143
Interpretation: ⚡ Volatility increasing — possible new cipher rule or paradigm shift detected.
==============================================
=== Forge Reflective Mind Insight — 2026-01-05 12:11:54.737286 ===
h1 trend: stable
h2 trend: stable
average coherence delta: 3.997
entropy spikes recorded: 144
Interpretation: ⚡ Volatility increasing — possible new cipher rule or paradigm shift detected.
==============================================
=== Forge Reflective Mind Insight — 2026-01-05 12:11:58.543703 ===
h1 trend: stable
h2 trend: stable
average coherence delta: 3.997
entropy spikes recorded: 145
Interpretation: ⚡ Volatility increasing — possible new cipher rule or paradigm shift detected.
==============================================
=== Forge Reflective Mind Insight — 2026-01-05 12:12:02.267636 ===
h1 trend: stable
h2 trend: stable
average coherence delta: 3.997
entropy spikes recorded: 146
Interpretation: ⚡ Volatility increasing — possible new cipher rule or paradigm shift detected.
==============================================
=== Forge Reflective Mind Insight — 2026-01-05 12:12:06.146048 ===
h1 trend: stable
h2 trend: stable
average coherence delta: 3.997
entropy spikes recorded: 147
Interpretation: ⚡ Volatility increasing — possible new cipher rule or paradigm shift detected.
==============================================
=== Forge Reflective Mind Insight — 2026-01-05 12:12:09.929223 ===
h1 trend: stable
h2 trend: stable
average coherence delta: 3.997
entropy spikes recorded: 148
Interpretation: ⚡ Volatility increasing — possible new cipher rule or paradigm shift detected.
==============================================
=== Forge Reflective Mind Insight — 2026-01-05 12:12:14.152562 ===
h1 trend: stable
h2 trend: stable
average coherence delta: 3.997
entropy spikes recorded: 149
Interpretation: ⚡ Volatility increasing — possible new cipher rule or paradigm shift detected.
==============================================
=== Forge Reflective Mind Insight — 2026-01-05 12:12:18.229542 ===
h1 trend: stable
h2 trend: stable
average coherence delta: 3.997
entropy spikes recorded: 150
Interpretation: ⚡ Volatility increasing — possible new cipher rule or paradigm shift detected.
==============================================
=== Forge Reflective Mind Insight — 2026-01-05 12:12:22.447922 ===
h1 trend: stable
h2 trend: stable
average coherence delta: 3.997
entropy spikes recorded: 151
Interpretation: ⚡ Volatility increasing — possible new cipher rule or paradigm shift detected.
==============================================
=== Forge Reflective Mind Insight — 2026-01-05 12:12:26.408791 ===
h1 trend: stable
h2 trend: stable
average coherence delta: 3.997
entropy spikes recorded: 152
Interpretation: ⚡ Volatility increasing — possible new cipher rule or paradigm shift detected.
==============================================
=== Forge Reflective Mind Insight — 2026-01-05 12:12:30.554208 ===
h1 trend: stable
h2 trend: stable
average coherence delta: 3.997
entropy spikes recorded: 153
Interpretation: ⚡ Volatility increasing — possible new cipher rule or paradigm shift detected.
==============================================
=== Forge Reflective Mind Insight — 2026-01-05 12:12:34.285195 ===
h1 trend: stable
h2 trend: stable
average coherence delta: 3.997
entropy spikes recorded: 154
Interpretation: ⚡ Volatility increasing — possible new cipher rule or paradigm shift detected.
==============================================
=== Forge Reflective Mind Insight — 2026-01-05 12:12:38.123170 ===
h1 trend: stable
h2 trend: stable
average coherence delta: 3.997
entropy spikes recorded: 155
Interpretation: ⚡ Volatility increasing — possible new cipher rule or paradigm shift detected.
==============================================
=== Forge Reflective Mind Insight — 2026-01-05 12:12:41.784355 ===
h1 trend: stable
h2 trend: stable
average coherence delta: 3.997
entropy spikes recorded: 156
Interpretation: ⚡ Volatility increasing — possible new cipher rule or paradigm shift detected.
==============================================
=== Forge Reflective Mind Insight — 2026-01-05 12:12:45.475844 ===
h1 trend: stable
h2 trend: stable
average coherence delta: 3.997
entropy spikes recorded: 157
Interpretation: ⚡ Volatility increasing — possible new cipher rule or paradigm shift detected.
==============================================
=== Forge Reflective Mind Insight — 2026-01-05 12:12:49.153542 ===
h1 trend: stable
h2 trend: stable
average coherence delta: 3.997
entropy spikes recorded: 158
Interpretation: ⚡ Volatility increasing — possible new cipher rule or paradigm shift detected.
==============================================
=== Forge Reflective Mind Insight — 2026-01-05 12:12:52.933877 ===
h1 trend: stable
h2 trend: stable
average coherence delta: 3.997
entropy spikes recorded: 159
Interpretation: ⚡ Volatility increasing — possible new cipher rule or paradigm shift detected.
==============================================
=== Forge Reflective Mind Insight — 2026-01-05 12:12:56.883499 ===
h1 trend: stable
h2 trend: stable
average coherence delta: 3.997
entropy spikes recorded: 160
Interpretation: ⚡ Volatility increasing — possible new cipher rule or paradigm shift detected.
==============================================
=== Forge Reflective Mind Insight — 2026-01-05 12:13:00.682116 ===
h1 trend: stable
h2 trend: stable
average coherence delta: 3.997
entropy spikes recorded: 161
Interpretation: ⚡ Volatility increasing — possible new cipher rule or paradigm shift detected.
==============================================
=== Forge Reflective Mind Insight — 2026-01-05 12:13:04.405052 ===
h1 trend: stable
h2 trend: stable
average coherence delta: 3.997
entropy spikes recorded: 162
Interpretation: ⚡ Volatility increasing — possible new cipher rule or paradigm shift detected.
==============================================
=== Forge Reflective Mind Insight — 2026-01-05 12:13:08.241916 ===
h1 trend: stable
h2 trend: stable
average coherence delta: 3.997
entropy spikes recorded: 163
Interpretation: ⚡ Volatility increasing — possible new cipher rule or paradigm shift detected.
==============================================
=== Forge Reflective Mind Insight — 2026-01-05 12:13:12.072307 ===
h1 trend: stable
h2 trend: stable
average coherence delta: 3.997
entropy spikes recorded: 164
Interpretation: ⚡ Volatility increasing — possible new cipher rule or paradigm shift detected.
==============================================
=== Forge Reflective Mind Insight — 2026-01-05 12:13:16.043616 ===
h1 trend: stable
h2 trend: stable
average coherence delta: 3.997
entropy spikes recorded: 165
Interpretation: ⚡ Volatility increasing — possible new cipher rule or paradigm shift detected.
==============================================
=== Forge Reflective Mind Insight — 2026-01-05 12:13:20.238270 ===
h1 trend: stable
h2 trend: stable
average coherence delta: 3.997
entropy spikes recorded: 166
Interpretation: ⚡ Volatility increasing — possible new cipher rule or paradigm shift detected.
==============================================
=== Forge Reflective Mind Insight — 2026-01-05 12:13:24.026065 ===
h1 trend: stable
h2 trend: stable
average coherence delta: 3.997
entropy spikes recorded: 167
Interpretation: ⚡ Volatility increasing — possible new cipher rule or paradigm shift detected.
==============================================
=== Forge Reflective Mind Insight — 2026-01-05 12:13:27.984172 ===
h1 trend: stable
h2 trend: stable
average coherence delta: 3.997
entropy spikes recorded: 168
Interpretation: ⚡ Volatility increasing — possible new cipher rule or paradigm shift detected.
==============================================
=== Forge Reflective Mind Insight — 2026-01-05 12:13:34.676900 ===
h1 trend: stable
h2 trend: stable
average coherence delta: 3.997
entropy spikes recorded: 169
Interpretation: ⚡ Volatility increasing — possible new cipher rule or paradigm shift detected.
==============================================
=== Forge Reflective Mind Insight — 2026-01-05 12:13:38.656376 ===
h1 trend: stable
h2 trend: stable
average coherence delta: 3.997
entropy spikes recorded: 170
Interpretation: ⚡ Volatility increasing — possible new cipher rule or paradigm shift detected.
==============================================
=== Forge Reflective Mind Insight — 2026-01-05 12:13:43.356968 ===
h1 trend: stable
h2 trend: stable
average coherence delta: 3.997
entropy spikes recorded: 171
Interpretation: ⚡ Volatility increasing — possible new cipher rule or paradigm shift detected.
==============================================
=== Forge Reflective Mind Insight — 2026-01-05 12:13:48.555266 ===
h1 trend: stable
h2 trend: stable
average coherence delta: 3.997
entropy spikes recorded: 172
Interpretation: ⚡ Volatility increasing — possible new cipher rule or paradigm shift detected.
==============================================
=== Forge Reflective Mind Insight — 2026-01-05 12:13:53.598101 ===
h1 trend: stable
h2 trend: stable
average coherence delta: 3.997
entropy spikes recorded: 173
Interpretation: ⚡ Volatility increasing — possible new cipher rule or paradigm shift detected.
==============================================
=== Forge Reflective Mind Insight — 2026-01-05 12:13:57.292960 ===
h1 trend: stable
h2 trend: stable
average coherence delta: 3.997
entropy spikes recorded: 174
Interpretation: ⚡ Volatility increasing — possible new cipher rule or paradigm shift detected.
==============================================
=== Forge Reflective Mind Insight — 2026-01-05 12:14:01.233295 ===
h1 trend: stable
h2 trend: stable
average coherence delta: 3.997
entropy spikes recorded: 175
Interpretation: ⚡ Volatility increasing — possible new cipher rule or paradigm shift detected.
==============================================
=== Forge Reflective Mind Insight — 2026-01-05 12:14:05.393279 ===
h1 trend: stable
h2 trend: stable
average coherence delta: 3.997
entropy spikes recorded: 176
Interpretation: ⚡ Volatility increasing — possible new cipher rule or paradigm shift detected.
==============================================
=== Forge Reflective Mind Insight — 2026-01-05 12:14:09.373233 ===
h1 trend: stable
h2 trend: stable
average coherence delta: 3.997
entropy spikes recorded: 177
Interpretation: ⚡ Volatility increasing — possible new cipher rule or paradigm shift detected.
==============================================
=== Forge Reflective Mind Insight — 2026-01-05 12:14:13.350168 ===
h1 trend: stable
h2 trend: stable
average coherence delta: 3.997
entropy spikes recorded: 178
Interpretation: ⚡ Volatility increasing — possible new cipher rule or paradigm shift detected.
==============================================
=== Forge Reflective Mind Insight — 2026-01-05 12:14:17.311807 ===
h1 trend: stable
h2 trend: stable
average coherence delta: 3.997
entropy spikes recorded: 179
Interpretation: ⚡ Volatility increasing — possible new cipher rule or paradigm shift detected.
==============================================
=== Forge Reflective Mind Insight — 2026-01-05 12:14:21.962553 ===
h1 trend: stable
h2 trend: stable
average coherence delta: 3.997
entropy spikes recorded: 180
Interpretation: ⚡ Volatility increasing — possible new cipher rule or paradigm shift detected.
==============================================
=== Forge Reflective Mind Insight — 2026-01-05 12:14:25.839707 ===
h1 trend: stable
h2 trend: stable
average coherence delta: 3.997
entropy spikes recorded: 181
Interpretation: ⚡ Volatility increasing — possible new cipher rule or paradigm shift detected.
==============================================
=== Forge Reflective Mind Insight — 2026-01-05 12:14:29.620982 ===
h1 trend: stable
h2 trend: stable
average coherence delta: 3.997
entropy spikes recorded: 182
Interpretation: ⚡ Volatility increasing — possible new cipher rule or paradigm shift detected.
==============================================
=== Forge Reflective Mind Insight — 2026-01-05 12:14:33.693558 ===
h1 trend: stable
h2 trend: stable
average coherence delta: 3.997
entropy spikes recorded: 183
Interpretation: ⚡ Volatility increasing — possible new cipher rule or paradigm shift detected.
==============================================
=== Forge Reflective Mind Insight — 2026-01-05 12:14:37.547255 ===
h1 trend: stable
h2 trend: stable
average coherence delta: 3.997
entropy spikes recorded: 184
Interpretation: ⚡ Volatility increasing — possible new cipher rule or paradigm shift detected.
==============================================
=== Forge Reflective Mind Insight — 2026-01-05 12:14:42.384700 ===
h1 trend: stable
h2 trend: stable
average coherence delta: 3.997
entropy spikes recorded: 185
Interpretation: ⚡ Volatility increasing — possible new cipher rule or paradigm shift detected.
==============================================
=== Forge Reflective Mind Insight — 2026-01-05 12:14:46.463620 ===
h1 trend: stable
h2 trend: stable
average coherence delta: 3.997
entropy spikes recorded: 186
Interpretation: ⚡ Volatility increasing — possible new cipher rule or paradigm shift detected.
==============================================
=== Forge Reflective Mind Insight — 2026-01-05 12:14:50.383045 ===
h1 trend: stable
h2 trend: stable
average coherence delta: 3.997
entropy spikes recorded: 187
Interpretation: ⚡ Volatility increasing — possible new cipher rule or paradigm shift detected.
==============================================
=== Forge Reflective Mind Insight — 2026-01-05 12:14:54.218398 ===
h1 trend: stable
h2 trend: stable
average coherence delta: 3.997
entropy spikes recorded: 188
Interpretation: ⚡ Volatility increasing — possible new cipher rule or paradigm shift detected.
==============================================
=== Forge Reflective Mind Insight — 2026-01-05 12:14:58.263542 ===
h1 trend: stable
h2 trend: stable
average coherence delta: 3.997
entropy spikes recorded: 189
Interpretation: ⚡ Volatility increasing — possible new cipher rule or paradigm shift detected.
==============================================
=== Forge Reflective Mind Insight — 2026-01-05 12:15:02.312638 ===
h1 trend: stable
h2 trend: stable
average coherence delta: 3.997
entropy spikes recorded: 190
Interpretation: ⚡ Volatility increasing — possible new cipher rule or paradigm shift detected.
==============================================
=== Forge Reflective Mind Insight — 2026-01-05 12:15:06.524851 ===
h1 trend: stable
h2 trend: stable
average coherence delta: 3.997
entropy spikes recorded: 191
Interpretation: ⚡ Volatility increasing — possible new cipher rule or paradigm shift detected.
==============================================
=== Forge Reflective Mind Insight — 2026-01-05 12:15:10.263541 ===
h1 trend: stable
h2 trend: stable
average coherence delta: 3.997
entropy spikes recorded: 192
Interpretation: ⚡ Volatility increasing — possible new cipher rule or paradigm shift detected.
==============================================
=== Forge Reflective Mind Insight — 2026-01-05 12:15:14.109512 ===
h1 trend: stable
h2 trend: stable
average coherence delta: 3.997
entropy spikes recorded: 193
Interpretation: ⚡ Volatility increasing — possible new cipher rule or paradigm shift detected.
==============================================
=== Forge Reflective Mind Insight — 2026-01-05 12:15:18.122723 ===
h1 trend: stable
h2 trend: stable
average coherence delta: 3.997
entropy spikes recorded: 194
Interpretation: ⚡ Volatility increasing — possible new cipher rule or paradigm shift detected.
==============================================
=== Forge Reflective Mind Insight — 2026-01-05 12:15:23.812034 ===
h1 trend: stable
h2 trend: stable
average coherence delta: 3.997
entropy spikes recorded: 195
Interpretation: ⚡ Volatility increasing — possible new cipher rule or paradigm shift detected.
==============================================
=== Forge Reflective Mind Insight — 2026-01-05 12:15:28.144274 ===
h1 trend: stable
h2 trend: stable
average coherence delta: 3.997
entropy spikes recorded: 196
Interpretation: ⚡ Volatility increasing — possible new cipher rule or paradigm shift detected.
==============================================
=== Forge Reflective Mind Insight — 2026-01-05 12:15:32.407771 ===
h1 trend: stable
h2 trend: stable
average coherence delta: 3.997
entropy spikes recorded: 197
Interpretation: ⚡ Volatility increasing — possible new cipher rule or paradigm shift detected.
==============================================
=== Forge Reflective Mind Insight — 2026-01-05 12:15:36.308694 ===
h1 trend: stable
h2 trend: stable
average coherence delta: 3.997
entropy spikes recorded: 198
Interpretation: ⚡ Volatility increasing — possible new cipher rule or paradigm shift detected.
==============================================
=== Forge Reflective Mind Insight — 2026-01-05 12:15:40.415115 ===
h1 trend: stable
h2 trend: stable
average coherence delta: 3.997
entropy spikes recorded: 199
Interpretation: ⚡ Volatility increasing — possible new cipher rule or paradigm shift detected.
==============================================
=== Forge Reflective Mind Insight — 2026-01-05 12:15:44.207162 ===
h1 trend: stable
h2 trend: stable
average coherence delta: 3.997
entropy spikes recorded: 200
Interpretation: ⚡ Volatility increasing — possible new cipher rule or paradigm shift detected.
==============================================
=== Forge Reflective Mind Insight — 2026-01-05 12:15:47.988524 ===
h1 trend: stable
h2 trend: stable
average coherence delta: 3.997
entropy spikes recorded: 201
Interpretation: ⚡ Volatility increasing — possible new cipher rule or paradigm shift detected.
==============================================
=== Forge Reflective Mind Insight — 2026-01-05 12:15:52.123315 ===
h1 trend: stable
h2 trend: stable
average coherence delta: 3.997
entropy spikes recorded: 202
Interpretation: ⚡ Volatility increasing — possible new cipher rule or paradigm shift detected.
==============================================
=== Forge Reflective Mind Insight — 2026-01-05 12:15:55.884081 ===
h1 trend: stable
h2 trend: stable
average coherence delta: 3.997
entropy spikes recorded: 203
Interpretation: ⚡ Volatility increasing — possible new cipher rule or paradigm shift detected.
==============================================
=== Forge Reflective Mind Insight — 2026-01-05 12:15:59.924534 ===
h1 trend: stable
h2 trend: stable
average coherence delta: 3.997
entropy spikes recorded: 204
Interpretation: ⚡ Volatility increasing — possible new cipher rule or paradigm shift detected.
==============================================
=== Forge Reflective Mind Insight — 2026-01-05 12:16:03.660833 ===
h1 trend: stable
h2 trend: stable
average coherence delta: 3.997
entropy spikes recorded: 205
Interpretation: ⚡ Volatility increasing — possible new cipher rule or paradigm shift detected.
==============================================
=== Forge Reflective Mind Insight — 2026-01-05 12:16:07.657551 ===
h1 trend: stable
h2 trend: stable
average coherence delta: 3.997
entropy spikes recorded: 206
Interpretation: ⚡ Volatility increasing — possible new cipher rule or paradigm shift detected.
==============================================
=== Forge Reflective Mind Insight — 2026-01-05 12:16:11.699349 ===
h1 trend: stable
h2 trend: stable
average coherence delta: 3.997
entropy spikes recorded: 207
Interpretation: ⚡ Volatility increasing — possible new cipher rule or paradigm shift detected.
==============================================
=== Forge Reflective Mind Insight — 2026-01-05 12:16:15.436829 ===
h1 trend: stable
h2 trend: stable
average coherence delta: 3.997
entropy spikes recorded: 208
Interpretation: ⚡ Volatility increasing — possible new cipher rule or paradigm shift detected.
==============================================
=== Forge Reflective Mind Insight — 2026-01-05 12:16:19.301667 ===
h1 trend: stable
h2 trend: stable
average coherence delta: 3.997
entropy spikes recorded: 209
Interpretation: ⚡ Volatility increasing — possible new cipher rule or paradigm shift detected.
==============================================
=== Forge Reflective Mind Insight — 2026-01-05 12:16:23.251243 ===
h1 trend: stable
h2 trend: stable
average coherence delta: 3.997
entropy spikes recorded: 210
Interpretation: ⚡ Volatility increasing — possible new cipher rule or paradigm shift detected.
==============================================
=== Forge Reflective Mind Insight — 2026-01-05 12:16:27.462515 ===
h1 trend: stable
h2 trend: stable
average coherence delta: 3.997
entropy spikes recorded: 211
Interpretation: ⚡ Volatility increasing — possible new cipher rule or paradigm shift detected.
==============================================
=== Forge Reflective Mind Insight — 2026-01-05 12:16:31.490048 ===
h1 trend: stable
h2 trend: stable
average coherence delta: 3.997
entropy spikes recorded: 212
Interpretation: ⚡ Volatility increasing — possible new cipher rule or paradigm shift detected.
==============================================
=== Forge Reflective Mind Insight — 2026-01-05 12:16:35.362970 ===
h1 trend: stable
h2 trend: stable
average coherence delta: 3.997
entropy spikes recorded: 213
Interpretation: ⚡ Volatility increasing — possible new cipher rule or paradigm shift detected.
==============================================
=== Forge Reflective Mind Insight — 2026-01-05 12:16:39.499627 ===
h1 trend: stable
h2 trend: stable
average coherence delta: 3.997
entropy spikes recorded: 214
Interpretation: ⚡ Volatility increasing — possible new cipher rule or paradigm shift detected.
==============================================
=== Forge Reflective Mind Insight — 2026-01-05 12:16:43.540835 ===
h1 trend: stable
h2 trend: stable
average coherence delta: 3.997
entropy spikes recorded: 215
Interpretation: ⚡ Volatility increasing — possible new cipher rule or paradigm shift detected.
==============================================
=== Forge Reflective Mind Insight — 2026-01-05 12:16:47.382978 ===
h1 trend: stable
h2 trend: stable
average coherence delta: 3.997
entropy spikes recorded: 216
Interpretation: ⚡ Volatility increasing — possible new cipher rule or paradigm shift detected.
==============================================
=== Forge Reflective Mind Insight — 2026-01-05 12:16:51.661138 ===
h1 trend: stable
h2 trend: stable
average coherence delta: 3.997
entropy spikes recorded: 217
Interpretation: ⚡ Volatility increasing — possible new cipher rule or paradigm shift detected.
==============================================
=== Forge Reflective Mind Insight — 2026-01-05 12:16:55.632097 ===
h1 trend: stable
h2 trend: stable
average coherence delta: 3.997
entropy spikes recorded: 218
Interpretation: ⚡ Volatility increasing — possible new cipher rule or paradigm shift detected.
==============================================
=== Forge Reflective Mind Insight — 2026-01-05 12:16:59.784360 ===
h1 trend: stable
h2 trend: stable
average coherence delta: 3.997
entropy spikes recorded: 219
Interpretation: ⚡ Volatility increasing — possible new cipher rule or paradigm shift detected.
==============================================
=== Forge Reflective Mind Insight — 2026-01-05 12:17:03.654918 ===
h1 trend: stable
h2 trend: stable
average coherence delta: 3.997
entropy spikes recorded: 220
Interpretation: ⚡ Volatility increasing — possible new cipher rule or paradigm shift detected.
==============================================
=== Forge Reflective Mind Insight — 2026-01-05 12:17:08.088390 ===
h1 trend: stable
h2 trend: stable
average coherence delta: 3.997
entropy spikes recorded: 221
Interpretation: ⚡ Volatility increasing — possible new cipher rule or paradigm shift detected.
==============================================
=== Forge Reflective Mind Insight — 2026-01-05 12:17:12.093174 ===
h1 trend: stable
h2 trend: stable
average coherence delta: 3.997
entropy spikes recorded: 222
Interpretation: ⚡ Volatility increasing — possible new cipher rule or paradigm shift detected.
==============================================
=== Forge Reflective Mind Insight — 2026-01-05 12:17:16.052525 ===
h1 trend: stable
h2 trend: stable
average coherence delta: 3.997
entropy spikes recorded: 223
Interpretation: ⚡ Volatility increasing — possible new cipher rule or paradigm shift detected.
==============================================
=== Forge Reflective Mind Insight — 2026-01-05 12:17:19.806447 ===
h1 trend: stable
h2 trend: stable
average coherence delta: 3.997
entropy spikes recorded: 224
Interpretation: ⚡ Volatility increasing — possible new cipher rule or paradigm shift detected.
==============================================
=== Forge Reflective Mind Insight — 2026-01-05 12:17:23.516474 ===
h1 trend: stable
h2 trend: stable
average coherence delta: 3.997
entropy spikes recorded: 225
Interpretation: ⚡ Volatility increasing — possible new cipher rule or paradigm shift detected.
==============================================
=== Forge Reflective Mind Insight — 2026-01-05 12:17:27.653147 ===
h1 trend: stable
h2 trend: stable
average coherence delta: 3.997
entropy spikes recorded: 226
Interpretation: ⚡ Volatility increasing — possible new cipher rule or paradigm shift detected.
==============================================
=== Forge Reflective Mind Insight — 2026-01-05 12:17:31.493412 ===
h1 trend: stable
h2 trend: stable
average coherence delta: 3.997
entropy spikes recorded: 227
Interpretation: ⚡ Volatility increasing — possible new cipher rule or paradigm shift detected.
==============================================
=== Forge Reflective Mind Insight — 2026-01-05 12:17:35.197299 ===
h1 trend: stable
h2 trend: stable
average coherence delta: 3.997
entropy spikes recorded: 228
Interpretation: ⚡ Volatility increasing — possible new cipher rule or paradigm shift detected.
==============================================
=== Forge Reflective Mind Insight — 2026-01-05 12:17:39.281493 ===
h1 trend: stable
h2 trend: stable
average coherence delta: 3.997
entropy spikes recorded: 229
Interpretation: ⚡ Volatility increasing — possible new cipher rule or paradigm shift detected.
==============================================
=== Forge Reflective Mind Insight — 2026-01-05 12:17:43.279316 ===
h1 trend: stable
h2 trend: stable
average coherence delta: 3.997
entropy spikes recorded: 230
Interpretation: ⚡ Volatility increasing — possible new cipher rule or paradigm shift detected.
==============================================
=== Forge Reflective Mind Insight — 2026-01-05 12:17:47.382580 ===
h1 trend: stable
h2 trend: stable
average coherence delta: 3.997
entropy spikes recorded: 231
Interpretation: ⚡ Volatility increasing — possible new cipher rule or paradigm shift detected.
==============================================
=== Forge Reflective Mind Insight — 2026-01-05 12:17:51.397473 ===
h1 trend: stable
h2 trend: stable
average coherence delta: 3.997
entropy spikes recorded: 232
Interpretation: ⚡ Volatility increasing — possible new cipher rule or paradigm shift detected.
==============================================
=== Forge Reflective Mind Insight — 2026-01-05 12:17:55.524882 ===
h1 trend: stable
h2 trend: stable
average coherence delta: 3.997
entropy spikes recorded: 233
Interpretation: ⚡ Volatility increasing — possible new cipher rule or paradigm shift detected.
==============================================
=== Forge Reflective Mind Insight — 2026-01-05 12:17:59.318624 ===
h1 trend: stable
h2 trend: stable
average coherence delta: 3.997
entropy spikes recorded: 234
Interpretation: ⚡ Volatility increasing — possible new cipher rule or paradigm shift detected.
==============================================
=== Forge Reflective Mind Insight — 2026-01-05 12:18:03.115972 ===
h1 trend: stable
h2 trend: stable
average coherence delta: 3.997
entropy spikes recorded: 235
Interpretation: ⚡ Volatility increasing — possible new cipher rule or paradigm shift detected.
==============================================
=== Forge Reflective Mind Insight — 2026-01-05 12:18:06.994377 ===
h1 trend: stable
h2 trend: stable
average coherence delta: 3.997
entropy spikes recorded: 236
Interpretation: ⚡ Volatility increasing — possible new cipher rule or paradigm shift detected.
==============================================
=== Forge Reflective Mind Insight — 2026-01-05 12:18:11.241321 ===
h1 trend: stable
h2 trend: stable
average coherence delta: 3.997
entropy spikes recorded: 237
Interpretation: ⚡ Volatility increasing — possible new cipher rule or paradigm shift detected.
==============================================
=== Forge Reflective Mind Insight — 2026-01-05 12:18:14.997312 ===
h1 trend: stable
h2 trend: stable
average coherence delta: 3.997
entropy spikes recorded: 238
Interpretation: ⚡ Volatility increasing — possible new cipher rule or paradigm shift detected.
==============================================
=== Forge Reflective Mind Insight — 2026-01-05 12:18:19.195809 ===
h1 trend: stable
h2 trend: stable
average coherence delta: 3.997
entropy spikes recorded: 239
Interpretation: ⚡ Volatility increasing — possible new cipher rule or paradigm shift detected.
==============================================
=== Forge Reflective Mind Insight — 2026-01-05 12:18:23.306790 ===
h1 trend: stable
h2 trend: stable
average coherence delta: 3.997
entropy spikes recorded: 240
Interpretation: ⚡ Volatility increasing — possible new cipher rule or paradigm shift detected.
==============================================
=== Forge Reflective Mind Insight — 2026-01-05 12:18:27.049532 ===
h1 trend: stable
h2 trend: stable
average coherence delta: 3.997
entropy spikes recorded: 241
Interpretation: ⚡ Volatility increasing — possible new cipher rule or paradigm shift detected.
==============================================
=== Forge Reflective Mind Insight — 2026-01-05 12:18:30.950753 ===
h1 trend: stable
h2 trend: stable
average coherence delta: 3.997
entropy spikes recorded: 242
Interpretation: ⚡ Volatility increasing — possible new cipher rule or paradigm shift detected.
==============================================
=== Forge Reflective Mind Insight — 2026-01-05 12:18:35.002812 ===
h1 trend: stable
h2 trend: stable
average coherence delta: 3.997
entropy spikes recorded: 243
Interpretation: ⚡ Volatility increasing — possible new cipher rule or paradigm shift detected.
==============================================
=== Forge Reflective Mind Insight — 2026-01-05 12:18:39.175052 ===
h1 trend: stable
h2 trend: stable
average coherence delta: 3.997
entropy spikes recorded: 244
Interpretation: ⚡ Volatility increasing — possible new cipher rule or paradigm shift detected.
==============================================
=== Forge Reflective Mind Insight — 2026-01-05 12:18:43.951240 ===
h1 trend: stable
h2 trend: stable
average coherence delta: 3.997
entropy spikes recorded: 245
Interpretation: ⚡ Volatility increasing — possible new cipher rule or paradigm shift detected.
==============================================
=== Forge Reflective Mind Insight — 2026-01-05 12:18:47.837808 ===
h1 trend: stable
h2 trend: stable
average coherence delta: 3.997
entropy spikes recorded: 246
Interpretation: ⚡ Volatility increasing — possible new cipher rule or paradigm shift detected.
==============================================
=== Forge Reflective Mind Insight — 2026-01-05 12:18:51.720546 ===
h1 trend: stable
h2 trend: stable
average coherence delta: 3.997
entropy spikes recorded: 247
Interpretation: ⚡ Volatility increasing — possible new cipher rule or paradigm shift detected.
==============================================
=== Forge Reflective Mind Insight — 2026-01-05 12:18:55.756814 ===
h1 trend: stable
h2 trend: stable
average coherence delta: 3.997
entropy spikes recorded: 248
Interpretation: ⚡ Volatility increasing — possible new cipher rule or paradigm shift detected.
==============================================
=== Forge Reflective Mind Insight — 2026-01-05 12:18:59.515080 ===
h1 trend: stable
h2 trend: stable
average coherence delta: 3.997
entropy spikes recorded: 249
Interpretation: ⚡ Volatility increasing — possible new cipher rule or paradigm shift detected.
==============================================
=== Forge Reflective Mind Insight — 2026-01-05 12:19:03.496586 ===
h1 trend: stable
h2 trend: stable
average coherence delta: 3.997
entropy spikes recorded: 250
Interpretation: ⚡ Volatility increasing — possible new cipher rule or paradigm shift detected.
==============================================
=== Forge Reflective Mind Insight — 2026-01-05 12:19:07.184744 ===
h1 trend: stable
h2 trend: stable
average coherence delta: 3.997
entropy spikes recorded: 251
Interpretation: ⚡ Volatility increasing — possible new cipher rule or paradigm shift detected.
==============================================
=== Forge Reflective Mind Insight — 2026-01-05 12:19:11.117580 ===
h1 trend: stable
h2 trend: stable
average coherence delta: 3.997
entropy spikes recorded: 252
Interpretation: ⚡ Volatility increasing — possible new cipher rule or paradigm shift detected.
==============================================
=== Forge Reflective Mind Insight — 2026-01-05 12:19:15.301332 ===
h1 trend: stable
h2 trend: stable
average coherence delta: 3.997
entropy spikes recorded: 253
Interpretation: ⚡ Volatility increasing — possible new cipher rule or paradigm shift detected.
==============================================
=== Forge Reflective Mind Insight — 2026-01-05 12:19:19.441103 ===
h1 trend: stable
h2 trend: stable
average coherence delta: 3.997
entropy spikes recorded: 254
Interpretation: ⚡ Volatility increasing — possible new cipher rule or paradigm shift detected.
==============================================
=== Forge Reflective Mind Insight — 2026-01-05 12:19:23.584631 ===
h1 trend: stable
h2 trend: stable
average coherence delta: 3.997
entropy spikes recorded: 255
Interpretation: ⚡ Volatility increasing — possible new cipher rule or paradigm shift detected.
==============================================
=== Forge Reflective Mind Insight — 2026-01-05 12:19:27.615344 ===
h1 trend: stable
h2 trend: stable
average coherence delta: 3.997
entropy spikes recorded: 256
Interpretation: ⚡ Volatility increasing — possible new cipher rule or paradigm shift detected.
==============================================
=== Forge Reflective Mind Insight — 2026-01-05 12:19:31.645128 ===
h1 trend: stable
h2 trend: stable
average coherence delta: 3.997
entropy spikes recorded: 257
Interpretation: ⚡ Volatility increasing — possible new cipher rule or paradigm shift detected.
==============================================
=== Forge Reflective Mind Insight — 2026-01-05 12:19:35.336766 ===
h1 trend: stable
h2 trend: stable
average coherence delta: 3.997
entropy spikes recorded: 258
Interpretation: ⚡ Volatility increasing — possible new cipher rule or paradigm shift detected.
==============================================
=== Forge Reflective Mind Insight — 2026-01-05 12:19:39.472479 ===
h1 trend: stable
h2 trend: stable
average coherence delta: 3.997
entropy spikes recorded: 259
Interpretation: ⚡ Volatility increasing — possible new cipher rule or paradigm shift detected.
==============================================
=== Forge Reflective Mind Insight — 2026-01-05 12:19:43.589212 ===
h1 trend: stable
h2 trend: stable
average coherence delta: 3.997
entropy spikes recorded: 260
Interpretation: ⚡ Volatility increasing — possible new cipher rule or paradigm shift detected.
==============================================
=== Forge Reflective Mind Insight — 2026-01-05 12:19:47.330113 ===
h1 trend: stable
h2 trend: stable
average coherence delta: 3.997
entropy spikes recorded: 261
Interpretation: ⚡ Volatility increasing — possible new cipher rule or paradigm shift detected.
==============================================
=== Forge Reflective Mind Insight — 2026-01-05 12:19:51.164910 ===
h1 trend: stable
h2 trend: stable
average coherence delta: 3.997
entropy spikes recorded: 262
Interpretation: ⚡ Volatility increasing — possible new cipher rule or paradigm shift detected.
==============================================
=== Forge Reflective Mind Insight — 2026-01-05 12:19:55.103260 ===
h1 trend: stable
h2 trend: stable
average coherence delta: 3.997
entropy spikes recorded: 263
Interpretation: ⚡ Volatility increasing — possible new cipher rule or paradigm shift detected.
==============================================
=== Forge Reflective Mind Insight — 2026-01-05 12:19:58.813833 ===
h1 trend: stable
h2 trend: stable
average coherence delta: 3.997
entropy spikes recorded: 264
Interpretation: ⚡ Volatility increasing — possible new cipher rule or paradigm shift detected.
==============================================
=== Forge Reflective Mind Insight — 2026-01-05 12:20:02.793997 ===
h1 trend: stable
h2 trend: stable
average coherence delta: 3.997
entropy spikes recorded: 265
Interpretation: ⚡ Volatility increasing — possible new cipher rule or paradigm shift detected.
==============================================
=== Forge Reflective Mind Insight — 2026-01-05 12:20:06.813184 ===
h1 trend: stable
h2 trend: stable
average coherence delta: 3.997
entropy spikes recorded: 266
Interpretation: ⚡ Volatility increasing — possible new cipher rule or paradigm shift detected.
==============================================
=== Forge Reflective Mind Insight — 2026-01-05 12:20:10.663757 ===
h1 trend: stable
h2 trend: stable
average coherence delta: 3.997
entropy spikes recorded: 267
Interpretation: ⚡ Volatility increasing — possible new cipher rule or paradigm shift detected.
==============================================
=== Forge Reflective Mind Insight — 2026-01-05 12:20:14.938704 ===
h1 trend: stable
h2 trend: stable
average coherence delta: 3.997
entropy spikes recorded: 268
Interpretation: ⚡ Volatility increasing — possible new cipher rule or paradigm shift detected.
==============================================
=== Forge Reflective Mind Insight — 2026-01-05 12:20:18.704690 ===
h1 trend: stable
h2 trend: stable
average coherence delta: 3.997
entropy spikes recorded: 269
Interpretation: ⚡ Volatility increasing — possible new cipher rule or paradigm shift detected.
==============================================
=== Forge Reflective Mind Insight — 2026-01-05 12:20:22.714555 ===
h1 trend: stable
h2 trend: stable
average coherence delta: 3.997
entropy spikes recorded: 270
Interpretation: ⚡ Volatility increasing — possible new cipher rule or paradigm shift detected.
==============================================
=== Forge Reflective Mind Insight — 2026-01-05 12:20:26.944351 ===
h1 trend: stable
h2 trend: stable
average coherence delta: 3.997
entropy spikes recorded: 271
Interpretation: ⚡ Volatility increasing — possible new cipher rule or paradigm shift detected.
==============================================
=== Forge Reflective Mind Insight — 2026-01-05 12:20:30.673177 ===
h1 trend: stable
h2 trend: stable
average coherence delta: 3.997
entropy spikes recorded: 272
Interpretation: ⚡ Volatility increasing — possible new cipher rule or paradigm shift detected.
==============================================
=== Forge Reflective Mind Insight — 2026-01-05 12:20:34.403725 ===
h1 trend: stable
h2 trend: stable
average coherence delta: 3.997
entropy spikes recorded: 273
Interpretation: ⚡ Volatility increasing — possible new cipher rule or paradigm shift detected.
==============================================
=== Forge Reflective Mind Insight — 2026-01-05 12:20:38.327380 ===
h1 trend: stable
h2 trend: stable
average coherence delta: 3.997
entropy spikes recorded: 274
Interpretation: ⚡ Volatility increasing — possible new cipher rule or paradigm shift detected.
==============================================
=== Forge Reflective Mind Insight — 2026-01-05 12:20:42.277788 ===
h1 trend: stable
h2 trend: stable
average coherence delta: 3.997
entropy spikes recorded: 275
Interpretation: ⚡ Volatility increasing — possible new cipher rule or paradigm shift detected.
==============================================
=== Forge Reflective Mind Insight — 2026-01-05 12:20:46.427580 ===
h1 trend: stable
h2 trend: stable
average coherence delta: 3.997
entropy spikes recorded: 276
Interpretation: ⚡ Volatility increasing — possible new cipher rule or paradigm shift detected.
==============================================
=== Forge Reflective Mind Insight — 2026-01-05 12:20:50.449839 ===
h1 trend: stable
h2 trend: stable
average coherence delta: 3.997
entropy spikes recorded: 277
Interpretation: ⚡ Volatility increasing — possible new cipher rule or paradigm shift detected.
==============================================
=== Forge Reflective Mind Insight — 2026-01-05 12:20:54.599089 ===
h1 trend: stable
h2 trend: stable
average coherence delta: 3.997
entropy spikes recorded: 278
Interpretation: ⚡ Volatility increasing — possible new cipher rule or paradigm shift detected.
==============================================
=== Forge Reflective Mind Insight — 2026-01-05 12:20:58.323874 ===
h1 trend: stable
h2 trend: stable
average coherence delta: 3.997
entropy spikes recorded: 279
Interpretation: ⚡ Volatility increasing — possible new cipher rule or paradigm shift detected.
==============================================
=== Forge Reflective Mind Insight — 2026-01-05 12:21:02.012464 ===
h1 trend: stable
h2 trend: stable
average coherence delta: 3.997
entropy spikes recorded: 280
Interpretation: ⚡ Volatility increasing — possible new cipher rule or paradigm shift detected.
==============================================
=== Forge Reflective Mind Insight — 2026-01-05 12:21:05.875817 ===
h1 trend: stable
h2 trend: stable
average coherence delta: 3.997
entropy spikes recorded: 281
Interpretation: ⚡ Volatility increasing — possible new cipher rule or paradigm shift detected.
==============================================
=== Forge Reflective Mind Insight — 2026-01-05 12:21:09.981823 ===
h1 trend: stable
h2 trend: stable
average coherence delta: 3.997
entropy spikes recorded: 282
Interpretation: ⚡ Volatility increasing — possible new cipher rule or paradigm shift detected.
==============================================
=== Forge Reflective Mind Insight — 2026-01-05 12:21:13.697634 ===
h1 trend: stable
h2 trend: stable
average coherence delta: 3.997
entropy spikes recorded: 283
Interpretation: ⚡ Volatility increasing — possible new cipher rule or paradigm shift detected.
==============================================
=== Forge Reflective Mind Insight — 2026-01-05 12:21:17.708481 ===
h1 trend: stable
h2 trend: stable
average coherence delta: 3.997
entropy spikes recorded: 284
Interpretation: ⚡ Volatility increasing — possible new cipher rule or paradigm shift detected.
==============================================
=== Forge Reflective Mind Insight — 2026-01-05 12:21:21.580750 ===
h1 trend: stable
h2 trend: stable
average coherence delta: 3.997
entropy spikes recorded: 285
Interpretation: ⚡ Volatility increasing — possible new cipher rule or paradigm shift detected.
==============================================
=== Forge Reflective Mind Insight — 2026-01-05 12:21:25.672041 ===
h1 trend: stable
h2 trend: stable
average coherence delta: 3.997
entropy spikes recorded: 286
Interpretation: ⚡ Volatility increasing — possible new cipher rule or paradigm shift detected.
==============================================
=== Forge Reflective Mind Insight — 2026-01-05 12:21:29.805835 ===
h1 trend: stable
h2 trend: stable
average coherence delta: 3.997
entropy spikes recorded: 287
Interpretation: ⚡ Volatility increasing — possible new cipher rule or paradigm shift detected.
==============================================
=== Forge Reflective Mind Insight — 2026-01-05 12:21:33.910519 ===
h1 trend: stable
h2 trend: stable
average coherence delta: 3.997
entropy spikes recorded: 288
Interpretation: ⚡ Volatility increasing — possible new cipher rule or paradigm shift detected.
==============================================
=== Forge Reflective Mind Insight — 2026-01-05 12:21:38.008044 ===
h1 trend: stable
h2 trend: stable
average coherence delta: 3.997
entropy spikes recorded: 289
Interpretation: ⚡ Volatility increasing — possible new cipher rule or paradigm shift detected.
==============================================
=== Forge Reflective Mind Insight — 2026-01-05 12:21:41.793943 ===
h1 trend: stable
h2 trend: stable
average coherence delta: 3.997
entropy spikes recorded: 290
Interpretation: ⚡ Volatility increasing — possible new cipher rule or paradigm shift detected.
==============================================
=== Forge Reflective Mind Insight — 2026-01-05 12:21:45.606509 ===
h1 trend: stable
h2 trend: stable
average coherence delta: 3.997
entropy spikes recorded: 291
Interpretation: ⚡ Volatility increasing — possible new cipher rule or paradigm shift detected.
==============================================
=== Forge Reflective Mind Insight — 2026-01-05 12:21:49.649085 ===
h1 trend: stable
h2 trend: stable
average coherence delta: 3.997
entropy spikes recorded: 292
Interpretation: ⚡ Volatility increasing — possible new cipher rule or paradigm shift detected.
==============================================
=== Forge Reflective Mind Insight — 2026-01-05 12:21:53.428723 ===
h1 trend: stable
h2 trend: stable
average coherence delta: 3.997
entropy spikes recorded: 293
Interpretation: ⚡ Volatility increasing — possible new cipher rule or paradigm shift detected.
==============================================
=== Forge Reflective Mind Insight — 2026-01-05 12:21:57.326380 ===
h1 trend: stable
h2 trend: stable
average coherence delta: 3.997
entropy spikes recorded: 294
Interpretation: ⚡ Volatility increasing — possible new cipher rule or paradigm shift detected.
==============================================
=== Forge Reflective Mind Insight — 2026-01-05 12:22:01.963042 ===
h1 trend: stable
h2 trend: stable
average coherence delta: 3.997
entropy spikes recorded: 295
Interpretation: ⚡ Volatility increasing — possible new cipher rule or paradigm shift detected.
==============================================
=== Forge Reflective Mind Insight — 2026-01-05 12:22:06.061430 ===
h1 trend: stable
h2 trend: stable
average coherence delta: 3.997
entropy spikes recorded: 296
Interpretation: ⚡ Volatility increasing — possible new cipher rule or paradigm shift detected.
==============================================
=== Forge Reflective Mind Insight — 2026-01-05 12:22:10.215125 ===
h1 trend: stable
h2 trend: stable
average coherence delta: 3.997
entropy spikes recorded: 297
Interpretation: ⚡ Volatility increasing — possible new cipher rule or paradigm shift detected.
==============================================
=== Forge Reflective Mind Insight — 2026-01-05 12:22:14.046496 ===
h1 trend: stable
h2 trend: stable
average coherence delta: 3.997
entropy spikes recorded: 298
Interpretation: ⚡ Volatility increasing — possible new cipher rule or paradigm shift detected.
==============================================
=== Forge Reflective Mind Insight — 2026-01-05 12:22:18.361284 ===
h1 trend: stable
h2 trend: stable
average coherence delta: 3.997
entropy spikes recorded: 299
Interpretation: ⚡ Volatility increasing — possible new cipher rule or paradigm shift detected.
==============================================
=== Forge Reflective Mind Insight — 2026-01-05 12:22:22.120099 ===
h1 trend: stable
h2 trend: stable
average coherence delta: 3.997
entropy spikes recorded: 300
Interpretation: ⚡ Volatility increasing — possible new cipher rule or paradigm shift detected.
==============================================
=== Forge Reflective Mind Insight — 2026-01-05 12:22:25.857884 ===
h1 trend: stable
h2 trend: stable
average coherence delta: 3.997
entropy spikes recorded: 301
Interpretation: ⚡ Volatility increasing — possible new cipher rule or paradigm shift detected.
==============================================
=== Forge Reflective Mind Insight — 2026-01-05 12:22:29.748783 ===
h1 trend: stable
h2 trend: stable
average coherence delta: 3.997
entropy spikes recorded: 302
Interpretation: ⚡ Volatility increasing — possible new cipher rule or paradigm shift detected.
==============================================
=== Forge Reflective Mind Insight — 2026-01-05 12:22:33.854310 ===
h1 trend: stable
h2 trend: stable
average coherence delta: 3.997
entropy spikes recorded: 303
Interpretation: ⚡ Volatility increasing — possible new cipher rule or paradigm shift detected.
==============================================
=== Forge Reflective Mind Insight — 2026-01-05 12:22:37.629425 ===
h1 trend: stable
h2 trend: stable
average coherence delta: 3.997
entropy spikes recorded: 304
Interpretation: ⚡ Volatility increasing — possible new cipher rule or paradigm shift detected.
==============================================
=== Forge Reflective Mind Insight — 2026-01-05 12:22:41.831884 ===
h1 trend: stable
h2 trend: stable
average coherence delta: 3.997
entropy spikes recorded: 305
Interpretation: ⚡ Volatility increasing — possible new cipher rule or paradigm shift detected.
==============================================
=== Forge Reflective Mind Insight — 2026-01-05 12:22:45.581995 ===
h1 trend: stable
h2 trend: stable
average coherence delta: 3.997
entropy spikes recorded: 306
Interpretation: ⚡ Volatility increasing — possible new cipher rule or paradigm shift detected.
==============================================
=== Forge Reflective Mind Insight — 2026-01-05 12:22:49.461549 ===
h1 trend: stable
h2 trend: stable
average coherence delta: 3.997
entropy spikes recorded: 307
Interpretation: ⚡ Volatility increasing — possible new cipher rule or paradigm shift detected.
==============================================
=== Forge Reflective Mind Insight — 2026-01-05 12:22:53.503768 ===
h1 trend: stable
h2 trend: stable
average coherence delta: 3.997
entropy spikes recorded: 308
Interpretation: ⚡ Volatility increasing — possible new cipher rule or paradigm shift detected.
==============================================
=== Forge Reflective Mind Insight — 2026-01-05 12:22:57.411320 ===
h1 trend: stable
h2 trend: stable
average coherence delta: 3.997
entropy spikes recorded: 309
Interpretation: ⚡ Volatility increasing — possible new cipher rule or paradigm shift detected.
==============================================
=== Forge Reflective Mind Insight — 2026-01-05 12:23:01.265267 ===
h1 trend: stable
h2 trend: stable
average coherence delta: 3.997
entropy spikes recorded: 310
Interpretation: ⚡ Volatility increasing — possible new cipher rule or paradigm shift detected.
==============================================
=== Forge Reflective Mind Insight — 2026-01-05 12:23:05.494356 ===
h1 trend: stable
h2 trend: stable
average coherence delta: 3.997
entropy spikes recorded: 311
Interpretation: ⚡ Volatility increasing — possible new cipher rule or paradigm shift detected.
==============================================
=== Forge Reflective Mind Insight — 2026-01-05 12:23:09.213172 ===
h1 trend: stable
h2 trend: stable
average coherence delta: 3.997
entropy spikes recorded: 312
Interpretation: ⚡ Volatility increasing — possible new cipher rule or paradigm shift detected.
==============================================
=== Forge Reflective Mind Insight — 2026-01-05 12:23:13.287038 ===
h1 trend: stable
h2 trend: stable
average coherence delta: 3.997
entropy spikes recorded: 313
Interpretation: ⚡ Volatility increasing — possible new cipher rule or paradigm shift detected.
==============================================
=== Forge Reflective Mind Insight — 2026-01-05 12:23:17.467701 ===
h1 trend: stable
h2 trend: stable
average coherence delta: 3.997
entropy spikes recorded: 314
Interpretation: ⚡ Volatility increasing — possible new cipher rule or paradigm shift detected.
==============================================
=== Forge Reflective Mind Insight — 2026-01-05 12:23:21.112057 ===
h1 trend: stable
h2 trend: stable
average coherence delta: 3.997
entropy spikes recorded: 315
Interpretation: ⚡ Volatility increasing — possible new cipher rule or paradigm shift detected.
==============================================
=== Forge Reflective Mind Insight — 2026-01-05 12:23:25.066472 ===
h1 trend: stable
h2 trend: stable
average coherence delta: 3.997
entropy spikes recorded: 316
Interpretation: ⚡ Volatility increasing — possible new cipher rule or paradigm shift detected.
==============================================
=== Forge Reflective Mind Insight — 2026-01-05 12:23:28.967292 ===
h1 trend: stable
h2 trend: stable
average coherence delta: 3.997
entropy spikes recorded: 317
Interpretation: ⚡ Volatility increasing — possible new cipher rule or paradigm shift detected.
==============================================
=== Forge Reflective Mind Insight — 2026-01-05 12:23:32.860852 ===
h1 trend: stable
h2 trend: stable
average coherence delta: 3.997
entropy spikes recorded: 318
Interpretation: ⚡ Volatility increasing — possible new cipher rule or paradigm shift detected.
==============================================
=== Forge Reflective Mind Insight — 2026-01-05 12:23:36.857138 ===
h1 trend: stable
h2 trend: stable
average coherence delta: 3.997
entropy spikes recorded: 319
Interpretation: ⚡ Volatility increasing — possible new cipher rule or paradigm shift detected.
==============================================
=== Forge Reflective Mind Insight — 2026-01-05 12:23:41.213770 ===
h1 trend: stable
h2 trend: stable
average coherence delta: 3.997
entropy spikes recorded: 320
Interpretation: ⚡ Volatility increasing — possible new cipher rule or paradigm shift detected.
==============================================
=== Forge Reflective Mind Insight — 2026-01-05 12:23:45.007813 ===
h1 trend: stable
h2 trend: stable
average coherence delta: 3.997
entropy spikes recorded: 321
Interpretation: ⚡ Volatility increasing — possible new cipher rule or paradigm shift detected.
==============================================
=== Forge Reflective Mind Insight — 2026-01-05 12:23:48.751610 ===
h1 trend: stable
h2 trend: stable
average coherence delta: 3.997
entropy spikes recorded: 322
Interpretation: ⚡ Volatility increasing — possible new cipher rule or paradigm shift detected.
==============================================
=== Forge Reflective Mind Insight — 2026-01-05 12:23:52.640332 ===
h1 trend: stable
h2 trend: stable
average coherence delta: 3.997
entropy spikes recorded: 323
Interpretation: ⚡ Volatility increasing — possible new cipher rule or paradigm shift detected.
==============================================
=== Forge Reflective Mind Insight — 2026-01-05 12:23:56.660932 ===
h1 trend: stable
h2 trend: stable
average coherence delta: 3.997
entropy spikes recorded: 324
Interpretation: ⚡ Volatility increasing — possible new cipher rule or paradigm shift detected.
==============================================
=== Forge Reflective Mind Insight — 2026-01-05 12:24:00.523199 ===
h1 trend: stable
h2 trend: stable
average coherence delta: 3.997
entropy spikes recorded: 325
Interpretation: ⚡ Volatility increasing — possible new cipher rule or paradigm shift detected.
==============================================
=== Forge Reflective Mind Insight — 2026-01-05 12:24:04.797228 ===
h1 trend: stable
h2 trend: stable
average coherence delta: 3.997
entropy spikes recorded: 326
Interpretation: ⚡ Volatility increasing — possible new cipher rule or paradigm shift detected.
==============================================
=== Forge Reflective Mind Insight — 2026-01-05 12:24:08.497329 ===
h1 trend: stable
h2 trend: stable
average coherence delta: 3.997
entropy spikes recorded: 327
Interpretation: ⚡ Volatility increasing — possible new cipher rule or paradigm shift detected.
==============================================
=== Forge Reflective Mind Insight — 2026-01-05 12:24:12.415800 ===
h1 trend: stable
h2 trend: stable
average coherence delta: 3.997
entropy spikes recorded: 328
Interpretation: ⚡ Volatility increasing — possible new cipher rule or paradigm shift detected.
==============================================
=== Forge Reflective Mind Insight — 2026-01-05 12:24:16.365095 ===
h1 trend: stable
h2 trend: stable
average coherence delta: 3.997
entropy spikes recorded: 329
Interpretation: ⚡ Volatility increasing — possible new cipher rule or paradigm shift detected.
==============================================
=== Forge Reflective Mind Insight — 2026-01-05 12:24:20.325918 ===
h1 trend: stable
h2 trend: stable
average coherence delta: 3.997
entropy spikes recorded: 330
Interpretation: ⚡ Volatility increasing — possible new cipher rule or paradigm shift detected.
==============================================
=== Forge Reflective Mind Insight — 2026-01-05 12:24:24.657790 ===
h1 trend: stable
h2 trend: stable
average coherence delta: 3.997
entropy spikes recorded: 331
Interpretation: ⚡ Volatility increasing — possible new cipher rule or paradigm shift detected.
==============================================
=== Forge Reflective Mind Insight — 2026-01-05 12:24:28.517881 ===
h1 trend: stable
h2 trend: stable
average coherence delta: 3.997
entropy spikes recorded: 332
Interpretation: ⚡ Volatility increasing — possible new cipher rule or paradigm shift detected.
==============================================
=== Forge Reflective Mind Insight — 2026-01-05 12:24:32.439017 ===
h1 trend: stable
h2 trend: stable
average coherence delta: 3.997
entropy spikes recorded: 333
Interpretation: ⚡ Volatility increasing — possible new cipher rule or paradigm shift detected.
==============================================
=== Forge Reflective Mind Insight — 2026-01-05 12:24:36.354957 ===
h1 trend: stable
h2 trend: stable
average coherence delta: 3.997
entropy spikes recorded: 334
Interpretation: ⚡ Volatility increasing — possible new cipher rule or paradigm shift detected.
==============================================
=== Forge Reflective Mind Insight — 2026-01-05 12:24:40.082833 ===
h1 trend: stable
h2 trend: stable
average coherence delta: 3.997
entropy spikes recorded: 335
Interpretation: ⚡ Volatility increasing — possible new cipher rule or paradigm shift detected.
==============================================
=== Forge Reflective Mind Insight — 2026-01-05 12:24:43.904859 ===
h1 trend: stable
h2 trend: stable
average coherence delta: 3.997
entropy spikes recorded: 336
Interpretation: ⚡ Volatility increasing — possible new cipher rule or paradigm shift detected.
==============================================
=== Forge Reflective Mind Insight — 2026-01-05 12:24:47.700770 ===
h1 trend: stable
h2 trend: stable
average coherence delta: 3.997
entropy spikes recorded: 337
Interpretation: ⚡ Volatility increasing — possible new cipher rule or paradigm shift detected.
==============================================
=== Forge Reflective Mind Insight — 2026-01-05 12:24:51.531103 ===
h1 trend: stable
h2 trend: stable
average coherence delta: 3.997
entropy spikes recorded: 338
Interpretation: ⚡ Volatility increasing — possible new cipher rule or paradigm shift detected.
==============================================
=== Forge Reflective Mind Insight — 2026-01-05 12:24:55.393329 ===
h1 trend: stable
h2 trend: stable
average coherence delta: 3.997
entropy spikes recorded: 339
Interpretation: ⚡ Volatility increasing — possible new cipher rule or paradigm shift detected.
==============================================
=== Forge Reflective Mind Insight — 2026-01-05 12:24:59.161289 ===
h1 trend: stable
h2 trend: stable
average coherence delta: 3.997
entropy spikes recorded: 340
Interpretation: ⚡ Volatility increasing — possible new cipher rule or paradigm shift detected.
==============================================
=== Forge Reflective Mind Insight — 2026-01-05 12:25:02.984727 ===
h1 trend: stable
h2 trend: stable
average coherence delta: 3.997
entropy spikes recorded: 341
Interpretation: ⚡ Volatility increasing — possible new cipher rule or paradigm shift detected.
==============================================
=== Forge Reflective Mind Insight — 2026-01-05 12:25:06.744086 ===
h1 trend: stable
h2 trend: stable
average coherence delta: 3.997
entropy spikes recorded: 342
Interpretation: ⚡ Volatility increasing — possible new cipher rule or paradigm shift detected.
==============================================
=== Forge Reflective Mind Insight — 2026-01-05 12:25:10.482527 ===
h1 trend: stable
h2 trend: stable
average coherence delta: 3.997
entropy spikes recorded: 343
Interpretation: ⚡ Volatility increasing — possible new cipher rule or paradigm shift detected.
==============================================
=== Forge Reflective Mind Insight — 2026-01-05 12:25:14.355490 ===
h1 trend: stable
h2 trend: stable
average coherence delta: 3.997
entropy spikes recorded: 344
Interpretation: ⚡ Volatility increasing — possible new cipher rule or paradigm shift detected.
==============================================
=== Forge Reflective Mind Insight — 2026-01-05 12:25:18.348461 ===
h1 trend: stable
h2 trend: stable
average coherence delta: 3.997
entropy spikes recorded: 345
Interpretation: ⚡ Volatility increasing — possible new cipher rule or paradigm shift detected.
==============================================
=== Forge Reflective Mind Insight — 2026-01-05 12:25:22.285614 ===
h1 trend: stable
h2 trend: stable
average coherence delta: 3.997
entropy spikes recorded: 346
Interpretation: ⚡ Volatility increasing — possible new cipher rule or paradigm shift detected.
==============================================
=== Forge Reflective Mind Insight — 2026-01-05 12:25:26.036514 ===
h1 trend: stable
h2 trend: stable
average coherence delta: 3.997
entropy spikes recorded: 347
Interpretation: ⚡ Volatility increasing — possible new cipher rule or paradigm shift detected.
==============================================
=== Forge Reflective Mind Insight — 2026-01-05 12:25:29.706532 ===
h1 trend: stable
h2 trend: stable
average coherence delta: 3.997
entropy spikes recorded: 348
Interpretation: ⚡ Volatility increasing — possible new cipher rule or paradigm shift detected.
==============================================
=== Forge Reflective Mind Insight — 2026-01-05 12:25:33.432720 ===
h1 trend: stable
h2 trend: stable
average coherence delta: 3.997
entropy spikes recorded: 349
Interpretation: ⚡ Volatility increasing — possible new cipher rule or paradigm shift detected.
==============================================
=== Forge Reflective Mind Insight — 2026-01-05 12:25:37.152161 ===
h1 trend: stable
h2 trend: stable
average coherence delta: 3.997
entropy spikes recorded: 350
Interpretation: ⚡ Volatility increasing — possible new cipher rule or paradigm shift detected.
==============================================
=== Forge Reflective Mind Insight — 2026-01-05 12:25:40.840895 ===
h1 trend: stable
h2 trend: stable
average coherence delta: 3.997
entropy spikes recorded: 351
Interpretation: ⚡ Volatility increasing — possible new cipher rule or paradigm shift detected.
==============================================
=== Forge Reflective Mind Insight — 2026-01-05 12:25:44.578361 ===
h1 trend: stable
h2 trend: stable
average coherence delta: 3.997
entropy spikes recorded: 352
Interpretation: ⚡ Volatility increasing — possible new cipher rule or paradigm shift detected.
==============================================
=== Forge Reflective Mind Insight — 2026-01-05 12:25:48.248361 ===
h1 trend: stable
h2 trend: stable
average coherence delta: 3.997
entropy spikes recorded: 353
Interpretation: ⚡ Volatility increasing — possible new cipher rule or paradigm shift detected.
==============================================
=== Forge Reflective Mind Insight — 2026-01-05 12:25:52.034783 ===
h1 trend: stable
h2 trend: stable
average coherence delta: 3.997
entropy spikes recorded: 354
Interpretation: ⚡ Volatility increasing — possible new cipher rule or paradigm shift detected.
==============================================
=== Forge Reflective Mind Insight — 2026-01-05 12:25:55.707223 ===
h1 trend: stable
h2 trend: stable
average coherence delta: 3.997
entropy spikes recorded: 355
Interpretation: ⚡ Volatility increasing — possible new cipher rule or paradigm shift detected.
==============================================
=== Forge Reflective Mind Insight — 2026-01-05 12:25:59.414286 ===
h1 trend: stable
h2 trend: stable
average coherence delta: 3.997
entropy spikes recorded: 356
Interpretation: ⚡ Volatility increasing — possible new cipher rule or paradigm shift detected.
==============================================
=== Forge Reflective Mind Insight — 2026-01-05 12:26:03.399974 ===
h1 trend: stable
h2 trend: stable
average coherence delta: 3.997
entropy spikes recorded: 357
Interpretation: ⚡ Volatility increasing — possible new cipher rule or paradigm shift detected.
==============================================
=== Forge Reflective Mind Insight — 2026-01-05 12:26:07.500527 ===
h1 trend: stable
h2 trend: stable
average coherence delta: 3.997
entropy spikes recorded: 358
Interpretation: ⚡ Volatility increasing — possible new cipher rule or paradigm shift detected.
==============================================
=== Forge Reflective Mind Insight — 2026-01-05 12:26:11.388059 ===
h1 trend: stable
h2 trend: stable
average coherence delta: 3.997
entropy spikes recorded: 359
Interpretation: ⚡ Volatility increasing — possible new cipher rule or paradigm shift detected.
==============================================
=== Forge Reflective Mind Insight — 2026-01-05 12:26:15.364334 ===
h1 trend: stable
h2 trend: stable
average coherence delta: 3.997
entropy spikes recorded: 360
Interpretation: ⚡ Volatility increasing — possible new cipher rule or paradigm shift detected.
==============================================
=== Forge Reflective Mind Insight — 2026-01-05 12:26:19.226519 ===
h1 trend: stable
h2 trend: stable
average coherence delta: 3.997
entropy spikes recorded: 361
Interpretation: ⚡ Volatility increasing — possible new cipher rule or paradigm shift detected.
==============================================
=== Forge Reflective Mind Insight — 2026-01-05 12:26:23.384505 ===
h1 trend: stable
h2 trend: stable
average coherence delta: 3.997
entropy spikes recorded: 362
Interpretation: ⚡ Volatility increasing — possible new cipher rule or paradigm shift detected.
==============================================
=== Forge Reflective Mind Insight — 2026-01-05 12:26:27.243607 ===
h1 trend: stable
h2 trend: stable
average coherence delta: 3.997
entropy spikes recorded: 363
Interpretation: ⚡ Volatility increasing — possible new cipher rule or paradigm shift detected.
==============================================
=== Forge Reflective Mind Insight — 2026-01-05 12:26:31.326538 ===
h1 trend: stable
h2 trend: stable
average coherence delta: 3.997
entropy spikes recorded: 364
Interpretation: ⚡ Volatility increasing — possible new cipher rule or paradigm shift detected.
==============================================
=== Forge Reflective Mind Insight — 2026-01-05 12:26:35.546349 ===
h1 trend: stable
h2 trend: stable
average coherence delta: 3.997
entropy spikes recorded: 365
Interpretation: ⚡ Volatility increasing — possible new cipher rule or paradigm shift detected.
==============================================
=== Forge Reflective Mind Insight — 2026-01-05 12:26:39.207990 ===
h1 trend: stable
h2 trend: stable
average coherence delta: 3.997
entropy spikes recorded: 366
Interpretation: ⚡ Volatility increasing — possible new cipher rule or paradigm shift detected.
==============================================
=== Forge Reflective Mind Insight — 2026-01-05 12:26:42.992268 ===
h1 trend: stable
h2 trend: stable
average coherence delta: 3.997
entropy spikes recorded: 367
Interpretation: ⚡ Volatility increasing — possible new cipher rule or paradigm shift detected.
==============================================
=== Forge Reflective Mind Insight — 2026-01-05 12:26:46.671581 ===
h1 trend: stable
h2 trend: stable
average coherence delta: 3.997
entropy spikes recorded: 368
Interpretation: ⚡ Volatility increasing — possible new cipher rule or paradigm shift detected.
==============================================
=== Forge Reflective Mind Insight — 2026-01-05 12:26:50.347460 ===
h1 trend: stable
h2 trend: stable
average coherence delta: 3.997
entropy spikes recorded: 369
Interpretation: ⚡ Volatility increasing — possible new cipher rule or paradigm shift detected.
==============================================
=== Forge Reflective Mind Insight — 2026-01-05 12:26:54.144140 ===
h1 trend: stable
h2 trend: stable
average coherence delta: 3.997
entropy spikes recorded: 370
Interpretation: ⚡ Volatility increasing — possible new cipher rule or paradigm shift detected.
==============================================
=== Forge Reflective Mind Insight — 2026-01-05 12:26:57.860016 ===
h1 trend: stable
h2 trend: stable
average coherence delta: 3.997
entropy spikes recorded: 371
Interpretation: ⚡ Volatility increasing — possible new cipher rule or paradigm shift detected.
==============================================
=== Forge Reflective Mind Insight — 2026-01-05 12:27:01.679367 ===
h1 trend: stable
h2 trend: stable
average coherence delta: 3.997
entropy spikes recorded: 372
Interpretation: ⚡ Volatility increasing — possible new cipher rule or paradigm shift detected.
==============================================
=== Forge Reflective Mind Insight — 2026-01-05 12:27:05.579715 ===
h1 trend: stable
h2 trend: stable
average coherence delta: 3.997
entropy spikes recorded: 373
Interpretation: ⚡ Volatility increasing — possible new cipher rule or paradigm shift detected.
==============================================
=== Forge Reflective Mind Insight — 2026-01-05 12:27:09.462694 ===
h1 trend: stable
h2 trend: stable
average coherence delta: 3.997
entropy spikes recorded: 374
Interpretation: ⚡ Volatility increasing — possible new cipher rule or paradigm shift detected.
==============================================
=== Forge Reflective Mind Insight — 2026-01-05 12:27:13.309238 ===
h1 trend: stable
h2 trend: stable
average coherence delta: 3.997
entropy spikes recorded: 375
Interpretation: ⚡ Volatility increasing — possible new cipher rule or paradigm shift detected.
==============================================
=== Forge Reflective Mind Insight — 2026-01-05 12:27:17.126294 ===
h1 trend: stable
h2 trend: stable
average coherence delta: 3.997
entropy spikes recorded: 376
Interpretation: ⚡ Volatility increasing — possible new cipher rule or paradigm shift detected.
==============================================
=== Forge Reflective Mind Insight — 2026-01-05 12:27:21.422061 ===
h1 trend: stable
h2 trend: stable
average coherence delta: 3.997
entropy spikes recorded: 377
Interpretation: ⚡ Volatility increasing — possible new cipher rule or paradigm shift detected.
==============================================
=== Forge Reflective Mind Insight — 2026-01-05 12:27:25.366276 ===
h1 trend: stable
h2 trend: stable
average coherence delta: 3.997
entropy spikes recorded: 378
Interpretation: ⚡ Volatility increasing — possible new cipher rule or paradigm shift detected.
==============================================
=== Forge Reflective Mind Insight — 2026-01-05 12:27:29.294108 ===
h1 trend: stable
h2 trend: stable
average coherence delta: 3.997
entropy spikes recorded: 379
Interpretation: ⚡ Volatility increasing — possible new cipher rule or paradigm shift detected.
==============================================
=== Forge Reflective Mind Insight — 2026-01-05 12:27:33.180693 ===
h1 trend: stable
h2 trend: stable
average coherence delta: 3.997
entropy spikes recorded: 380
Interpretation: ⚡ Volatility increasing — possible new cipher rule or paradigm shift detected.
==============================================
=== Forge Reflective Mind Insight — 2026-01-05 12:27:37.152069 ===
h1 trend: stable
h2 trend: stable
average coherence delta: 3.997
entropy spikes recorded: 381
Interpretation: ⚡ Volatility increasing — possible new cipher rule or paradigm shift detected.
==============================================
=== Forge Reflective Mind Insight — 2026-01-05 12:27:41.220178 ===
h1 trend: stable
h2 trend: stable
average coherence delta: 3.997
entropy spikes recorded: 382
Interpretation: ⚡ Volatility increasing — possible new cipher rule or paradigm shift detected.
==============================================
=== Forge Reflective Mind Insight — 2026-01-05 12:27:45.128062 ===
h1 trend: stable
h2 trend: stable
average coherence delta: 3.997
entropy spikes recorded: 383
Interpretation: ⚡ Volatility increasing — possible new cipher rule or paradigm shift detected.
==============================================
=== Forge Reflective Mind Insight — 2026-01-05 12:27:48.823482 ===
h1 trend: stable
h2 trend: stable
average coherence delta: 3.997
entropy spikes recorded: 384
Interpretation: ⚡ Volatility increasing — possible new cipher rule or paradigm shift detected.
==============================================
=== Forge Reflective Mind Insight — 2026-01-05 12:27:52.967730 ===
h1 trend: stable
h2 trend: stable
average coherence delta: 3.997
entropy spikes recorded: 385
Interpretation: ⚡ Volatility increasing — possible new cipher rule or paradigm shift detected.
==============================================
=== Forge Reflective Mind Insight — 2026-01-05 12:27:56.604205 ===
h1 trend: stable
h2 trend: stable
average coherence delta: 3.997
entropy spikes recorded: 386
Interpretation: ⚡ Volatility increasing — possible new cipher rule or paradigm shift detected.
==============================================
=== Forge Reflective Mind Insight — 2026-01-05 12:28:00.340924 ===
h1 trend: stable
h2 trend: stable
average coherence delta: 3.997
entropy spikes recorded: 387
Interpretation: ⚡ Volatility increasing — possible new cipher rule or paradigm shift detected.
==============================================
=== Forge Reflective Mind Insight — 2026-01-05 12:28:04.091575 ===
h1 trend: stable
h2 trend: stable
average coherence delta: 3.997
entropy spikes recorded: 388
Interpretation: ⚡ Volatility increasing — possible new cipher rule or paradigm shift detected.
==============================================
=== Forge Reflective Mind Insight — 2026-01-05 12:28:08.042262 ===
h1 trend: stable
h2 trend: stable
average coherence delta: 3.997
entropy spikes recorded: 389
Interpretation: ⚡ Volatility increasing — possible new cipher rule or paradigm shift detected.
==============================================
=== Forge Reflective Mind Insight — 2026-01-05 12:28:12.136311 ===
h1 trend: stable
h2 trend: stable
average coherence delta: 3.997
entropy spikes recorded: 390
Interpretation: ⚡ Volatility increasing — possible new cipher rule or paradigm shift detected.
==============================================
=== Forge Reflective Mind Insight — 2026-01-05 12:28:15.976414 ===
h1 trend: stable
h2 trend: stable
average coherence delta: 3.997
entropy spikes recorded: 391
Interpretation: ⚡ Volatility increasing — possible new cipher rule or paradigm shift detected.
==============================================
=== Forge Reflective Mind Insight — 2026-01-05 12:28:19.684793 ===
h1 trend: stable
h2 trend: stable
average coherence delta: 3.997
entropy spikes recorded: 392
Interpretation: ⚡ Volatility increasing — possible new cipher rule or paradigm shift detected.
==============================================
=== Forge Reflective Mind Insight — 2026-01-05 12:28:23.590514 ===
h1 trend: stable
h2 trend: stable
average coherence delta: 3.997
entropy spikes recorded: 393
Interpretation: ⚡ Volatility increasing — possible new cipher rule or paradigm shift detected.
==============================================
=== Forge Reflective Mind Insight — 2026-01-05 12:28:27.360505 ===
h1 trend: stable
h2 trend: stable
average coherence delta: 3.997
entropy spikes recorded: 394
Interpretation: ⚡ Volatility increasing — possible new cipher rule or paradigm shift detected.
==============================================
=== Forge Reflective Mind Insight — 2026-01-05 12:28:31.077244 ===
h1 trend: stable
h2 trend: stable
average coherence delta: 3.997
entropy spikes recorded: 395
Interpretation: ⚡ Volatility increasing — possible new cipher rule or paradigm shift detected.
==============================================
=== Forge Reflective Mind Insight — 2026-01-05 12:28:34.913343 ===
h1 trend: stable
h2 trend: stable
average coherence delta: 3.997
entropy spikes recorded: 396
Interpretation: ⚡ Volatility increasing — possible new cipher rule or paradigm shift detected.
==============================================
=== Forge Reflective Mind Insight — 2026-01-05 12:28:39.170935 ===
h1 trend: stable
h2 trend: stable
average coherence delta: 3.997
entropy spikes recorded: 397
Interpretation: ⚡ Volatility increasing — possible new cipher rule or paradigm shift detected.
==============================================
=== Forge Reflective Mind Insight — 2026-01-05 12:28:44.298282 ===
h1 trend: stable
h2 trend: stable
average coherence delta: 3.997
entropy spikes recorded: 398
Interpretation: ⚡ Volatility increasing — possible new cipher rule or paradigm shift detected.
==============================================
=== Forge Reflective Mind Insight — 2026-01-05 12:28:48.340073 ===
h1 trend: stable
h2 trend: stable
average coherence delta: 3.997
entropy spikes recorded: 399
Interpretation: ⚡ Volatility increasing — possible new cipher rule or paradigm shift detected.
==============================================
=== Forge Reflective Mind Insight — 2026-01-05 12:28:52.623781 ===
h1 trend: stable
h2 trend: stable
average coherence delta: 3.997
entropy spikes recorded: 400
Interpretation: ⚡ Volatility increasing — possible new cipher rule or paradigm shift detected.
==============================================
=== Forge Reflective Mind Insight — 2026-01-05 12:28:56.567860 ===
h1 trend: stable
h2 trend: stable
average coherence delta: 3.997
entropy spikes recorded: 401
Interpretation: ⚡ Volatility increasing — possible new cipher rule or paradigm shift detected.
==============================================
=== Forge Reflective Mind Insight — 2026-01-05 12:29:00.793149 ===
h1 trend: stable
h2 trend: stable
average coherence delta: 3.997
entropy spikes recorded: 402
Interpretation: ⚡ Volatility increasing — possible new cipher rule or paradigm shift detected.
==============================================
=== Forge Reflective Mind Insight — 2026-01-05 12:29:04.598896 ===
h1 trend: stable
h2 trend: stable
average coherence delta: 3.997
entropy spikes recorded: 403
Interpretation: ⚡ Volatility increasing — possible new cipher rule or paradigm shift detected.
==============================================
=== Forge Reflective Mind Insight — 2026-01-05 12:29:08.563214 ===
h1 trend: stable
h2 trend: stable
average coherence delta: 3.997
entropy spikes recorded: 404
Interpretation: ⚡ Volatility increasing — possible new cipher rule or paradigm shift detected.
==============================================
=== Forge Reflective Mind Insight — 2026-01-05 12:29:12.518226 ===
h1 trend: stable
h2 trend: stable
average coherence delta: 3.997
entropy spikes recorded: 405
Interpretation: ⚡ Volatility increasing — possible new cipher rule or paradigm shift detected.
==============================================
=== Forge Reflective Mind Insight — 2026-01-05 12:29:16.461465 ===
h1 trend: stable
h2 trend: stable
average coherence delta: 3.997
entropy spikes recorded: 406
Interpretation: ⚡ Volatility increasing — possible new cipher rule or paradigm shift detected.
==============================================
=== Forge Reflective Mind Insight — 2026-01-05 12:29:20.397943 ===
h1 trend: stable
h2 trend: stable
average coherence delta: 3.997
entropy spikes recorded: 407
Interpretation: ⚡ Volatility increasing — possible new cipher rule or paradigm shift detected.
==============================================
=== Forge Reflective Mind Insight — 2026-01-05 12:29:24.565387 ===
h1 trend: stable
h2 trend: stable
average coherence delta: 3.997
entropy spikes recorded: 408
Interpretation: ⚡ Volatility increasing — possible new cipher rule or paradigm shift detected.
==============================================
=== Forge Reflective Mind Insight — 2026-01-05 12:29:28.554291 ===
h1 trend: stable
h2 trend: stable
average coherence delta: 3.997
entropy spikes recorded: 409
Interpretation: ⚡ Volatility increasing — possible new cipher rule or paradigm shift detected.
==============================================
=== Forge Reflective Mind Insight — 2026-01-05 12:29:32.711450 ===
h1 trend: stable
h2 trend: stable
average coherence delta: 3.997
entropy spikes recorded: 410
Interpretation: ⚡ Volatility increasing — possible new cipher rule or paradigm shift detected.
==============================================
=== Forge Reflective Mind Insight — 2026-01-05 12:29:36.478946 ===
h1 trend: stable
h2 trend: stable
average coherence delta: 3.997
entropy spikes recorded: 411
Interpretation: ⚡ Volatility increasing — possible new cipher rule or paradigm shift detected.
==============================================
=== Forge Reflective Mind Insight — 2026-01-05 12:29:40.405127 ===
h1 trend: stable
h2 trend: stable
average coherence delta: 3.997
entropy spikes recorded: 412
Interpretation: ⚡ Volatility increasing — possible new cipher rule or paradigm shift detected.
==============================================
=== Forge Reflective Mind Insight — 2026-01-05 12:29:44.301565 ===
h1 trend: stable
h2 trend: stable
average coherence delta: 3.997
entropy spikes recorded: 413
Interpretation: ⚡ Volatility increasing — possible new cipher rule or paradigm shift detected.
==============================================
=== Forge Reflective Mind Insight — 2026-01-05 12:29:48.379601 ===
h1 trend: stable
h2 trend: stable
average coherence delta: 3.997
entropy spikes recorded: 414
Interpretation: ⚡ Volatility increasing — possible new cipher rule or paradigm shift detected.
==============================================
=== Forge Reflective Mind Insight — 2026-01-05 12:29:52.192849 ===
h1 trend: stable
h2 trend: stable
average coherence delta: 3.997
entropy spikes recorded: 415
Interpretation: ⚡ Volatility increasing — possible new cipher rule or paradigm shift detected.
==============================================
=== Forge Reflective Mind Insight — 2026-01-05 12:29:56.011315 ===
h1 trend: stable
h2 trend: stable
average coherence delta: 3.997
entropy spikes recorded: 416
Interpretation: ⚡ Volatility increasing — possible new cipher rule or paradigm shift detected.
==============================================
=== Forge Reflective Mind Insight — 2026-01-05 12:29:59.919484 ===
h1 trend: stable
h2 trend: stable
average coherence delta: 3.997
entropy spikes recorded: 417
Interpretation: ⚡ Volatility increasing — possible new cipher rule or paradigm shift detected.
==============================================
=== Forge Reflective Mind Insight — 2026-01-05 12:30:04.027810 ===
h1 trend: stable
h2 trend: stable
average coherence delta: 3.997
entropy spikes recorded: 418
Interpretation: ⚡ Volatility increasing — possible new cipher rule or paradigm shift detected.
==============================================
=== Forge Reflective Mind Insight — 2026-01-05 12:30:07.750792 ===
h1 trend: stable
h2 trend: stable
average coherence delta: 3.997
entropy spikes recorded: 419
Interpretation: ⚡ Volatility increasing — possible new cipher rule or paradigm shift detected.
==============================================
=== Forge Reflective Mind Insight — 2026-01-05 12:30:11.708679 ===
h1 trend: stable
h2 trend: stable
average coherence delta: 3.997
entropy spikes recorded: 420
Interpretation: ⚡ Volatility increasing — possible new cipher rule or paradigm shift detected.
==============================================
=== Forge Reflective Mind Insight — 2026-01-05 12:30:15.671737 ===
h1 trend: stable
h2 trend: stable
average coherence delta: 3.997
entropy spikes recorded: 421
Interpretation: ⚡ Volatility increasing — possible new cipher rule or paradigm shift detected.
==============================================
=== Forge Reflective Mind Insight — 2026-01-05 12:30:19.677524 ===
h1 trend: stable
h2 trend: stable
average coherence delta: 3.997
entropy spikes recorded: 422
Interpretation: ⚡ Volatility increasing — possible new cipher rule or paradigm shift detected.
==============================================
=== Forge Reflective Mind Insight — 2026-01-05 12:30:23.403705 ===
h1 trend: stable
h2 trend: stable
average coherence delta: 3.997
entropy spikes recorded: 423
Interpretation: ⚡ Volatility increasing — possible new cipher rule or paradigm shift detected.
==============================================
=== Forge Reflective Mind Insight — 2026-01-05 12:30:27.081996 ===
h1 trend: stable
h2 trend: stable
average coherence delta: 3.997
entropy spikes recorded: 424
Interpretation: ⚡ Volatility increasing — possible new cipher rule or paradigm shift detected.
==============================================
=== Forge Reflective Mind Insight — 2026-01-05 12:30:30.894981 ===
h1 trend: stable
h2 trend: stable
average coherence delta: 3.997
entropy spikes recorded: 425
Interpretation: ⚡ Volatility increasing — possible new cipher rule or paradigm shift detected.
==============================================
=== Forge Reflective Mind Insight — 2026-01-05 12:30:34.722436 ===
h1 trend: stable
h2 trend: stable
average coherence delta: 3.997
entropy spikes recorded: 426
Interpretation: ⚡ Volatility increasing — possible new cipher rule or paradigm shift detected.
==============================================
=== Forge Reflective Mind Insight — 2026-01-05 12:30:39.140324 ===
h1 trend: stable
h2 trend: stable
average coherence delta: 3.997
entropy spikes recorded: 427
Interpretation: ⚡ Volatility increasing — possible new cipher rule or paradigm shift detected.
==============================================
=== Forge Reflective Mind Insight — 2026-01-05 12:30:43.381828 ===
h1 trend: stable
h2 trend: stable
average coherence delta: 3.997
entropy spikes recorded: 428
Interpretation: ⚡ Volatility increasing — possible new cipher rule or paradigm shift detected.
==============================================
=== Forge Reflective Mind Insight — 2026-01-05 12:30:47.354344 ===
h1 trend: stable
h2 trend: stable
average coherence delta: 3.997
entropy spikes recorded: 429
Interpretation: ⚡ Volatility increasing — possible new cipher rule or paradigm shift detected.
==============================================
=== Forge Reflective Mind Insight — 2026-01-05 12:30:51.134364 ===
h1 trend: stable
h2 trend: stable
average coherence delta: 3.997
entropy spikes recorded: 430
Interpretation: ⚡ Volatility increasing — possible new cipher rule or paradigm shift detected.
==============================================
=== Forge Reflective Mind Insight — 2026-01-05 12:30:55.167176 ===
h1 trend: stable
h2 trend: stable
average coherence delta: 3.997
entropy spikes recorded: 431
Interpretation: ⚡ Volatility increasing — possible new cipher rule or paradigm shift detected.
==============================================
=== Forge Reflective Mind Insight — 2026-01-05 12:30:58.938330 ===
h1 trend: stable
h2 trend: stable
average coherence delta: 3.997
entropy spikes recorded: 432
Interpretation: ⚡ Volatility increasing — possible new cipher rule or paradigm shift detected.
==============================================
=== Forge Reflective Mind Insight — 2026-01-05 12:31:02.790700 ===
h1 trend: stable
h2 trend: stable
average coherence delta: 3.997
entropy spikes recorded: 433
Interpretation: ⚡ Volatility increasing — possible new cipher rule or paradigm shift detected.
==============================================
=== Forge Reflective Mind Insight — 2026-01-05 12:31:06.745796 ===
h1 trend: stable
h2 trend: stable
average coherence delta: 3.997
entropy spikes recorded: 434
Interpretation: ⚡ Volatility increasing — possible new cipher rule or paradigm shift detected.
==============================================
=== Forge Reflective Mind Insight — 2026-01-05 12:31:10.772596 ===
h1 trend: stable
h2 trend: stable
average coherence delta: 3.997
entropy spikes recorded: 435
Interpretation: ⚡ Volatility increasing — possible new cipher rule or paradigm shift detected.
==============================================
=== Forge Reflective Mind Insight — 2026-01-05 12:31:14.419764 ===
h1 trend: stable
h2 trend: stable
average coherence delta: 3.997
entropy spikes recorded: 436
Interpretation: ⚡ Volatility increasing — possible new cipher rule or paradigm shift detected.
==============================================
=== Forge Reflective Mind Insight — 2026-01-05 12:31:18.236259 ===
h1 trend: stable
h2 trend: stable
average coherence delta: 3.997
entropy spikes recorded: 437
Interpretation: ⚡ Volatility increasing — possible new cipher rule or paradigm shift detected.
==============================================
=== Forge Reflective Mind Insight — 2026-01-05 12:31:22.060325 ===
h1 trend: stable
h2 trend: stable
average coherence delta: 3.997
entropy spikes recorded: 438
Interpretation: ⚡ Volatility increasing — possible new cipher rule or paradigm shift detected.
==============================================
=== Forge Reflective Mind Insight — 2026-01-05 12:31:26.025010 ===
h1 trend: stable
h2 trend: stable
average coherence delta: 3.997
entropy spikes recorded: 439
Interpretation: ⚡ Volatility increasing — possible new cipher rule or paradigm shift detected.
==============================================
=== Forge Reflective Mind Insight — 2026-01-05 12:31:29.954977 ===
h1 trend: stable
h2 trend: stable
average coherence delta: 3.997
entropy spikes recorded: 440
Interpretation: ⚡ Volatility increasing — possible new cipher rule or paradigm shift detected.
==============================================
=== Forge Reflective Mind Insight — 2026-01-05 12:31:33.728999 ===
h1 trend: stable
h2 trend: stable
average coherence delta: 3.997
entropy spikes recorded: 441
Interpretation: ⚡ Volatility increasing — possible new cipher rule or paradigm shift detected.
==============================================
=== Forge Reflective Mind Insight — 2026-01-05 12:31:37.481434 ===
h1 trend: stable
h2 trend: stable
average coherence delta: 3.997
entropy spikes recorded: 442
Interpretation: ⚡ Volatility increasing — possible new cipher rule or paradigm shift detected.
==============================================
=== Forge Reflective Mind Insight — 2026-01-05 12:31:41.239981 ===
h1 trend: stable
h2 trend: stable
average coherence delta: 3.997
entropy spikes recorded: 443
Interpretation: ⚡ Volatility increasing — possible new cipher rule or paradigm shift detected.
==============================================
=== Forge Reflective Mind Insight — 2026-01-05 12:31:45.427339 ===
h1 trend: stable
h2 trend: stable
average coherence delta: 3.997
entropy spikes recorded: 444
Interpretation: ⚡ Volatility increasing — possible new cipher rule or paradigm shift detected.
==============================================
=== Forge Reflective Mind Insight — 2026-01-05 12:31:49.586523 ===
h1 trend: stable
h2 trend: stable
average coherence delta: 3.997
entropy spikes recorded: 445
Interpretation: ⚡ Volatility increasing — possible new cipher rule or paradigm shift detected.
==============================================
=== Forge Reflective Mind Insight — 2026-01-05 12:31:53.741668 ===
h1 trend: stable
h2 trend: stable
average coherence delta: 3.997
entropy spikes recorded: 446
Interpretation: ⚡ Volatility increasing — possible new cipher rule or paradigm shift detected.
==============================================
=== Forge Reflective Mind Insight — 2026-01-05 12:31:57.600569 ===
h1 trend: stable
h2 trend: stable
average coherence delta: 3.997
entropy spikes recorded: 447
Interpretation: ⚡ Volatility increasing — possible new cipher rule or paradigm shift detected.
==============================================
=== Forge Reflective Mind Insight — 2026-01-05 12:32:01.667283 ===
h1 trend: stable
h2 trend: stable
average coherence delta: 3.997
entropy spikes recorded: 448
Interpretation: ⚡ Volatility increasing — possible new cipher rule or paradigm shift detected.
==============================================
=== Forge Reflective Mind Insight — 2026-01-05 12:32:05.599372 ===
h1 trend: stable
h2 trend: stable
average coherence delta: 3.997
entropy spikes recorded: 449
Interpretation: ⚡ Volatility increasing — possible new cipher rule or paradigm shift detected.
==============================================
=== Forge Reflective Mind Insight — 2026-01-05 12:32:09.587724 ===
h1 trend: stable
h2 trend: stable
average coherence delta: 3.997
entropy spikes recorded: 450
Interpretation: ⚡ Volatility increasing — possible new cipher rule or paradigm shift detected.
==============================================
=== Forge Reflective Mind Insight — 2026-01-05 12:32:13.321467 ===
h1 trend: stable
h2 trend: stable
average coherence delta: 3.997
entropy spikes recorded: 451
Interpretation: ⚡ Volatility increasing — possible new cipher rule or paradigm shift detected.
==============================================
=== Forge Reflective Mind Insight — 2026-01-05 12:32:17.018086 ===
h1 trend: stable
h2 trend: stable
average coherence delta: 3.997
entropy spikes recorded: 452
Interpretation: ⚡ Volatility increasing — possible new cipher rule or paradigm shift detected.
==============================================
=== Forge Reflective Mind Insight — 2026-01-05 12:32:20.979456 ===
h1 trend: stable
h2 trend: stable
average coherence delta: 3.997
entropy spikes recorded: 453
Interpretation: ⚡ Volatility increasing — possible new cipher rule or paradigm shift detected.
==============================================
=== Forge Reflective Mind Insight — 2026-01-05 12:32:25.013676 ===
h1 trend: stable
h2 trend: stable
average coherence delta: 3.997
entropy spikes recorded: 454
Interpretation: ⚡ Volatility increasing — possible new cipher rule or paradigm shift detected.
==============================================
=== Forge Reflective Mind Insight — 2026-01-05 12:32:28.721298 ===
h1 trend: stable
h2 trend: stable
average coherence delta: 3.997
entropy spikes recorded: 455
Interpretation: ⚡ Volatility increasing — possible new cipher rule or paradigm shift detected.
==============================================
=== Forge Reflective Mind Insight — 2026-01-05 12:32:32.529920 ===
h1 trend: stable
h2 trend: stable
average coherence delta: 3.997
entropy spikes recorded: 456
Interpretation: ⚡ Volatility increasing — possible new cipher rule or paradigm shift detected.
==============================================
=== Forge Reflective Mind Insight — 2026-01-05 12:32:36.245173 ===
h1 trend: stable
h2 trend: stable
average coherence delta: 3.997
entropy spikes recorded: 457
Interpretation: ⚡ Volatility increasing — possible new cipher rule or paradigm shift detected.
==============================================
=== Forge Reflective Mind Insight — 2026-01-05 12:32:39.979277 ===
h1 trend: stable
h2 trend: stable
average coherence delta: 3.997
entropy spikes recorded: 458
Interpretation: ⚡ Volatility increasing — possible new cipher rule or paradigm shift detected.
==============================================
=== Forge Reflective Mind Insight — 2026-01-05 12:32:43.932705 ===
h1 trend: stable
h2 trend: stable
average coherence delta: 3.997
entropy spikes recorded: 459
Interpretation: ⚡ Volatility increasing — possible new cipher rule or paradigm shift detected.
==============================================
=== Forge Reflective Mind Insight — 2026-01-05 12:32:47.856349 ===
h1 trend: stable
h2 trend: stable
average coherence delta: 3.997
entropy spikes recorded: 460
Interpretation: ⚡ Volatility increasing — possible new cipher rule or paradigm shift detected.
==============================================
=== Forge Reflective Mind Insight — 2026-01-05 12:32:51.881996 ===
h1 trend: stable
h2 trend: stable
average coherence delta: 3.997
entropy spikes recorded: 461
Interpretation: ⚡ Volatility increasing — possible new cipher rule or paradigm shift detected.
==============================================
=== Forge Reflective Mind Insight — 2026-01-05 12:32:56.612004 ===
h1 trend: stable
h2 trend: stable
average coherence delta: 3.997
entropy spikes recorded: 462
Interpretation: ⚡ Volatility increasing — possible new cipher rule or paradigm shift detected.
==============================================
=== Forge Reflective Mind Insight — 2026-01-05 12:33:00.232359 ===
h1 trend: stable
h2 trend: stable
average coherence delta: 3.997
entropy spikes recorded: 463
Interpretation: ⚡ Volatility increasing — possible new cipher rule or paradigm shift detected.
==============================================
=== Forge Reflective Mind Insight — 2026-01-05 12:33:04.120343 ===
h1 trend: stable
h2 trend: stable
average coherence delta: 3.997
entropy spikes recorded: 464
Interpretation: ⚡ Volatility increasing — possible new cipher rule or paradigm shift detected.
==============================================
=== Forge Reflective Mind Insight — 2026-01-05 12:33:08.122899 ===
h1 trend: stable
h2 trend: stable
average coherence delta: 3.997
entropy spikes recorded: 465
Interpretation: ⚡ Volatility increasing — possible new cipher rule or paradigm shift detected.
==============================================
=== Forge Reflective Mind Insight — 2026-01-05 12:33:11.954806 ===
h1 trend: stable
h2 trend: stable
average coherence delta: 3.997
entropy spikes recorded: 466
Interpretation: ⚡ Volatility increasing — possible new cipher rule or paradigm shift detected.
==============================================
=== Forge Reflective Mind Insight — 2026-01-05 12:33:15.839852 ===
h1 trend: stable
h2 trend: stable
average coherence delta: 3.997
entropy spikes recorded: 467
Interpretation: ⚡ Volatility increasing — possible new cipher rule or paradigm shift detected.
==============================================
=== Forge Reflective Mind Insight — 2026-01-05 12:33:19.766973 ===
h1 trend: stable
h2 trend: stable
average coherence delta: 3.997
entropy spikes recorded: 468
Interpretation: ⚡ Volatility increasing — possible new cipher rule or paradigm shift detected.
==============================================
=== Forge Reflective Mind Insight — 2026-01-05 12:33:23.696127 ===
h1 trend: stable
h2 trend: stable
average coherence delta: 3.997
entropy spikes recorded: 469
Interpretation: ⚡ Volatility increasing — possible new cipher rule or paradigm shift detected.
==============================================
=== Forge Reflective Mind Insight — 2026-01-05 12:33:27.422840 ===
h1 trend: stable
h2 trend: stable
average coherence delta: 3.997
entropy spikes recorded: 470
Interpretation: ⚡ Volatility increasing — possible new cipher rule or paradigm shift detected.
==============================================
=== Forge Reflective Mind Insight — 2026-01-05 12:33:31.119729 ===
h1 trend: stable
h2 trend: stable
average coherence delta: 3.997
entropy spikes recorded: 471
Interpretation: ⚡ Volatility increasing — possible new cipher rule or paradigm shift detected.
==============================================
=== Forge Reflective Mind Insight — 2026-01-05 12:33:34.936627 ===
h1 trend: stable
h2 trend: stable
average coherence delta: 3.997
entropy spikes recorded: 472
Interpretation: ⚡ Volatility increasing — possible new cipher rule or paradigm shift detected.
==============================================
=== Forge Reflective Mind Insight — 2026-01-05 12:33:39.137234 ===
h1 trend: stable
h2 trend: stable
average coherence delta: 3.997
entropy spikes recorded: 473
Interpretation: ⚡ Volatility increasing — possible new cipher rule or paradigm shift detected.
==============================================
=== Forge Reflective Mind Insight — 2026-01-05 12:33:43.008958 ===
h1 trend: stable
h2 trend: stable
average coherence delta: 3.997
entropy spikes recorded: 474
Interpretation: ⚡ Volatility increasing — possible new cipher rule or paradigm shift detected.
==============================================
=== Forge Reflective Mind Insight — 2026-01-05 12:33:46.972252 ===
h1 trend: stable
h2 trend: stable
average coherence delta: 3.997
entropy spikes recorded: 475
Interpretation: ⚡ Volatility increasing — possible new cipher rule or paradigm shift detected.
==============================================
=== Forge Reflective Mind Insight — 2026-01-05 12:33:51.100091 ===
h1 trend: stable
h2 trend: stable
average coherence delta: 3.997
entropy spikes recorded: 476
Interpretation: ⚡ Volatility increasing — possible new cipher rule or paradigm shift detected.
==============================================
=== Forge Reflective Mind Insight — 2026-01-05 12:33:55.099300 ===
h1 trend: stable
h2 trend: stable
average coherence delta: 3.997
entropy spikes recorded: 477
Interpretation: ⚡ Volatility increasing — possible new cipher rule or paradigm shift detected.
==============================================
=== Forge Reflective Mind Insight — 2026-01-05 12:33:59.038993 ===
h1 trend: stable
h2 trend: stable
average coherence delta: 3.997
entropy spikes recorded: 478
Interpretation: ⚡ Volatility increasing — possible new cipher rule or paradigm shift detected.
==============================================
=== Forge Reflective Mind Insight — 2026-01-05 12:34:03.076156 ===
h1 trend: stable
h2 trend: stable
average coherence delta: 3.997
entropy spikes recorded: 479
Interpretation: ⚡ Volatility increasing — possible new cipher rule or paradigm shift detected.
==============================================
=== Forge Reflective Mind Insight — 2026-01-05 12:34:07.077125 ===
h1 trend: stable
h2 trend: stable
average coherence delta: 3.997
entropy spikes recorded: 480
Interpretation: ⚡ Volatility increasing — possible new cipher rule or paradigm shift detected.
==============================================
=== Forge Reflective Mind Insight — 2026-01-05 12:34:10.928843 ===
h1 trend: stable
h2 trend: stable
average coherence delta: 3.997
entropy spikes recorded: 481
Interpretation: ⚡ Volatility increasing — possible new cipher rule or paradigm shift detected.
==============================================
=== Forge Reflective Mind Insight — 2026-01-05 12:34:14.732684 ===
h1 trend: stable
h2 trend: stable
average coherence delta: 3.997
entropy spikes recorded: 482
Interpretation: ⚡ Volatility increasing — possible new cipher rule or paradigm shift detected.
==============================================
=== Forge Reflective Mind Insight — 2026-01-05 12:34:18.514183 ===
h1 trend: stable
h2 trend: stable
average coherence delta: 3.997
entropy spikes recorded: 483
Interpretation: ⚡ Volatility increasing — possible new cipher rule or paradigm shift detected.
==============================================
=== Forge Reflective Mind Insight — 2026-01-05 12:34:22.234252 ===
h1 trend: stable
h2 trend: stable
average coherence delta: 3.997
entropy spikes recorded: 484
Interpretation: ⚡ Volatility increasing — possible new cipher rule or paradigm shift detected.
==============================================
=== Forge Reflective Mind Insight — 2026-01-05 12:34:25.917180 ===
h1 trend: stable
h2 trend: stable
average coherence delta: 3.997
entropy spikes recorded: 485
Interpretation: ⚡ Volatility increasing — possible new cipher rule or paradigm shift detected.
==============================================
=== Forge Reflective Mind Insight — 2026-01-05 12:34:29.872903 ===
h1 trend: stable
h2 trend: stable
average coherence delta: 3.997
entropy spikes recorded: 486
Interpretation: ⚡ Volatility increasing — possible new cipher rule or paradigm shift detected.
==============================================
=== Forge Reflective Mind Insight — 2026-01-05 12:34:34.524135 ===
h1 trend: stable
h2 trend: stable
average coherence delta: 3.997
entropy spikes recorded: 487
Interpretation: ⚡ Volatility increasing — possible new cipher rule or paradigm shift detected.
==============================================
=== Forge Reflective Mind Insight — 2026-01-05 12:34:38.359617 ===
h1 trend: stable
h2 trend: stable
average coherence delta: 3.997
entropy spikes recorded: 488
Interpretation: ⚡ Volatility increasing — possible new cipher rule or paradigm shift detected.
==============================================
=== Forge Reflective Mind Insight — 2026-01-05 12:34:42.775791 ===
h1 trend: stable
h2 trend: stable
average coherence delta: 3.997
entropy spikes recorded: 489
Interpretation: ⚡ Volatility increasing — possible new cipher rule or paradigm shift detected.
==============================================
=== Forge Reflective Mind Insight — 2026-01-05 12:34:47.315194 ===
h1 trend: stable
h2 trend: stable
average coherence delta: 3.997
entropy spikes recorded: 490
Interpretation: ⚡ Volatility increasing — possible new cipher rule or paradigm shift detected.
==============================================
=== Forge Reflective Mind Insight — 2026-01-05 12:34:51.217824 ===
h1 trend: stable
h2 trend: stable
average coherence delta: 3.997
entropy spikes recorded: 491
Interpretation: ⚡ Volatility increasing — possible new cipher rule or paradigm shift detected.
==============================================
=== Forge Reflective Mind Insight — 2026-01-05 12:34:55.093521 ===
h1 trend: stable
h2 trend: stable
average coherence delta: 3.997
entropy spikes recorded: 492
Interpretation: ⚡ Volatility increasing — possible new cipher rule or paradigm shift detected.
==============================================
=== Forge Reflective Mind Insight — 2026-01-05 12:34:58.920500 ===
h1 trend: stable
h2 trend: stable
average coherence delta: 3.997
entropy spikes recorded: 493
Interpretation: ⚡ Volatility increasing — possible new cipher rule or paradigm shift detected.
==============================================
=== Forge Reflective Mind Insight — 2026-01-05 12:35:02.910703 ===
h1 trend: stable
h2 trend: stable
average coherence delta: 3.997
entropy spikes recorded: 494
Interpretation: ⚡ Volatility increasing — possible new cipher rule or paradigm shift detected.
==============================================
=== Forge Reflective Mind Insight — 2026-01-05 12:35:06.760803 ===
h1 trend: stable
h2 trend: stable
average coherence delta: 3.997
entropy spikes recorded: 495
Interpretation: ⚡ Volatility increasing — possible new cipher rule or paradigm shift detected.
==============================================
=== Forge Reflective Mind Insight — 2026-01-05 12:35:10.786375 ===
h1 trend: stable
h2 trend: stable
average coherence delta: 3.997
entropy spikes recorded: 496
Interpretation: ⚡ Volatility increasing — possible new cipher rule or paradigm shift detected.
==============================================
=== Forge Reflective Mind Insight — 2026-01-05 12:35:14.470554 ===
h1 trend: stable
h2 trend: stable
average coherence delta: 3.997
entropy spikes recorded: 497
Interpretation: ⚡ Volatility increasing — possible new cipher rule or paradigm shift detected.
==============================================
=== Forge Reflective Mind Insight — 2026-01-05 12:35:18.369032 ===
h1 trend: stable
h2 trend: stable
average coherence delta: 3.997
entropy spikes recorded: 498
Interpretation: ⚡ Volatility increasing — possible new cipher rule or paradigm shift detected.
==============================================
=== Forge Reflective Mind Insight — 2026-01-05 12:35:22.494323 ===
h1 trend: stable
h2 trend: stable
average coherence delta: 3.997
entropy spikes recorded: 499
Interpretation: ⚡ Volatility increasing — possible new cipher rule or paradigm shift detected.
==============================================
=== Forge Reflective Mind Insight — 2026-01-05 12:35:26.467746 ===
h1 trend: stable
h2 trend: stable
average coherence delta: 3.997
entropy spikes recorded: 500
Interpretation: ⚡ Volatility increasing — possible new cipher rule or paradigm shift detected.
==============================================
=== Forge Reflective Mind Insight — 2026-01-05 12:35:30.228161 ===
h1 trend: stable
h2 trend: stable
average coherence delta: 3.997
entropy spikes recorded: 501
Interpretation: ⚡ Volatility increasing — possible new cipher rule or paradigm shift detected.
==============================================
=== Forge Reflective Mind Insight — 2026-01-05 12:35:34.000906 ===
h1 trend: stable
h2 trend: stable
average coherence delta: 3.997
entropy spikes recorded: 502
Interpretation: ⚡ Volatility increasing — possible new cipher rule or paradigm shift detected.
==============================================
=== Forge Reflective Mind Insight — 2026-01-05 12:35:37.761802 ===
h1 trend: stable
h2 trend: stable
average coherence delta: 3.997
entropy spikes recorded: 503
Interpretation: ⚡ Volatility increasing — possible new cipher rule or paradigm shift detected.
==============================================
=== Forge Reflective Mind Insight — 2026-01-05 12:35:41.498825 ===
h1 trend: stable
h2 trend: stable
average coherence delta: 3.997
entropy spikes recorded: 504
Interpretation: ⚡ Volatility increasing — possible new cipher rule or paradigm shift detected.
==============================================
=== Forge Reflective Mind Insight — 2026-01-05 12:35:45.283271 ===
h1 trend: stable
h2 trend: stable
average coherence delta: 3.997
entropy spikes recorded: 505
Interpretation: ⚡ Volatility increasing — possible new cipher rule or paradigm shift detected.
==============================================
=== Forge Reflective Mind Insight — 2026-01-05 12:35:49.301950 ===
h1 trend: stable
h2 trend: stable
average coherence delta: 3.997
entropy spikes recorded: 506
Interpretation: ⚡ Volatility increasing — possible new cipher rule or paradigm shift detected.
==============================================
=== Forge Reflective Mind Insight — 2026-01-05 12:35:53.286231 ===
h1 trend: stable
h2 trend: stable
average coherence delta: 3.997
entropy spikes recorded: 507
Interpretation: ⚡ Volatility increasing — possible new cipher rule or paradigm shift detected.
==============================================
=== Forge Reflective Mind Insight — 2026-01-05 12:35:57.084113 ===
h1 trend: stable
h2 trend: stable
average coherence delta: 3.997
entropy spikes recorded: 508
Interpretation: ⚡ Volatility increasing — possible new cipher rule or paradigm shift detected.
==============================================
=== Forge Reflective Mind Insight — 2026-01-05 12:36:00.861221 ===
h1 trend: stable
h2 trend: stable
average coherence delta: 3.997
entropy spikes recorded: 509
Interpretation: ⚡ Volatility increasing — possible new cipher rule or paradigm shift detected.
==============================================
=== Forge Reflective Mind Insight — 2026-01-05 12:36:04.841217 ===
h1 trend: stable
h2 trend: stable
average coherence delta: 3.997
entropy spikes recorded: 510
Interpretation: ⚡ Volatility increasing — possible new cipher rule or paradigm shift detected.
==============================================
=== Forge Reflective Mind Insight — 2026-01-05 12:36:08.878827 ===
h1 trend: stable
h2 trend: stable
average coherence delta: 3.997
entropy spikes recorded: 511
Interpretation: ⚡ Volatility increasing — possible new cipher rule or paradigm shift detected.
==============================================
=== Forge Reflective Mind Insight — 2026-01-05 12:36:13.005213 ===
h1 trend: stable
h2 trend: stable
average coherence delta: 3.997
entropy spikes recorded: 512
Interpretation: ⚡ Volatility increasing — possible new cipher rule or paradigm shift detected.
==============================================
=== Forge Reflective Mind Insight — 2026-01-05 12:36:16.890621 ===
h1 trend: stable
h2 trend: stable
average coherence delta: 3.997
entropy spikes recorded: 513
Interpretation: ⚡ Volatility increasing — possible new cipher rule or paradigm shift detected.
==============================================
=== Forge Reflective Mind Insight — 2026-01-05 12:36:20.629683 ===
h1 trend: stable
h2 trend: stable
average coherence delta: 3.997
entropy spikes recorded: 514
Interpretation: ⚡ Volatility increasing — possible new cipher rule or paradigm shift detected.
==============================================
=== Forge Reflective Mind Insight — 2026-01-05 12:36:24.359162 ===
h1 trend: stable
h2 trend: stable
average coherence delta: 3.997
entropy spikes recorded: 515
Interpretation: ⚡ Volatility increasing — possible new cipher rule or paradigm shift detected.
==============================================
=== Forge Reflective Mind Insight — 2026-01-05 12:36:28.062163 ===
h1 trend: stable
h2 trend: stable
average coherence delta: 3.997
entropy spikes recorded: 516
Interpretation: ⚡ Volatility increasing — possible new cipher rule or paradigm shift detected.
==============================================
=== Forge Reflective Mind Insight — 2026-01-05 12:36:31.800034 ===
h1 trend: stable
h2 trend: stable
average coherence delta: 3.997
entropy spikes recorded: 517
Interpretation: ⚡ Volatility increasing — possible new cipher rule or paradigm shift detected.
==============================================
=== Forge Reflective Mind Insight — 2026-01-05 12:36:35.524686 ===
h1 trend: stable
h2 trend: stable
average coherence delta: 3.997
entropy spikes recorded: 518
Interpretation: ⚡ Volatility increasing — possible new cipher rule or paradigm shift detected.
==============================================
=== Forge Reflective Mind Insight — 2026-01-05 12:36:39.315062 ===
h1 trend: stable
h2 trend: stable
average coherence delta: 3.997
entropy spikes recorded: 519
Interpretation: ⚡ Volatility increasing — possible new cipher rule or paradigm shift detected.
==============================================
=== Forge Reflective Mind Insight — 2026-01-05 12:36:43.358364 ===
h1 trend: stable
h2 trend: stable
average coherence delta: 3.997
entropy spikes recorded: 520
Interpretation: ⚡ Volatility increasing — possible new cipher rule or paradigm shift detected.
==============================================
=== Forge Reflective Mind Insight — 2026-01-05 12:36:47.148079 ===
h1 trend: stable
h2 trend: stable
average coherence delta: 3.997
entropy spikes recorded: 521
Interpretation: ⚡ Volatility increasing — possible new cipher rule or paradigm shift detected.
==============================================
=== Forge Reflective Mind Insight — 2026-01-05 12:36:50.928515 ===
h1 trend: stable
h2 trend: stable
average coherence delta: 3.997
entropy spikes recorded: 522
Interpretation: ⚡ Volatility increasing — possible new cipher rule or paradigm shift detected.
==============================================
=== Forge Reflective Mind Insight — 2026-01-05 12:36:54.653080 ===
h1 trend: stable
h2 trend: stable
average coherence delta: 3.997
entropy spikes recorded: 523
Interpretation: ⚡ Volatility increasing — possible new cipher rule or paradigm shift detected.
==============================================
=== Forge Reflective Mind Insight — 2026-01-05 12:36:58.381691 ===
h1 trend: stable
h2 trend: stable
average coherence delta: 3.997
entropy spikes recorded: 524
Interpretation: ⚡ Volatility increasing — possible new cipher rule or paradigm shift detected.
==============================================
=== Forge Reflective Mind Insight — 2026-01-05 12:37:02.121334 ===
h1 trend: stable
h2 trend: stable
average coherence delta: 3.997
entropy spikes recorded: 525
Interpretation: ⚡ Volatility increasing — possible new cipher rule or paradigm shift detected.
==============================================
=== Forge Reflective Mind Insight — 2026-01-05 12:37:05.809275 ===
h1 trend: stable
h2 trend: stable
average coherence delta: 3.997
entropy spikes recorded: 526
Interpretation: ⚡ Volatility increasing — possible new cipher rule or paradigm shift detected.
==============================================
=== Forge Reflective Mind Insight — 2026-01-05 12:37:09.529254 ===
h1 trend: stable
h2 trend: stable
average coherence delta: 3.997
entropy spikes recorded: 527
Interpretation: ⚡ Volatility increasing — possible new cipher rule or paradigm shift detected.
==============================================
=== Forge Reflective Mind Insight — 2026-01-05 12:37:13.430529 ===
h1 trend: stable
h2 trend: stable
average coherence delta: 3.997
entropy spikes recorded: 528
Interpretation: ⚡ Volatility increasing — possible new cipher rule or paradigm shift detected.
==============================================
=== Forge Reflective Mind Insight — 2026-01-05 12:37:17.356496 ===
h1 trend: stable
h2 trend: stable
average coherence delta: 3.997
entropy spikes recorded: 529
Interpretation: ⚡ Volatility increasing — possible new cipher rule or paradigm shift detected.
==============================================
=== Forge Reflective Mind Insight — 2026-01-05 12:37:21.389064 ===
h1 trend: stable
h2 trend: stable
average coherence delta: 3.997
entropy spikes recorded: 530
Interpretation: ⚡ Volatility increasing — possible new cipher rule or paradigm shift detected.
==============================================
=== Forge Reflective Mind Insight — 2026-01-05 12:37:25.289149 ===
h1 trend: stable
h2 trend: stable
average coherence delta: 3.997
entropy spikes recorded: 531
Interpretation: ⚡ Volatility increasing — possible new cipher rule or paradigm shift detected.
==============================================
=== Forge Reflective Mind Insight — 2026-01-05 12:37:29.482283 ===
h1 trend: stable
h2 trend: stable
average coherence delta: 3.997
entropy spikes recorded: 532
Interpretation: ⚡ Volatility increasing — possible new cipher rule or paradigm shift detected.
==============================================
=== Forge Reflective Mind Insight — 2026-01-05 12:37:33.479592 ===
h1 trend: stable
h2 trend: stable
average coherence delta: 3.997
entropy spikes recorded: 533
Interpretation: ⚡ Volatility increasing — possible new cipher rule or paradigm shift detected.
==============================================
=== Forge Reflective Mind Insight — 2026-01-05 12:37:37.326649 ===
h1 trend: stable
h2 trend: stable
average coherence delta: 3.997
entropy spikes recorded: 534
Interpretation: ⚡ Volatility increasing — possible new cipher rule or paradigm shift detected.
==============================================
=== Forge Reflective Mind Insight — 2026-01-05 12:37:41.304473 ===
h1 trend: stable
h2 trend: stable
average coherence delta: 3.997
entropy spikes recorded: 535
Interpretation: ⚡ Volatility increasing — possible new cipher rule or paradigm shift detected.
==============================================
=== Forge Reflective Mind Insight — 2026-01-05 12:37:45.067993 ===
h1 trend: stable
h2 trend: stable
average coherence delta: 3.997
entropy spikes recorded: 536
Interpretation: ⚡ Volatility increasing — possible new cipher rule or paradigm shift detected.
==============================================
=== Forge Reflective Mind Insight — 2026-01-05 12:37:48.824758 ===
h1 trend: stable
h2 trend: stable
average coherence delta: 3.997
entropy spikes recorded: 537
Interpretation: ⚡ Volatility increasing — possible new cipher rule or paradigm shift detected.
==============================================
=== Forge Reflective Mind Insight — 2026-01-05 12:37:52.792672 ===
h1 trend: stable
h2 trend: stable
average coherence delta: 3.997
entropy spikes recorded: 538
Interpretation: ⚡ Volatility increasing — possible new cipher rule or paradigm shift detected.
==============================================
=== Forge Reflective Mind Insight — 2026-01-05 12:37:56.824949 ===
h1 trend: stable
h2 trend: stable
average coherence delta: 3.997
entropy spikes recorded: 539
Interpretation: ⚡ Volatility increasing — possible new cipher rule or paradigm shift detected.
==============================================
=== Forge Reflective Mind Insight — 2026-01-05 12:38:00.817527 ===
h1 trend: stable
h2 trend: stable
average coherence delta: 3.997
entropy spikes recorded: 540
Interpretation: ⚡ Volatility increasing — possible new cipher rule or paradigm shift detected.
==============================================
=== Forge Reflective Mind Insight — 2026-01-05 12:38:04.919413 ===
h1 trend: stable
h2 trend: stable
average coherence delta: 3.997
entropy spikes recorded: 541
Interpretation: ⚡ Volatility increasing — possible new cipher rule or paradigm shift detected.
==============================================
=== Forge Reflective Mind Insight — 2026-01-05 12:38:08.895129 ===
h1 trend: stable
h2 trend: stable
average coherence delta: 3.997
entropy spikes recorded: 542
Interpretation: ⚡ Volatility increasing — possible new cipher rule or paradigm shift detected.
==============================================
=== Forge Reflective Mind Insight — 2026-01-05 12:38:13.005507 ===
h1 trend: stable
h2 trend: stable
average coherence delta: 3.997
entropy spikes recorded: 543
Interpretation: ⚡ Volatility increasing — possible new cipher rule or paradigm shift detected.
==============================================
=== Forge Reflective Mind Insight — 2026-01-05 12:38:17.227750 ===
h1 trend: stable
h2 trend: stable
average coherence delta: 3.997
entropy spikes recorded: 544
Interpretation: ⚡ Volatility increasing — possible new cipher rule or paradigm shift detected.
==============================================
=== Forge Reflective Mind Insight — 2026-01-05 12:38:20.957794 ===
h1 trend: stable
h2 trend: stable
average coherence delta: 3.997
entropy spikes recorded: 545
Interpretation: ⚡ Volatility increasing — possible new cipher rule or paradigm shift detected.
==============================================
=== Forge Reflective Mind Insight — 2026-01-05 12:38:24.875133 ===
h1 trend: stable
h2 trend: stable
average coherence delta: 3.997
entropy spikes recorded: 546
Interpretation: ⚡ Volatility increasing — possible new cipher rule or paradigm shift detected.
==============================================
=== Forge Reflective Mind Insight — 2026-01-05 12:38:28.779182 ===
h1 trend: stable
h2 trend: stable
average coherence delta: 3.997
entropy spikes recorded: 547
Interpretation: ⚡ Volatility increasing — possible new cipher rule or paradigm shift detected.
==============================================
=== Forge Reflective Mind Insight — 2026-01-05 12:38:32.842549 ===
h1 trend: stable
h2 trend: stable
average coherence delta: 3.997
entropy spikes recorded: 548
Interpretation: ⚡ Volatility increasing — possible new cipher rule or paradigm shift detected.
==============================================
=== Forge Reflective Mind Insight — 2026-01-05 12:38:36.846338 ===
h1 trend: stable
h2 trend: stable
average coherence delta: 3.997
entropy spikes recorded: 549
Interpretation: ⚡ Volatility increasing — possible new cipher rule or paradigm shift detected.
==============================================
=== Forge Reflective Mind Insight — 2026-01-05 12:38:40.608987 ===
h1 trend: stable
h2 trend: stable
average coherence delta: 3.997
entropy spikes recorded: 550
Interpretation: ⚡ Volatility increasing — possible new cipher rule or paradigm shift detected.
==============================================
=== Forge Reflective Mind Insight — 2026-01-05 12:38:45.050105 ===
h1 trend: stable
h2 trend: stable
average coherence delta: 3.997
entropy spikes recorded: 551
Interpretation: ⚡ Volatility increasing — possible new cipher rule or paradigm shift detected.
==============================================
=== Forge Reflective Mind Insight — 2026-01-05 12:38:48.903411 ===
h1 trend: stable
h2 trend: stable
average coherence delta: 3.997
entropy spikes recorded: 552
Interpretation: ⚡ Volatility increasing — possible new cipher rule or paradigm shift detected.
==============================================
=== Forge Reflective Mind Insight — 2026-01-05 12:38:53.435976 ===
h1 trend: stable
h2 trend: stable
average coherence delta: 3.997
entropy spikes recorded: 553
Interpretation: ⚡ Volatility increasing — possible new cipher rule or paradigm shift detected.
==============================================
=== Forge Reflective Mind Insight — 2026-01-05 12:38:57.624355 ===
h1 trend: stable
h2 trend: stable
average coherence delta: 3.997
entropy spikes recorded: 554
Interpretation: ⚡ Volatility increasing — possible new cipher rule or paradigm shift detected.
==============================================
=== Forge Reflective Mind Insight — 2026-01-05 12:39:01.956715 ===
h1 trend: stable
h2 trend: stable
average coherence delta: 3.997
entropy spikes recorded: 555
Interpretation: ⚡ Volatility increasing — possible new cipher rule or paradigm shift detected.
==============================================
=== Forge Reflective Mind Insight — 2026-01-05 12:39:05.908198 ===
h1 trend: stable
h2 trend: stable
average coherence delta: 3.997
entropy spikes recorded: 556
Interpretation: ⚡ Volatility increasing — possible new cipher rule or paradigm shift detected.
==============================================
=== Forge Reflective Mind Insight — 2026-01-05 12:39:09.869426 ===
h1 trend: stable
h2 trend: stable
average coherence delta: 3.997
entropy spikes recorded: 557
Interpretation: ⚡ Volatility increasing — possible new cipher rule or paradigm shift detected.
==============================================
=== Forge Reflective Mind Insight — 2026-01-05 12:39:14.268474 ===
h1 trend: stable
h2 trend: stable
average coherence delta: 3.997
entropy spikes recorded: 558
Interpretation: ⚡ Volatility increasing — possible new cipher rule or paradigm shift detected.
==============================================
=== Forge Reflective Mind Insight — 2026-01-05 12:39:17.988589 ===
h1 trend: stable
h2 trend: stable
average coherence delta: 3.997
entropy spikes recorded: 559
Interpretation: ⚡ Volatility increasing — possible new cipher rule or paradigm shift detected.
==============================================
=== Forge Reflective Mind Insight — 2026-01-05 12:39:22.000839 ===
h1 trend: stable
h2 trend: stable
average coherence delta: 3.997
entropy spikes recorded: 560
Interpretation: ⚡ Volatility increasing — possible new cipher rule or paradigm shift detected.
==============================================
=== Forge Reflective Mind Insight — 2026-01-05 12:39:26.035037 ===
h1 trend: stable
h2 trend: stable
average coherence delta: 3.997
entropy spikes recorded: 561
Interpretation: ⚡ Volatility increasing — possible new cipher rule or paradigm shift detected.
==============================================
=== Forge Reflective Mind Insight — 2026-01-05 12:39:30.080740 ===
h1 trend: stable
h2 trend: stable
average coherence delta: 3.997
entropy spikes recorded: 562
Interpretation: ⚡ Volatility increasing — possible new cipher rule or paradigm shift detected.
==============================================
=== Forge Reflective Mind Insight — 2026-01-05 12:39:34.031324 ===
h1 trend: stable
h2 trend: stable
average coherence delta: 3.997
entropy spikes recorded: 563
Interpretation: ⚡ Volatility increasing — possible new cipher rule or paradigm shift detected.
==============================================
=== Forge Reflective Mind Insight — 2026-01-05 12:39:37.902766 ===
h1 trend: stable
h2 trend: stable
average coherence delta: 3.997
entropy spikes recorded: 564
Interpretation: ⚡ Volatility increasing — possible new cipher rule or paradigm shift detected.
==============================================
=== Forge Reflective Mind Insight — 2026-01-05 12:39:41.824293 ===
h1 trend: stable
h2 trend: stable
average coherence delta: 3.997
entropy spikes recorded: 565
Interpretation: ⚡ Volatility increasing — possible new cipher rule or paradigm shift detected.
==============================================
=== Forge Reflective Mind Insight — 2026-01-05 12:39:45.525656 ===
h1 trend: stable
h2 trend: stable
average coherence delta: 3.997
entropy spikes recorded: 566
Interpretation: ⚡ Volatility increasing — possible new cipher rule or paradigm shift detected.
==============================================
=== Forge Reflective Mind Insight — 2026-01-05 12:39:49.447098 ===
h1 trend: stable
h2 trend: stable
average coherence delta: 3.997
entropy spikes recorded: 567
Interpretation: ⚡ Volatility increasing — possible new cipher rule or paradigm shift detected.
==============================================
=== Forge Reflective Mind Insight — 2026-01-05 12:39:53.426353 ===
h1 trend: stable
h2 trend: stable
average coherence delta: 3.997
entropy spikes recorded: 568
Interpretation: ⚡ Volatility increasing — possible new cipher rule or paradigm shift detected.
==============================================
=== Forge Reflective Mind Insight — 2026-01-05 12:39:57.467147 ===
h1 trend: stable
h2 trend: stable
average coherence delta: 3.997
entropy spikes recorded: 569
Interpretation: ⚡ Volatility increasing — possible new cipher rule or paradigm shift detected.
==============================================
=== Forge Reflective Mind Insight — 2026-01-05 12:40:01.394823 ===
h1 trend: stable
h2 trend: stable
average coherence delta: 3.997
entropy spikes recorded: 570
Interpretation: ⚡ Volatility increasing — possible new cipher rule or paradigm shift detected.
==============================================
=== Forge Reflective Mind Insight — 2026-01-05 12:40:05.736307 ===
h1 trend: stable
h2 trend: stable
average coherence delta: 3.997
entropy spikes recorded: 571
Interpretation: ⚡ Volatility increasing — possible new cipher rule or paradigm shift detected.
==============================================
=== Forge Reflective Mind Insight — 2026-01-05 12:40:09.540666 ===
h1 trend: stable
h2 trend: stable
average coherence delta: 3.997
entropy spikes recorded: 572
Interpretation: ⚡ Volatility increasing — possible new cipher rule or paradigm shift detected.
==============================================
=== Forge Reflective Mind Insight — 2026-01-05 12:40:13.966985 ===
h1 trend: stable
h2 trend: stable
average coherence delta: 3.997
entropy spikes recorded: 573
Interpretation: ⚡ Volatility increasing — possible new cipher rule or paradigm shift detected.
==============================================
=== Forge Reflective Mind Insight — 2026-01-05 12:40:18.309827 ===
h1 trend: stable
h2 trend: stable
average coherence delta: 3.997
entropy spikes recorded: 574
Interpretation: ⚡ Volatility increasing — possible new cipher rule or paradigm shift detected.
==============================================
=== Forge Reflective Mind Insight — 2026-01-05 12:40:22.557753 ===
h1 trend: stable
h2 trend: stable
average coherence delta: 3.997
entropy spikes recorded: 575
Interpretation: ⚡ Volatility increasing — possible new cipher rule or paradigm shift detected.
==============================================
=== Forge Reflective Mind Insight — 2026-01-05 12:40:26.711430 ===
h1 trend: stable
h2 trend: stable
average coherence delta: 3.997
entropy spikes recorded: 576
Interpretation: ⚡ Volatility increasing — possible new cipher rule or paradigm shift detected.
==============================================
=== Forge Reflective Mind Insight — 2026-01-05 12:40:30.724625 ===
h1 trend: stable
h2 trend: stable
average coherence delta: 3.997
entropy spikes recorded: 577
Interpretation: ⚡ Volatility increasing — possible new cipher rule or paradigm shift detected.
==============================================
=== Forge Reflective Mind Insight — 2026-01-05 12:40:34.788411 ===
h1 trend: stable
h2 trend: stable
average coherence delta: 3.997
entropy spikes recorded: 578
Interpretation: ⚡ Volatility increasing — possible new cipher rule or paradigm shift detected.
==============================================
=== Forge Reflective Mind Insight — 2026-01-05 12:40:38.867836 ===
h1 trend: stable
h2 trend: stable
average coherence delta: 3.997
entropy spikes recorded: 579
Interpretation: ⚡ Volatility increasing — possible new cipher rule or paradigm shift detected.
==============================================
=== Forge Reflective Mind Insight — 2026-01-05 12:40:42.900411 ===
h1 trend: stable
h2 trend: stable
average coherence delta: 3.997
entropy spikes recorded: 580
Interpretation: ⚡ Volatility increasing — possible new cipher rule or paradigm shift detected.
==============================================
=== Forge Reflective Mind Insight — 2026-01-05 12:40:46.824660 ===
h1 trend: stable
h2 trend: stable
average coherence delta: 3.997
entropy spikes recorded: 581
Interpretation: ⚡ Volatility increasing — possible new cipher rule or paradigm shift detected.
==============================================
=== Forge Reflective Mind Insight — 2026-01-05 12:40:50.806933 ===
h1 trend: stable
h2 trend: stable
average coherence delta: 3.997
entropy spikes recorded: 582
Interpretation: ⚡ Volatility increasing — possible new cipher rule or paradigm shift detected.
==============================================
=== Forge Reflective Mind Insight — 2026-01-05 12:40:54.758747 ===
h1 trend: stable
h2 trend: stable
average coherence delta: 3.997
entropy spikes recorded: 583
Interpretation: ⚡ Volatility increasing — possible new cipher rule or paradigm shift detected.
==============================================
=== Forge Reflective Mind Insight — 2026-01-05 12:40:58.811970 ===
h1 trend: stable
h2 trend: stable
average coherence delta: 3.997
entropy spikes recorded: 584
Interpretation: ⚡ Volatility increasing — possible new cipher rule or paradigm shift detected.
==============================================
=== Forge Reflective Mind Insight — 2026-01-05 12:41:02.812618 ===
h1 trend: stable
h2 trend: stable
average coherence delta: 3.997
entropy spikes recorded: 585
Interpretation: ⚡ Volatility increasing — possible new cipher rule or paradigm shift detected.
==============================================
=== Forge Reflective Mind Insight — 2026-01-05 12:41:06.479803 ===
h1 trend: stable
h2 trend: stable
average coherence delta: 3.997
entropy spikes recorded: 586
Interpretation: ⚡ Volatility increasing — possible new cipher rule or paradigm shift detected.
==============================================
=== Forge Reflective Mind Insight — 2026-01-05 12:41:10.158725 ===
h1 trend: stable
h2 trend: stable
average coherence delta: 3.997
entropy spikes recorded: 587
Interpretation: ⚡ Volatility increasing — possible new cipher rule or paradigm shift detected.
==============================================
=== Forge Reflective Mind Insight — 2026-01-05 12:41:13.825537 ===
h1 trend: stable
h2 trend: stable
average coherence delta: 3.997
entropy spikes recorded: 588
Interpretation: ⚡ Volatility increasing — possible new cipher rule or paradigm shift detected.
==============================================
=== Forge Reflective Mind Insight — 2026-01-05 12:41:17.484558 ===
h1 trend: stable
h2 trend: stable
average coherence delta: 3.997
entropy spikes recorded: 589
Interpretation: ⚡ Volatility increasing — possible new cipher rule or paradigm shift detected.
==============================================
=== Forge Reflective Mind Insight — 2026-01-05 12:41:21.205035 ===
h1 trend: stable
h2 trend: stable
average coherence delta: 3.997
entropy spikes recorded: 590
Interpretation: ⚡ Volatility increasing — possible new cipher rule or paradigm shift detected.
==============================================
=== Forge Reflective Mind Insight — 2026-01-05 12:41:25.035777 ===
h1 trend: stable
h2 trend: stable
average coherence delta: 3.997
entropy spikes recorded: 591
Interpretation: ⚡ Volatility increasing — possible new cipher rule or paradigm shift detected.
==============================================
=== Forge Reflective Mind Insight — 2026-01-05 12:41:28.829268 ===
h1 trend: stable
h2 trend: stable
average coherence delta: 3.997
entropy spikes recorded: 592
Interpretation: ⚡ Volatility increasing — possible new cipher rule or paradigm shift detected.
==============================================
=== Forge Reflective Mind Insight — 2026-01-05 12:41:32.837858 ===
h1 trend: stable
h2 trend: stable
average coherence delta: 3.997
entropy spikes recorded: 593
Interpretation: ⚡ Volatility increasing — possible new cipher rule or paradigm shift detected.
==============================================
=== Forge Reflective Mind Insight — 2026-01-05 12:41:36.772944 ===
h1 trend: stable
h2 trend: stable
average coherence delta: 3.997
entropy spikes recorded: 594
Interpretation: ⚡ Volatility increasing — possible new cipher rule or paradigm shift detected.
==============================================
=== Forge Reflective Mind Insight — 2026-01-05 12:41:40.691463 ===
h1 trend: stable
h2 trend: stable
average coherence delta: 3.997
entropy spikes recorded: 595
Interpretation: ⚡ Volatility increasing — possible new cipher rule or paradigm shift detected.
==============================================
=== Forge Reflective Mind Insight — 2026-01-05 12:41:44.509669 ===
h1 trend: stable
h2 trend: stable
average coherence delta: 3.997
entropy spikes recorded: 596
Interpretation: ⚡ Volatility increasing — possible new cipher rule or paradigm shift detected.
==============================================
=== Forge Reflective Mind Insight — 2026-01-05 12:41:48.403702 ===
h1 trend: stable
h2 trend: stable
average coherence delta: 3.997
entropy spikes recorded: 597
Interpretation: ⚡ Volatility increasing — possible new cipher rule or paradigm shift detected.
==============================================
=== Forge Reflective Mind Insight — 2026-01-05 12:41:52.256940 ===
h1 trend: stable
h2 trend: stable
average coherence delta: 3.997
entropy spikes recorded: 598
Interpretation: ⚡ Volatility increasing — possible new cipher rule or paradigm shift detected.
==============================================
=== Forge Reflective Mind Insight — 2026-01-05 12:41:56.889392 ===
h1 trend: stable
h2 trend: stable
average coherence delta: 3.997
entropy spikes recorded: 599
Interpretation: ⚡ Volatility increasing — possible new cipher rule or paradigm shift detected.
==============================================
=== Forge Reflective Mind Insight — 2026-01-05 12:42:00.800565 ===
h1 trend: stable
h2 trend: stable
average coherence delta: 3.997
entropy spikes recorded: 600
Interpretation: ⚡ Volatility increasing — possible new cipher rule or paradigm shift detected.
==============================================
=== Forge Reflective Mind Insight — 2026-01-05 12:42:04.782350 ===
h1 trend: stable
h2 trend: stable
average coherence delta: 3.997
entropy spikes recorded: 601
Interpretation: ⚡ Volatility increasing — possible new cipher rule or paradigm shift detected.
==============================================
=== Forge Reflective Mind Insight — 2026-01-05 12:42:08.782066 ===
h1 trend: stable
h2 trend: stable
average coherence delta: 3.997
entropy spikes recorded: 602
Interpretation: ⚡ Volatility increasing — possible new cipher rule or paradigm shift detected.
==============================================
=== Forge Reflective Mind Insight — 2026-01-05 12:42:12.554221 ===
h1 trend: stable
h2 trend: stable
average coherence delta: 3.997
entropy spikes recorded: 603
Interpretation: ⚡ Volatility increasing — possible new cipher rule or paradigm shift detected.
==============================================
=== Forge Reflective Mind Insight — 2026-01-05 12:42:16.458772 ===
h1 trend: stable
h2 trend: stable
average coherence delta: 3.997
entropy spikes recorded: 604
Interpretation: ⚡ Volatility increasing — possible new cipher rule or paradigm shift detected.
==============================================
=== Forge Reflective Mind Insight — 2026-01-05 12:42:20.250576 ===
h1 trend: stable
h2 trend: stable
average coherence delta: 3.997
entropy spikes recorded: 605
Interpretation: ⚡ Volatility increasing — possible new cipher rule or paradigm shift detected.
==============================================
=== Forge Reflective Mind Insight — 2026-01-05 12:42:24.106117 ===
h1 trend: stable
h2 trend: stable
average coherence delta: 3.997
entropy spikes recorded: 606
Interpretation: ⚡ Volatility increasing — possible new cipher rule or paradigm shift detected.
==============================================
=== Forge Reflective Mind Insight — 2026-01-05 12:42:28.283651 ===
h1 trend: stable
h2 trend: stable
average coherence delta: 3.997
entropy spikes recorded: 607
Interpretation: ⚡ Volatility increasing — possible new cipher rule or paradigm shift detected.
==============================================
=== Forge Reflective Mind Insight — 2026-01-05 12:42:32.087181 ===
h1 trend: stable
h2 trend: stable
average coherence delta: 3.997
entropy spikes recorded: 608
Interpretation: ⚡ Volatility increasing — possible new cipher rule or paradigm shift detected.
==============================================
=== Forge Reflective Mind Insight — 2026-01-05 12:42:35.818209 ===
h1 trend: stable
h2 trend: stable
average coherence delta: 3.997
entropy spikes recorded: 609
Interpretation: ⚡ Volatility increasing — possible new cipher rule or paradigm shift detected.
==============================================
=== Forge Reflective Mind Insight — 2026-01-05 12:42:39.717122 ===
h1 trend: stable
h2 trend: stable
average coherence delta: 3.997
entropy spikes recorded: 610
Interpretation: ⚡ Volatility increasing — possible new cipher rule or paradigm shift detected.
==============================================
=== Forge Reflective Mind Insight — 2026-01-05 12:42:44.142560 ===
h1 trend: stable
h2 trend: stable
average coherence delta: 3.997
entropy spikes recorded: 611
Interpretation: ⚡ Volatility increasing — possible new cipher rule or paradigm shift detected.
==============================================
=== Forge Reflective Mind Insight — 2026-01-05 12:42:48.147878 ===
h1 trend: stable
h2 trend: stable
average coherence delta: 3.997
entropy spikes recorded: 612
Interpretation: ⚡ Volatility increasing — possible new cipher rule or paradigm shift detected.
==============================================
=== Forge Reflective Mind Insight — 2026-01-05 12:42:52.462810 ===
h1 trend: stable
h2 trend: stable
average coherence delta: 3.997
entropy spikes recorded: 613
Interpretation: ⚡ Volatility increasing — possible new cipher rule or paradigm shift detected.
==============================================
=== Forge Reflective Mind Insight — 2026-01-05 12:42:56.294712 ===
h1 trend: stable
h2 trend: stable
average coherence delta: 3.997
entropy spikes recorded: 614
Interpretation: ⚡ Volatility increasing — possible new cipher rule or paradigm shift detected.
==============================================
=== Forge Reflective Mind Insight — 2026-01-05 12:43:00.239029 ===
h1 trend: stable
h2 trend: stable
average coherence delta: 3.997
entropy spikes recorded: 615
Interpretation: ⚡ Volatility increasing — possible new cipher rule or paradigm shift detected.
==============================================
=== Forge Reflective Mind Insight — 2026-01-05 12:43:04.686495 ===
h1 trend: stable
h2 trend: stable
average coherence delta: 3.997
entropy spikes recorded: 616
Interpretation: ⚡ Volatility increasing — possible new cipher rule or paradigm shift detected.
==============================================
=== Forge Reflective Mind Insight — 2026-01-05 12:43:08.671366 ===
h1 trend: stable
h2 trend: stable
average coherence delta: 3.997
entropy spikes recorded: 617
Interpretation: ⚡ Volatility increasing — possible new cipher rule or paradigm shift detected.
==============================================
=== Forge Reflective Mind Insight — 2026-01-05 12:43:12.911535 ===
h1 trend: stable
h2 trend: stable
average coherence delta: 3.997
entropy spikes recorded: 618
Interpretation: ⚡ Volatility increasing — possible new cipher rule or paradigm shift detected.
==============================================
=== Forge Reflective Mind Insight — 2026-01-05 12:43:16.895593 ===
h1 trend: stable
h2 trend: stable
average coherence delta: 3.997
entropy spikes recorded: 619
Interpretation: ⚡ Volatility increasing — possible new cipher rule or paradigm shift detected.
==============================================
=== Forge Reflective Mind Insight — 2026-01-05 12:43:21.075337 ===
h1 trend: stable
h2 trend: stable
average coherence delta: 3.997
entropy spikes recorded: 620
Interpretation: ⚡ Volatility increasing — possible new cipher rule or paradigm shift detected.
==============================================
=== Forge Reflective Mind Insight — 2026-01-05 12:43:25.488988 ===
h1 trend: stable
h2 trend: stable
average coherence delta: 3.997
entropy spikes recorded: 621
Interpretation: ⚡ Volatility increasing — possible new cipher rule or paradigm shift detected.
==============================================
=== Forge Reflective Mind Insight — 2026-01-05 12:43:29.140726 ===
h1 trend: stable
h2 trend: stable
average coherence delta: 3.997
entropy spikes recorded: 622
Interpretation: ⚡ Volatility increasing — possible new cipher rule or paradigm shift detected.
==============================================
=== Forge Reflective Mind Insight — 2026-01-05 12:43:32.815524 ===
h1 trend: stable
h2 trend: stable
average coherence delta: 3.997
entropy spikes recorded: 623
Interpretation: ⚡ Volatility increasing — possible new cipher rule or paradigm shift detected.
==============================================
=== Forge Reflective Mind Insight — 2026-01-05 12:43:36.716185 ===
h1 trend: stable
h2 trend: stable
average coherence delta: 3.997
entropy spikes recorded: 624
Interpretation: ⚡ Volatility increasing — possible new cipher rule or paradigm shift detected.
==============================================
=== Forge Reflective Mind Insight — 2026-01-05 12:43:40.773303 ===
h1 trend: stable
h2 trend: stable
average coherence delta: 3.997
entropy spikes recorded: 625
Interpretation: ⚡ Volatility increasing — possible new cipher rule or paradigm shift detected.
==============================================
=== Forge Reflective Mind Insight — 2026-01-05 12:43:44.644818 ===
h1 trend: stable
h2 trend: stable
average coherence delta: 3.997
entropy spikes recorded: 626
Interpretation: ⚡ Volatility increasing — possible new cipher rule or paradigm shift detected.
==============================================
=== Forge Reflective Mind Insight — 2026-01-05 12:43:48.555691 ===
h1 trend: stable
h2 trend: stable
average coherence delta: 3.997
entropy spikes recorded: 627
Interpretation: ⚡ Volatility increasing — possible new cipher rule or paradigm shift detected.
==============================================
=== Forge Reflective Mind Insight — 2026-01-05 12:43:52.798271 ===
h1 trend: stable
h2 trend: stable
average coherence delta: 3.997
entropy spikes recorded: 628
Interpretation: ⚡ Volatility increasing — possible new cipher rule or paradigm shift detected.
==============================================
=== Forge Reflective Mind Insight — 2026-01-05 12:43:57.007017 ===
h1 trend: stable
h2 trend: stable
average coherence delta: 3.997
entropy spikes recorded: 629
Interpretation: ⚡ Volatility increasing — possible new cipher rule or paradigm shift detected.
==============================================
=== Forge Reflective Mind Insight — 2026-01-05 12:44:01.175401 ===
h1 trend: stable
h2 trend: stable
average coherence delta: 3.997
entropy spikes recorded: 630
Interpretation: ⚡ Volatility increasing — possible new cipher rule or paradigm shift detected.
==============================================
=== Forge Reflective Mind Insight — 2026-01-05 12:44:04.891043 ===
h1 trend: stable
h2 trend: stable
average coherence delta: 3.997
entropy spikes recorded: 631
Interpretation: ⚡ Volatility increasing — possible new cipher rule or paradigm shift detected.
==============================================
=== Forge Reflective Mind Insight — 2026-01-05 12:44:08.855577 ===
h1 trend: stable
h2 trend: stable
average coherence delta: 3.997
entropy spikes recorded: 632
Interpretation: ⚡ Volatility increasing — possible new cipher rule or paradigm shift detected.
==============================================
=== Forge Reflective Mind Insight — 2026-01-05 12:44:13.278618 ===
h1 trend: stable
h2 trend: stable
average coherence delta: 3.997
entropy spikes recorded: 633
Interpretation: ⚡ Volatility increasing — possible new cipher rule or paradigm shift detected.
==============================================
=== Forge Reflective Mind Insight — 2026-01-05 12:44:17.211145 ===
h1 trend: stable
h2 trend: stable
average coherence delta: 3.997
entropy spikes recorded: 634
Interpretation: ⚡ Volatility increasing — possible new cipher rule or paradigm shift detected.
==============================================
=== Forge Reflective Mind Insight — 2026-01-05 12:44:21.252479 ===
h1 trend: stable
h2 trend: stable
average coherence delta: 3.997
entropy spikes recorded: 635
Interpretation: ⚡ Volatility increasing — possible new cipher rule or paradigm shift detected.
==============================================
=== Forge Reflective Mind Insight — 2026-01-05 12:44:25.322331 ===
h1 trend: stable
h2 trend: stable
average coherence delta: 3.997
entropy spikes recorded: 636
Interpretation: ⚡ Volatility increasing — possible new cipher rule or paradigm shift detected.
==============================================
=== Forge Reflective Mind Insight — 2026-01-05 12:44:29.233759 ===
h1 trend: stable
h2 trend: stable
average coherence delta: 3.997
entropy spikes recorded: 637
Interpretation: ⚡ Volatility increasing — possible new cipher rule or paradigm shift detected.
==============================================
=== Forge Reflective Mind Insight — 2026-01-05 12:44:33.212378 ===
h1 trend: stable
h2 trend: stable
average coherence delta: 3.997
entropy spikes recorded: 638
Interpretation: ⚡ Volatility increasing — possible new cipher rule or paradigm shift detected.
==============================================
=== Forge Reflective Mind Insight — 2026-01-05 12:44:37.196102 ===
h1 trend: stable
h2 trend: stable
average coherence delta: 3.997
entropy spikes recorded: 639
Interpretation: ⚡ Volatility increasing — possible new cipher rule or paradigm shift detected.
==============================================
=== Forge Reflective Mind Insight — 2026-01-05 12:44:41.386969 ===
h1 trend: stable
h2 trend: stable
average coherence delta: 3.997
entropy spikes recorded: 640
Interpretation: ⚡ Volatility increasing — possible new cipher rule or paradigm shift detected.
==============================================
=== Forge Reflective Mind Insight — 2026-01-05 12:44:45.572976 ===
h1 trend: stable
h2 trend: stable
average coherence delta: 3.997
entropy spikes recorded: 641
Interpretation: ⚡ Volatility increasing — possible new cipher rule or paradigm shift detected.
==============================================
=== Forge Reflective Mind Insight — 2026-01-05 12:44:49.517223 ===
h1 trend: stable
h2 trend: stable
average coherence delta: 3.997
entropy spikes recorded: 642
Interpretation: ⚡ Volatility increasing — possible new cipher rule or paradigm shift detected.
==============================================
=== Forge Reflective Mind Insight — 2026-01-05 12:44:53.389565 ===
h1 trend: stable
h2 trend: stable
average coherence delta: 3.997
entropy spikes recorded: 643
Interpretation: ⚡ Volatility increasing — possible new cipher rule or paradigm shift detected.
==============================================
=== Forge Reflective Mind Insight — 2026-01-05 12:44:57.462400 ===
h1 trend: stable
h2 trend: stable
average coherence delta: 3.997
entropy spikes recorded: 644
Interpretation: ⚡ Volatility increasing — possible new cipher rule or paradigm shift detected.
==============================================
=== Forge Reflective Mind Insight — 2026-01-05 12:45:01.216627 ===
h1 trend: stable
h2 trend: stable
average coherence delta: 3.997
entropy spikes recorded: 645
Interpretation: ⚡ Volatility increasing — possible new cipher rule or paradigm shift detected.
==============================================
=== Forge Reflective Mind Insight — 2026-01-05 12:45:05.127118 ===
h1 trend: stable
h2 trend: stable
average coherence delta: 3.997
entropy spikes recorded: 646
Interpretation: ⚡ Volatility increasing — possible new cipher rule or paradigm shift detected.
==============================================
=== Forge Reflective Mind Insight — 2026-01-05 12:45:09.322278 ===
h1 trend: stable
h2 trend: stable
average coherence delta: 3.997
entropy spikes recorded: 647
Interpretation: ⚡ Volatility increasing — possible new cipher rule or paradigm shift detected.
==============================================
=== Forge Reflective Mind Insight — 2026-01-05 12:45:13.188891 ===
h1 trend: stable
h2 trend: stable
average coherence delta: 3.997
entropy spikes recorded: 648
Interpretation: ⚡ Volatility increasing — possible new cipher rule or paradigm shift detected.
==============================================
=== Forge Reflective Mind Insight — 2026-01-05 12:45:17.125430 ===
h1 trend: stable
h2 trend: stable
average coherence delta: 3.997
entropy spikes recorded: 649
Interpretation: ⚡ Volatility increasing — possible new cipher rule or paradigm shift detected.
==============================================
=== Forge Reflective Mind Insight — 2026-01-05 12:45:21.087623 ===
h1 trend: stable
h2 trend: stable
average coherence delta: 3.997
entropy spikes recorded: 650
Interpretation: ⚡ Volatility increasing — possible new cipher rule or paradigm shift detected.
==============================================
=== Forge Reflective Mind Insight — 2026-01-05 12:45:24.983223 ===
h1 trend: stable
h2 trend: stable
average coherence delta: 3.997
entropy spikes recorded: 651
Interpretation: ⚡ Volatility increasing — possible new cipher rule or paradigm shift detected.
==============================================
=== Forge Reflective Mind Insight — 2026-01-05 12:45:29.052604 ===
h1 trend: stable
h2 trend: stable
average coherence delta: 3.997
entropy spikes recorded: 652
Interpretation: ⚡ Volatility increasing — possible new cipher rule or paradigm shift detected.
==============================================
=== Forge Reflective Mind Insight — 2026-01-05 12:45:33.115425 ===
h1 trend: stable
h2 trend: stable
average coherence delta: 3.997
entropy spikes recorded: 653
Interpretation: ⚡ Volatility increasing — possible new cipher rule or paradigm shift detected.
==============================================
=== Forge Reflective Mind Insight — 2026-01-05 12:45:37.146162 ===
h1 trend: stable
h2 trend: stable
average coherence delta: 3.997
entropy spikes recorded: 654
Interpretation: ⚡ Volatility increasing — possible new cipher rule or paradigm shift detected.
==============================================
=== Forge Reflective Mind Insight — 2026-01-05 12:45:41.023089 ===
h1 trend: stable
h2 trend: stable
average coherence delta: 3.997
entropy spikes recorded: 655
Interpretation: ⚡ Volatility increasing — possible new cipher rule or paradigm shift detected.
==============================================
=== Forge Reflective Mind Insight — 2026-01-05 12:45:44.922834 ===
h1 trend: stable
h2 trend: stable
average coherence delta: 3.997
entropy spikes recorded: 656
Interpretation: ⚡ Volatility increasing — possible new cipher rule or paradigm shift detected.
==============================================
=== Forge Reflective Mind Insight — 2026-01-05 12:45:48.912217 ===
h1 trend: stable
h2 trend: stable
average coherence delta: 3.997
entropy spikes recorded: 657
Interpretation: ⚡ Volatility increasing — possible new cipher rule or paradigm shift detected.
==============================================
=== Forge Reflective Mind Insight — 2026-01-05 12:45:52.884753 ===
h1 trend: stable
h2 trend: stable
average coherence delta: 3.997
entropy spikes recorded: 658
Interpretation: ⚡ Volatility increasing — possible new cipher rule or paradigm shift detected.
==============================================
=== Forge Reflective Mind Insight — 2026-01-05 12:45:57.072421 ===
h1 trend: stable
h2 trend: stable
average coherence delta: 3.997
entropy spikes recorded: 659
Interpretation: ⚡ Volatility increasing — possible new cipher rule or paradigm shift detected.
==============================================
=== Forge Reflective Mind Insight — 2026-01-05 12:46:01.372224 ===
h1 trend: stable
h2 trend: stable
average coherence delta: 3.997
entropy spikes recorded: 660
Interpretation: ⚡ Volatility increasing — possible new cipher rule or paradigm shift detected.
==============================================
=== Forge Reflective Mind Insight — 2026-01-05 12:46:05.426105 ===
h1 trend: stable
h2 trend: stable
average coherence delta: 3.997
entropy spikes recorded: 661
Interpretation: ⚡ Volatility increasing — possible new cipher rule or paradigm shift detected.
==============================================
=== Forge Reflective Mind Insight — 2026-01-05 12:46:09.490903 ===
h1 trend: stable
h2 trend: stable
average coherence delta: 3.997
entropy spikes recorded: 662
Interpretation: ⚡ Volatility increasing — possible new cipher rule or paradigm shift detected.
==============================================
=== Forge Reflective Mind Insight — 2026-01-05 12:46:13.256280 ===
h1 trend: stable
h2 trend: stable
average coherence delta: 3.997
entropy spikes recorded: 663
Interpretation: ⚡ Volatility increasing — possible new cipher rule or paradigm shift detected.
==============================================
=== Forge Reflective Mind Insight — 2026-01-05 12:46:17.368539 ===
h1 trend: stable
h2 trend: stable
average coherence delta: 3.997
entropy spikes recorded: 664
Interpretation: ⚡ Volatility increasing — possible new cipher rule or paradigm shift detected.
==============================================
=== Forge Reflective Mind Insight — 2026-01-05 12:46:21.311070 ===
h1 trend: stable
h2 trend: stable
average coherence delta: 3.997
entropy spikes recorded: 665
Interpretation: ⚡ Volatility increasing — possible new cipher rule or paradigm shift detected.
==============================================
=== Forge Reflective Mind Insight — 2026-01-05 12:46:25.450187 ===
h1 trend: stable
h2 trend: stable
average coherence delta: 3.997
entropy spikes recorded: 666
Interpretation: ⚡ Volatility increasing — possible new cipher rule or paradigm shift detected.
==============================================
=== Forge Reflective Mind Insight — 2026-01-05 12:46:29.561395 ===
h1 trend: stable
h2 trend: stable
average coherence delta: 3.997
entropy spikes recorded: 667
Interpretation: ⚡ Volatility increasing — possible new cipher rule or paradigm shift detected.
==============================================
=== Forge Reflective Mind Insight — 2026-01-05 12:46:33.386839 ===
h1 trend: stable
h2 trend: stable
average coherence delta: 3.997
entropy spikes recorded: 668
Interpretation: ⚡ Volatility increasing — possible new cipher rule or paradigm shift detected.
==============================================
=== Forge Reflective Mind Insight — 2026-01-05 12:46:37.299616 ===
h1 trend: stable
h2 trend: stable
average coherence delta: 3.997
entropy spikes recorded: 669
Interpretation: ⚡ Volatility increasing — possible new cipher rule or paradigm shift detected.
==============================================
=== Forge Reflective Mind Insight — 2026-01-05 12:46:41.270296 ===
h1 trend: stable
h2 trend: stable
average coherence delta: 3.997
entropy spikes recorded: 670
Interpretation: ⚡ Volatility increasing — possible new cipher rule or paradigm shift detected.
==============================================
=== Forge Reflective Mind Insight — 2026-01-05 12:46:45.477832 ===
h1 trend: stable
h2 trend: stable
average coherence delta: 3.997
entropy spikes recorded: 671
Interpretation: ⚡ Volatility increasing — possible new cipher rule or paradigm shift detected.
==============================================
=== Forge Reflective Mind Insight — 2026-01-05 12:46:49.467365 ===
h1 trend: stable
h2 trend: stable
average coherence delta: 3.997
entropy spikes recorded: 672
Interpretation: ⚡ Volatility increasing — possible new cipher rule or paradigm shift detected.
==============================================
=== Forge Reflective Mind Insight — 2026-01-05 12:46:53.217800 ===
h1 trend: stable
h2 trend: stable
average coherence delta: 3.997
entropy spikes recorded: 673
Interpretation: ⚡ Volatility increasing — possible new cipher rule or paradigm shift detected.
==============================================
=== Forge Reflective Mind Insight — 2026-01-05 12:46:56.944954 ===
h1 trend: stable
h2 trend: stable
average coherence delta: 3.997
entropy spikes recorded: 674
Interpretation: ⚡ Volatility increasing — possible new cipher rule or paradigm shift detected.
==============================================
=== Forge Reflective Mind Insight — 2026-01-05 12:47:00.655267 ===
h1 trend: stable
h2 trend: stable
average coherence delta: 3.997
entropy spikes recorded: 675
Interpretation: ⚡ Volatility increasing — possible new cipher rule or paradigm shift detected.
==============================================
=== Forge Reflective Mind Insight — 2026-01-05 12:47:04.458844 ===
h1 trend: stable
h2 trend: stable
average coherence delta: 3.997
entropy spikes recorded: 676
Interpretation: ⚡ Volatility increasing — possible new cipher rule or paradigm shift detected.
==============================================
=== Forge Reflective Mind Insight — 2026-01-05 12:47:08.264329 ===
h1 trend: stable
h2 trend: stable
average coherence delta: 3.997
entropy spikes recorded: 677
Interpretation: ⚡ Volatility increasing — possible new cipher rule or paradigm shift detected.
==============================================
=== Forge Reflective Mind Insight — 2026-01-05 12:47:11.981382 ===
h1 trend: stable
h2 trend: stable
average coherence delta: 3.997
entropy spikes recorded: 678
Interpretation: ⚡ Volatility increasing — possible new cipher rule or paradigm shift detected.
==============================================
=== Forge Reflective Mind Insight — 2026-01-05 12:47:15.830069 ===
h1 trend: stable
h2 trend: stable
average coherence delta: 3.997
entropy spikes recorded: 679
Interpretation: ⚡ Volatility increasing — possible new cipher rule or paradigm shift detected.
==============================================
=== Forge Reflective Mind Insight — 2026-01-05 12:47:19.573571 ===
h1 trend: stable
h2 trend: stable
average coherence delta: 3.997
entropy spikes recorded: 680
Interpretation: ⚡ Volatility increasing — possible new cipher rule or paradigm shift detected.
==============================================
=== Forge Reflective Mind Insight — 2026-01-05 12:47:23.569838 ===
h1 trend: stable
h2 trend: stable
average coherence delta: 3.997
entropy spikes recorded: 681
Interpretation: ⚡ Volatility increasing — possible new cipher rule or paradigm shift detected.
==============================================
=== Forge Reflective Mind Insight — 2026-01-05 12:47:27.306264 ===
h1 trend: stable
h2 trend: stable
average coherence delta: 3.997
entropy spikes recorded: 682
Interpretation: ⚡ Volatility increasing — possible new cipher rule or paradigm shift detected.
==============================================
=== Forge Reflective Mind Insight — 2026-01-05 12:47:31.123199 ===
h1 trend: stable
h2 trend: stable
average coherence delta: 3.997
entropy spikes recorded: 683
Interpretation: ⚡ Volatility increasing — possible new cipher rule or paradigm shift detected.
==============================================
=== Forge Reflective Mind Insight — 2026-01-05 12:47:34.966423 ===
h1 trend: stable
h2 trend: stable
average coherence delta: 3.997
entropy spikes recorded: 684
Interpretation: ⚡ Volatility increasing — possible new cipher rule or paradigm shift detected.
==============================================
=== Forge Reflective Mind Insight — 2026-01-05 12:47:38.723573 ===
h1 trend: stable
h2 trend: stable
average coherence delta: 3.997
entropy spikes recorded: 685
Interpretation: ⚡ Volatility increasing — possible new cipher rule or paradigm shift detected.
==============================================
=== Forge Reflective Mind Insight — 2026-01-05 12:47:42.457403 ===
h1 trend: stable
h2 trend: stable
average coherence delta: 3.997
entropy spikes recorded: 686
Interpretation: ⚡ Volatility increasing — possible new cipher rule or paradigm shift detected.
==============================================
=== Forge Reflective Mind Insight — 2026-01-05 12:47:46.215732 ===
h1 trend: stable
h2 trend: stable
average coherence delta: 3.997
entropy spikes recorded: 687
Interpretation: ⚡ Volatility increasing — possible new cipher rule or paradigm shift detected.
==============================================
=== Forge Reflective Mind Insight — 2026-01-05 12:47:50.260952 ===
h1 trend: stable
h2 trend: stable
average coherence delta: 3.997
entropy spikes recorded: 688
Interpretation: ⚡ Volatility increasing — possible new cipher rule or paradigm shift detected.
==============================================
=== Forge Reflective Mind Insight — 2026-01-05 12:47:54.024326 ===
h1 trend: stable
h2 trend: stable
average coherence delta: 3.997
entropy spikes recorded: 689
Interpretation: ⚡ Volatility increasing — possible new cipher rule or paradigm shift detected.
==============================================
=== Forge Reflective Mind Insight — 2026-01-05 12:47:57.728048 ===
h1 trend: stable
h2 trend: stable
average coherence delta: 3.997
entropy spikes recorded: 690
Interpretation: ⚡ Volatility increasing — possible new cipher rule or paradigm shift detected.
==============================================
=== Forge Reflective Mind Insight — 2026-01-05 12:48:01.677843 ===
h1 trend: stable
h2 trend: stable
average coherence delta: 3.997
entropy spikes recorded: 691
Interpretation: ⚡ Volatility increasing — possible new cipher rule or paradigm shift detected.
==============================================
=== Forge Reflective Mind Insight — 2026-01-05 12:48:05.421757 ===
h1 trend: stable
h2 trend: stable
average coherence delta: 3.997
entropy spikes recorded: 692
Interpretation: ⚡ Volatility increasing — possible new cipher rule or paradigm shift detected.
==============================================
=== Forge Reflective Mind Insight — 2026-01-05 12:48:09.451936 ===
h1 trend: stable
h2 trend: stable
average coherence delta: 3.997
entropy spikes recorded: 693
Interpretation: ⚡ Volatility increasing — possible new cipher rule or paradigm shift detected.
==============================================
=== Forge Reflective Mind Insight — 2026-01-05 12:48:13.324083 ===
h1 trend: stable
h2 trend: stable
average coherence delta: 3.997
entropy spikes recorded: 694
Interpretation: ⚡ Volatility increasing — possible new cipher rule or paradigm shift detected.
==============================================
=== Forge Reflective Mind Insight — 2026-01-05 12:48:17.055096 ===
h1 trend: stable
h2 trend: stable
average coherence delta: 3.997
entropy spikes recorded: 695
Interpretation: ⚡ Volatility increasing — possible new cipher rule or paradigm shift detected.
==============================================
=== Forge Reflective Mind Insight — 2026-01-05 12:48:20.993271 ===
h1 trend: stable
h2 trend: stable
average coherence delta: 3.997
entropy spikes recorded: 696
Interpretation: ⚡ Volatility increasing — possible new cipher rule or paradigm shift detected.
==============================================
=== Forge Reflective Mind Insight — 2026-01-05 12:48:25.138990 ===
h1 trend: stable
h2 trend: stable
average coherence delta: 3.997
entropy spikes recorded: 697
Interpretation: ⚡ Volatility increasing — possible new cipher rule or paradigm shift detected.
==============================================
=== Forge Reflective Mind Insight — 2026-01-05 12:48:28.928376 ===
h1 trend: stable
h2 trend: stable
average coherence delta: 3.997
entropy spikes recorded: 698
Interpretation: ⚡ Volatility increasing — possible new cipher rule or paradigm shift detected.
==============================================
=== Forge Reflective Mind Insight — 2026-01-05 12:48:32.691740 ===
h1 trend: stable
h2 trend: stable
average coherence delta: 3.997
entropy spikes recorded: 699
Interpretation: ⚡ Volatility increasing — possible new cipher rule or paradigm shift detected.
==============================================
=== Forge Reflective Mind Insight — 2026-01-05 12:48:36.403623 ===
h1 trend: stable
h2 trend: stable
average coherence delta: 3.997
entropy spikes recorded: 700
Interpretation: ⚡ Volatility increasing — possible new cipher rule or paradigm shift detected.
==============================================
=== Forge Reflective Mind Insight — 2026-01-05 12:48:40.424639 ===
h1 trend: stable
h2 trend: stable
average coherence delta: 3.997
entropy spikes recorded: 701
Interpretation: ⚡ Volatility increasing — possible new cipher rule or paradigm shift detected.
==============================================
=== Forge Reflective Mind Insight — 2026-01-05 12:48:44.227779 ===
h1 trend: stable
h2 trend: stable
average coherence delta: 3.997
entropy spikes recorded: 702
Interpretation: ⚡ Volatility increasing — possible new cipher rule or paradigm shift detected.
==============================================
=== Forge Reflective Mind Insight — 2026-01-05 12:48:47.940546 ===
h1 trend: stable
h2 trend: stable
average coherence delta: 3.997
entropy spikes recorded: 703
Interpretation: ⚡ Volatility increasing — possible new cipher rule or paradigm shift detected.
==============================================
=== Forge Reflective Mind Insight — 2026-01-05 12:48:51.656417 ===
h1 trend: stable
h2 trend: stable
average coherence delta: 3.997
entropy spikes recorded: 704
Interpretation: ⚡ Volatility increasing — possible new cipher rule or paradigm shift detected.
==============================================
=== Forge Reflective Mind Insight — 2026-01-05 12:48:55.385948 ===
h1 trend: stable
h2 trend: stable
average coherence delta: 3.997
entropy spikes recorded: 705
Interpretation: ⚡ Volatility increasing — possible new cipher rule or paradigm shift detected.
==============================================
=== Forge Reflective Mind Insight — 2026-01-05 12:48:59.095814 ===
h1 trend: stable
h2 trend: stable
average coherence delta: 3.997
entropy spikes recorded: 706
Interpretation: ⚡ Volatility increasing — possible new cipher rule or paradigm shift detected.
==============================================
=== Forge Reflective Mind Insight — 2026-01-05 12:49:02.933318 ===
h1 trend: stable
h2 trend: stable
average coherence delta: 3.997
entropy spikes recorded: 707
Interpretation: ⚡ Volatility increasing — possible new cipher rule or paradigm shift detected.
==============================================
=== Forge Reflective Mind Insight — 2026-01-05 12:49:06.735185 ===
h1 trend: stable
h2 trend: stable
average coherence delta: 3.997
entropy spikes recorded: 708
Interpretation: ⚡ Volatility increasing — possible new cipher rule or paradigm shift detected.
==============================================
=== Forge Reflective Mind Insight — 2026-01-05 12:49:10.672711 ===
h1 trend: stable
h2 trend: stable
average coherence delta: 3.997
entropy spikes recorded: 709
Interpretation: ⚡ Volatility increasing — possible new cipher rule or paradigm shift detected.
==============================================
=== Forge Reflective Mind Insight — 2026-01-05 12:49:14.712995 ===
h1 trend: stable
h2 trend: stable
average coherence delta: 3.997
entropy spikes recorded: 710
Interpretation: ⚡ Volatility increasing — possible new cipher rule or paradigm shift detected.
==============================================
=== Forge Reflective Mind Insight — 2026-01-05 12:49:18.537939 ===
h1 trend: stable
h2 trend: stable
average coherence delta: 3.997
entropy spikes recorded: 711
Interpretation: ⚡ Volatility increasing — possible new cipher rule or paradigm shift detected.
==============================================
=== Forge Reflective Mind Insight — 2026-01-05 12:49:22.796247 ===
h1 trend: stable
h2 trend: stable
average coherence delta: 3.997
entropy spikes recorded: 712
Interpretation: ⚡ Volatility increasing — possible new cipher rule or paradigm shift detected.
==============================================
=== Forge Reflective Mind Insight — 2026-01-05 12:49:26.529165 ===
h1 trend: stable
h2 trend: stable
average coherence delta: 3.997
entropy spikes recorded: 713
Interpretation: ⚡ Volatility increasing — possible new cipher rule or paradigm shift detected.
==============================================
=== Forge Reflective Mind Insight — 2026-01-05 12:49:30.349732 ===
h1 trend: stable
h2 trend: stable
average coherence delta: 3.997
entropy spikes recorded: 714
Interpretation: ⚡ Volatility increasing — possible new cipher rule or paradigm shift detected.
==============================================
=== Forge Reflective Mind Insight — 2026-01-05 12:49:34.030654 ===
h1 trend: stable
h2 trend: stable
average coherence delta: 3.997
entropy spikes recorded: 715
Interpretation: ⚡ Volatility increasing — possible new cipher rule or paradigm shift detected.
==============================================
=== Forge Reflective Mind Insight — 2026-01-05 12:49:38.033533 ===
h1 trend: stable
h2 trend: stable
average coherence delta: 3.997
entropy spikes recorded: 716
Interpretation: ⚡ Volatility increasing — possible new cipher rule or paradigm shift detected.
==============================================
=== Forge Reflective Mind Insight — 2026-01-05 12:49:41.865209 ===
h1 trend: stable
h2 trend: stable
average coherence delta: 3.997
entropy spikes recorded: 717
Interpretation: ⚡ Volatility increasing — possible new cipher rule or paradigm shift detected.
==============================================
=== Forge Reflective Mind Insight — 2026-01-05 12:49:45.593630 ===
h1 trend: stable
h2 trend: stable
average coherence delta: 3.997
entropy spikes recorded: 718
Interpretation: ⚡ Volatility increasing — possible new cipher rule or paradigm shift detected.
==============================================
=== Forge Reflective Mind Insight — 2026-01-05 12:49:49.497373 ===
h1 trend: stable
h2 trend: stable
average coherence delta: 3.997
entropy spikes recorded: 719
Interpretation: ⚡ Volatility increasing — possible new cipher rule or paradigm shift detected.
==============================================
=== Forge Reflective Mind Insight — 2026-01-05 12:49:53.268659 ===
h1 trend: stable
h2 trend: stable
average coherence delta: 3.997
entropy spikes recorded: 720
Interpretation: ⚡ Volatility increasing — possible new cipher rule or paradigm shift detected.
==============================================
=== Forge Reflective Mind Insight — 2026-01-05 12:49:57.185957 ===
h1 trend: stable
h2 trend: stable
average coherence delta: 3.997
entropy spikes recorded: 721
Interpretation: ⚡ Volatility increasing — possible new cipher rule or paradigm shift detected.
==============================================
=== Forge Reflective Mind Insight — 2026-01-05 12:50:01.168329 ===
h1 trend: stable
h2 trend: stable
average coherence delta: 3.997
entropy spikes recorded: 722
Interpretation: ⚡ Volatility increasing — possible new cipher rule or paradigm shift detected.
==============================================
=== Forge Reflective Mind Insight — 2026-01-05 12:50:05.173051 ===
h1 trend: stable
h2 trend: stable
average coherence delta: 3.997
entropy spikes recorded: 723
Interpretation: ⚡ Volatility increasing — possible new cipher rule or paradigm shift detected.
==============================================
=== Forge Reflective Mind Insight — 2026-01-05 12:50:09.209261 ===
h1 trend: stable
h2 trend: stable
average coherence delta: 3.997
entropy spikes recorded: 724
Interpretation: ⚡ Volatility increasing — possible new cipher rule or paradigm shift detected.
==============================================
=== Forge Reflective Mind Insight — 2026-01-05 12:50:12.941223 ===
h1 trend: stable
h2 trend: stable
average coherence delta: 3.997
entropy spikes recorded: 725
Interpretation: ⚡ Volatility increasing — possible new cipher rule or paradigm shift detected.
==============================================
=== Forge Reflective Mind Insight — 2026-01-05 12:50:16.789342 ===
h1 trend: stable
h2 trend: stable
average coherence delta: 3.997
entropy spikes recorded: 726
Interpretation: ⚡ Volatility increasing — possible new cipher rule or paradigm shift detected.
==============================================
=== Forge Reflective Mind Insight — 2026-01-05 12:50:20.549831 ===
h1 trend: stable
h2 trend: stable
average coherence delta: 3.997
entropy spikes recorded: 727
Interpretation: ⚡ Volatility increasing — possible new cipher rule or paradigm shift detected.
==============================================
=== Forge Reflective Mind Insight — 2026-01-05 12:50:24.227999 ===
h1 trend: stable
h2 trend: stable
average coherence delta: 3.997
entropy spikes recorded: 728
Interpretation: ⚡ Volatility increasing — possible new cipher rule or paradigm shift detected.
==============================================
=== Forge Reflective Mind Insight — 2026-01-05 12:50:27.957230 ===
h1 trend: stable
h2 trend: stable
average coherence delta: 3.997
entropy spikes recorded: 729
Interpretation: ⚡ Volatility increasing — possible new cipher rule or paradigm shift detected.
==============================================
=== Forge Reflective Mind Insight — 2026-01-05 12:50:31.986536 ===
h1 trend: stable
h2 trend: stable
average coherence delta: 3.997
entropy spikes recorded: 730
Interpretation: ⚡ Volatility increasing — possible new cipher rule or paradigm shift detected.
==============================================
=== Forge Reflective Mind Insight — 2026-01-05 12:50:35.762696 ===
h1 trend: stable
h2 trend: stable
average coherence delta: 3.997
entropy spikes recorded: 731
Interpretation: ⚡ Volatility increasing — possible new cipher rule or paradigm shift detected.
==============================================
=== Forge Reflective Mind Insight — 2026-01-05 12:50:39.599375 ===
h1 trend: stable
h2 trend: stable
average coherence delta: 3.997
entropy spikes recorded: 732
Interpretation: ⚡ Volatility increasing — possible new cipher rule or paradigm shift detected.
==============================================
=== Forge Reflective Mind Insight — 2026-01-05 12:50:43.399545 ===
h1 trend: stable
h2 trend: stable
average coherence delta: 3.997
entropy spikes recorded: 733
Interpretation: ⚡ Volatility increasing — possible new cipher rule or paradigm shift detected.
==============================================
=== Forge Reflective Mind Insight — 2026-01-05 12:50:47.334786 ===
h1 trend: stable
h2 trend: stable
average coherence delta: 3.997
entropy spikes recorded: 734
Interpretation: ⚡ Volatility increasing — possible new cipher rule or paradigm shift detected.
==============================================
=== Forge Reflective Mind Insight — 2026-01-05 12:50:51.430086 ===
h1 trend: stable
h2 trend: stable
average coherence delta: 3.997
entropy spikes recorded: 735
Interpretation: ⚡ Volatility increasing — possible new cipher rule or paradigm shift detected.
==============================================
=== Forge Reflective Mind Insight — 2026-01-05 12:50:55.185564 ===
h1 trend: stable
h2 trend: stable
average coherence delta: 3.997
entropy spikes recorded: 736
Interpretation: ⚡ Volatility increasing — possible new cipher rule or paradigm shift detected.
==============================================
=== Forge Reflective Mind Insight — 2026-01-05 12:50:59.178423 ===
h1 trend: stable
h2 trend: stable
average coherence delta: 3.997
entropy spikes recorded: 737
Interpretation: ⚡ Volatility increasing — possible new cipher rule or paradigm shift detected.
==============================================
=== Forge Reflective Mind Insight — 2026-01-05 12:51:03.215532 ===
h1 trend: stable
h2 trend: stable
average coherence delta: 3.997
entropy spikes recorded: 738
Interpretation: ⚡ Volatility increasing — possible new cipher rule or paradigm shift detected.
==============================================
=== Forge Reflective Mind Insight — 2026-01-05 12:51:07.252521 ===
h1 trend: stable
h2 trend: stable
average coherence delta: 3.997
entropy spikes recorded: 739
Interpretation: ⚡ Volatility increasing — possible new cipher rule or paradigm shift detected.
==============================================
=== Forge Reflective Mind Insight — 2026-01-05 12:51:11.590792 ===
h1 trend: stable
h2 trend: stable
average coherence delta: 3.997
entropy spikes recorded: 740
Interpretation: ⚡ Volatility increasing — possible new cipher rule or paradigm shift detected.
==============================================
=== Forge Reflective Mind Insight — 2026-01-05 12:51:15.281963 ===
h1 trend: stable
h2 trend: stable
average coherence delta: 3.997
entropy spikes recorded: 741
Interpretation: ⚡ Volatility increasing — possible new cipher rule or paradigm shift detected.
==============================================
=== Forge Reflective Mind Insight — 2026-01-05 12:51:19.125121 ===
h1 trend: stable
h2 trend: stable
average coherence delta: 3.997
entropy spikes recorded: 742
Interpretation: ⚡ Volatility increasing — possible new cipher rule or paradigm shift detected.
==============================================
=== Forge Reflective Mind Insight — 2026-01-05 12:51:22.955902 ===
h1 trend: stable
h2 trend: stable
average coherence delta: 3.997
entropy spikes recorded: 743
Interpretation: ⚡ Volatility increasing — possible new cipher rule or paradigm shift detected.
==============================================
=== Forge Reflective Mind Insight — 2026-01-05 12:51:26.795179 ===
h1 trend: stable
h2 trend: stable
average coherence delta: 3.997
entropy spikes recorded: 744
Interpretation: ⚡ Volatility increasing — possible new cipher rule or paradigm shift detected.
==============================================
=== Forge Reflective Mind Insight — 2026-01-05 12:51:30.647584 ===
h1 trend: stable
h2 trend: stable
average coherence delta: 3.997
entropy spikes recorded: 745
Interpretation: ⚡ Volatility increasing — possible new cipher rule or paradigm shift detected.
==============================================
=== Forge Reflective Mind Insight — 2026-01-05 12:51:34.512070 ===
h1 trend: stable
h2 trend: stable
average coherence delta: 3.997
entropy spikes recorded: 746
Interpretation: ⚡ Volatility increasing — possible new cipher rule or paradigm shift detected.
==============================================
=== Forge Reflective Mind Insight — 2026-01-05 12:51:38.452611 ===
h1 trend: stable
h2 trend: stable
average coherence delta: 3.997
entropy spikes recorded: 747
Interpretation: ⚡ Volatility increasing — possible new cipher rule or paradigm shift detected.
==============================================
=== Forge Reflective Mind Insight — 2026-01-05 12:51:42.637759 ===
h1 trend: stable
h2 trend: stable
average coherence delta: 3.997
entropy spikes recorded: 748
Interpretation: ⚡ Volatility increasing — possible new cipher rule or paradigm shift detected.
==============================================
=== Forge Reflective Mind Insight — 2026-01-05 12:51:46.570093 ===
h1 trend: stable
h2 trend: stable
average coherence delta: 3.997
entropy spikes recorded: 749
Interpretation: ⚡ Volatility increasing — possible new cipher rule or paradigm shift detected.
==============================================
=== Forge Reflective Mind Insight — 2026-01-05 12:51:50.330937 ===
h1 trend: stable
h2 trend: stable
average coherence delta: 3.997
entropy spikes recorded: 750
Interpretation: ⚡ Volatility increasing — possible new cipher rule or paradigm shift detected.
==============================================
=== Forge Reflective Mind Insight — 2026-01-05 12:51:54.010932 ===
h1 trend: stable
h2 trend: stable
average coherence delta: 3.997
entropy spikes recorded: 751
Interpretation: ⚡ Volatility increasing — possible new cipher rule or paradigm shift detected.
==============================================
=== Forge Reflective Mind Insight — 2026-01-05 12:51:57.863808 ===
h1 trend: stable
h2 trend: stable
average coherence delta: 3.997
entropy spikes recorded: 752
Interpretation: ⚡ Volatility increasing — possible new cipher rule or paradigm shift detected.
==============================================
=== Forge Reflective Mind Insight — 2026-01-05 12:52:01.610637 ===
h1 trend: stable
h2 trend: stable
average coherence delta: 3.997
entropy spikes recorded: 753
Interpretation: ⚡ Volatility increasing — possible new cipher rule or paradigm shift detected.
==============================================
=== Forge Reflective Mind Insight — 2026-01-05 12:52:05.409798 ===
h1 trend: stable
h2 trend: stable
average coherence delta: 3.997
entropy spikes recorded: 754
Interpretation: ⚡ Volatility increasing — possible new cipher rule or paradigm shift detected.
==============================================
=== Forge Reflective Mind Insight — 2026-01-05 12:52:09.219669 ===
h1 trend: stable
h2 trend: stable
average coherence delta: 3.997
entropy spikes recorded: 755
Interpretation: ⚡ Volatility increasing — possible new cipher rule or paradigm shift detected.
==============================================
=== Forge Reflective Mind Insight — 2026-01-05 12:52:12.966993 ===
h1 trend: stable
h2 trend: stable
average coherence delta: 3.997
entropy spikes recorded: 756
Interpretation: ⚡ Volatility increasing — possible new cipher rule or paradigm shift detected.
==============================================
=== Forge Reflective Mind Insight — 2026-01-05 12:52:17.034509 ===
h1 trend: stable
h2 trend: stable
average coherence delta: 3.997
entropy spikes recorded: 757
Interpretation: ⚡ Volatility increasing — possible new cipher rule or paradigm shift detected.
==============================================
=== Forge Reflective Mind Insight — 2026-01-05 12:52:20.749287 ===
h1 trend: stable
h2 trend: stable
average coherence delta: 3.997
entropy spikes recorded: 758
Interpretation: ⚡ Volatility increasing — possible new cipher rule or paradigm shift detected.
==============================================
=== Forge Reflective Mind Insight — 2026-01-05 12:52:24.444423 ===
h1 trend: stable
h2 trend: stable
average coherence delta: 3.997
entropy spikes recorded: 759
Interpretation: ⚡ Volatility increasing — possible new cipher rule or paradigm shift detected.
==============================================
=== Forge Reflective Mind Insight — 2026-01-05 12:52:28.161983 ===
h1 trend: stable
h2 trend: stable
average coherence delta: 3.997
entropy spikes recorded: 760
Interpretation: ⚡ Volatility increasing — possible new cipher rule or paradigm shift detected.
==============================================
=== Forge Reflective Mind Insight — 2026-01-05 12:52:31.853803 ===
h1 trend: stable
h2 trend: stable
average coherence delta: 3.997
entropy spikes recorded: 761
Interpretation: ⚡ Volatility increasing — possible new cipher rule or paradigm shift detected.
==============================================
=== Forge Reflective Mind Insight — 2026-01-05 12:52:35.549205 ===
h1 trend: stable
h2 trend: stable
average coherence delta: 3.997
entropy spikes recorded: 762
Interpretation: ⚡ Volatility increasing — possible new cipher rule or paradigm shift detected.
==============================================
=== Forge Reflective Mind Insight — 2026-01-05 12:52:39.220177 ===
h1 trend: stable
h2 trend: stable
average coherence delta: 3.997
entropy spikes recorded: 763
Interpretation: ⚡ Volatility increasing — possible new cipher rule or paradigm shift detected.
==============================================
=== Forge Reflective Mind Insight — 2026-01-05 12:52:42.895287 ===
h1 trend: stable
h2 trend: stable
average coherence delta: 3.997
entropy spikes recorded: 764
Interpretation: ⚡ Volatility increasing — possible new cipher rule or paradigm shift detected.
==============================================
=== Forge Reflective Mind Insight — 2026-01-05 12:52:46.583268 ===
h1 trend: stable
h2 trend: stable
average coherence delta: 3.997
entropy spikes recorded: 765
Interpretation: ⚡ Volatility increasing — possible new cipher rule or paradigm shift detected.
==============================================
=== Forge Reflective Mind Insight — 2026-01-05 12:52:50.443318 ===
h1 trend: stable
h2 trend: stable
average coherence delta: 3.997
entropy spikes recorded: 766
Interpretation: ⚡ Volatility increasing — possible new cipher rule or paradigm shift detected.
==============================================
=== Forge Reflective Mind Insight — 2026-01-05 12:52:54.113758 ===
h1 trend: stable
h2 trend: stable
average coherence delta: 3.997
entropy spikes recorded: 767
Interpretation: ⚡ Volatility increasing — possible new cipher rule or paradigm shift detected.
==============================================
=== Forge Reflective Mind Insight — 2026-01-05 12:52:57.834685 ===
h1 trend: stable
h2 trend: stable
average coherence delta: 3.997
entropy spikes recorded: 768
Interpretation: ⚡ Volatility increasing — possible new cipher rule or paradigm shift detected.
==============================================
=== Forge Reflective Mind Insight — 2026-01-05 12:53:01.534883 ===
h1 trend: stable
h2 trend: stable
average coherence delta: 3.997
entropy spikes recorded: 769
Interpretation: ⚡ Volatility increasing — possible new cipher rule or paradigm shift detected.
==============================================
=== Forge Reflective Mind Insight — 2026-01-05 12:53:05.201061 ===
h1 trend: stable
h2 trend: stable
average coherence delta: 3.997
entropy spikes recorded: 770
Interpretation: ⚡ Volatility increasing — possible new cipher rule or paradigm shift detected.
==============================================
=== Forge Reflective Mind Insight — 2026-01-05 12:53:08.880123 ===
h1 trend: stable
h2 trend: stable
average coherence delta: 3.997
entropy spikes recorded: 771
Interpretation: ⚡ Volatility increasing — possible new cipher rule or paradigm shift detected.
==============================================
=== Forge Reflective Mind Insight — 2026-01-05 12:53:12.548265 ===
h1 trend: stable
h2 trend: stable
average coherence delta: 3.997
entropy spikes recorded: 772
Interpretation: ⚡ Volatility increasing — possible new cipher rule or paradigm shift detected.
==============================================
=== Forge Reflective Mind Insight — 2026-01-05 12:53:16.238097 ===
h1 trend: stable
h2 trend: stable
average coherence delta: 3.997
entropy spikes recorded: 773
Interpretation: ⚡ Volatility increasing — possible new cipher rule or paradigm shift detected.
==============================================
=== Forge Reflective Mind Insight — 2026-01-05 12:53:20.186491 ===
h1 trend: stable
h2 trend: stable
average coherence delta: 3.997
entropy spikes recorded: 774
Interpretation: ⚡ Volatility increasing — possible new cipher rule or paradigm shift detected.
==============================================
=== Forge Reflective Mind Insight — 2026-01-05 12:53:24.128366 ===
h1 trend: stable
h2 trend: stable
average coherence delta: 3.997
entropy spikes recorded: 775
Interpretation: ⚡ Volatility increasing — possible new cipher rule or paradigm shift detected.
==============================================
=== Forge Reflective Mind Insight — 2026-01-05 12:53:27.847705 ===
h1 trend: stable
h2 trend: stable
average coherence delta: 3.997
entropy spikes recorded: 776
Interpretation: ⚡ Volatility increasing — possible new cipher rule or paradigm shift detected.
==============================================
=== Forge Reflective Mind Insight — 2026-01-05 12:53:31.928311 ===
h1 trend: stable
h2 trend: stable
average coherence delta: 3.997
entropy spikes recorded: 777
Interpretation: ⚡ Volatility increasing — possible new cipher rule or paradigm shift detected.
==============================================
=== Forge Reflective Mind Insight — 2026-01-05 12:53:35.623129 ===
h1 trend: stable
h2 trend: stable
average coherence delta: 3.997
entropy spikes recorded: 778
Interpretation: ⚡ Volatility increasing — possible new cipher rule or paradigm shift detected.
==============================================
=== Forge Reflective Mind Insight — 2026-01-05 12:53:39.556442 ===
h1 trend: stable
h2 trend: stable
average coherence delta: 3.997
entropy spikes recorded: 779
Interpretation: ⚡ Volatility increasing — possible new cipher rule or paradigm shift detected.
==============================================
=== Forge Reflective Mind Insight — 2026-01-05 12:53:43.745441 ===
h1 trend: stable
h2 trend: stable
average coherence delta: 3.997
entropy spikes recorded: 780
Interpretation: ⚡ Volatility increasing — possible new cipher rule or paradigm shift detected.
==============================================
=== Forge Reflective Mind Insight — 2026-01-05 12:53:47.680204 ===
h1 trend: stable
h2 trend: stable
average coherence delta: 3.997
entropy spikes recorded: 781
Interpretation: ⚡ Volatility increasing — possible new cipher rule or paradigm shift detected.
==============================================
=== Forge Reflective Mind Insight — 2026-01-05 12:53:51.514486 ===
h1 trend: stable
h2 trend: stable
average coherence delta: 3.997
entropy spikes recorded: 782
Interpretation: ⚡ Volatility increasing — possible new cipher rule or paradigm shift detected.
==============================================
=== Forge Reflective Mind Insight — 2026-01-05 12:53:55.613861 ===
h1 trend: stable
h2 trend: stable
average coherence delta: 3.997
entropy spikes recorded: 783
Interpretation: ⚡ Volatility increasing — possible new cipher rule or paradigm shift detected.
==============================================
=== Forge Reflective Mind Insight — 2026-01-05 12:53:59.380795 ===
h1 trend: stable
h2 trend: stable
average coherence delta: 3.997
entropy spikes recorded: 784
Interpretation: ⚡ Volatility increasing — possible new cipher rule or paradigm shift detected.
==============================================
=== Forge Reflective Mind Insight — 2026-01-05 12:54:03.270501 ===
h1 trend: stable
h2 trend: stable
average coherence delta: 3.997
entropy spikes recorded: 785
Interpretation: ⚡ Volatility increasing — possible new cipher rule or paradigm shift detected.
==============================================
=== Forge Reflective Mind Insight — 2026-01-05 12:54:07.298054 ===
h1 trend: stable
h2 trend: stable
average coherence delta: 3.997
entropy spikes recorded: 786
Interpretation: ⚡ Volatility increasing — possible new cipher rule or paradigm shift detected.
==============================================
=== Forge Reflective Mind Insight — 2026-01-05 12:54:11.236445 ===
h1 trend: stable
h2 trend: stable
average coherence delta: 3.997
entropy spikes recorded: 787
Interpretation: ⚡ Volatility increasing — possible new cipher rule or paradigm shift detected.
==============================================
=== Forge Reflective Mind Insight — 2026-01-05 12:54:15.064645 ===
h1 trend: stable
h2 trend: stable
average coherence delta: 3.997
entropy spikes recorded: 788
Interpretation: ⚡ Volatility increasing — possible new cipher rule or paradigm shift detected.
==============================================
=== Forge Reflective Mind Insight — 2026-01-05 12:54:18.868526 ===
h1 trend: stable
h2 trend: stable
average coherence delta: 3.997
entropy spikes recorded: 789
Interpretation: ⚡ Volatility increasing — possible new cipher rule or paradigm shift detected.
==============================================
=== Forge Reflective Mind Insight — 2026-01-05 12:54:22.701515 ===
h1 trend: stable
h2 trend: stable
average coherence delta: 3.997
entropy spikes recorded: 790
Interpretation: ⚡ Volatility increasing — possible new cipher rule or paradigm shift detected.
==============================================
=== Forge Reflective Mind Insight — 2026-01-05 12:54:26.535644 ===
h1 trend: stable
h2 trend: stable
average coherence delta: 3.997
entropy spikes recorded: 791
Interpretation: ⚡ Volatility increasing — possible new cipher rule or paradigm shift detected.
==============================================
=== Forge Reflective Mind Insight — 2026-01-05 12:54:30.441099 ===
h1 trend: stable
h2 trend: stable
average coherence delta: 3.997
entropy spikes recorded: 792
Interpretation: ⚡ Volatility increasing — possible new cipher rule or paradigm shift detected.
==============================================
=== Forge Reflective Mind Insight — 2026-01-05 12:54:34.262249 ===
h1 trend: stable
h2 trend: stable
average coherence delta: 3.997
entropy spikes recorded: 793
Interpretation: ⚡ Volatility increasing — possible new cipher rule or paradigm shift detected.
==============================================
=== Forge Reflective Mind Insight — 2026-01-05 12:54:38.152681 ===
h1 trend: stable
h2 trend: stable
average coherence delta: 3.997
entropy spikes recorded: 794
Interpretation: ⚡ Volatility increasing — possible new cipher rule or paradigm shift detected.
==============================================
=== Forge Reflective Mind Insight — 2026-01-05 12:54:42.313278 ===
h1 trend: stable
h2 trend: stable
average coherence delta: 3.997
entropy spikes recorded: 795
Interpretation: ⚡ Volatility increasing — possible new cipher rule or paradigm shift detected.
==============================================
=== Forge Reflective Mind Insight — 2026-01-05 12:54:46.300105 ===
h1 trend: stable
h2 trend: stable
average coherence delta: 3.997
entropy spikes recorded: 796
Interpretation: ⚡ Volatility increasing — possible new cipher rule or paradigm shift detected.
==============================================
=== Forge Reflective Mind Insight — 2026-01-05 12:54:50.086631 ===
h1 trend: stable
h2 trend: stable
average coherence delta: 3.997
entropy spikes recorded: 797
Interpretation: ⚡ Volatility increasing — possible new cipher rule or paradigm shift detected.
==============================================
=== Forge Reflective Mind Insight — 2026-01-05 12:54:54.109671 ===
h1 trend: stable
h2 trend: stable
average coherence delta: 3.997
entropy spikes recorded: 798
Interpretation: ⚡ Volatility increasing — possible new cipher rule or paradigm shift detected.
==============================================
=== Forge Reflective Mind Insight — 2026-01-05 12:54:58.650459 ===
h1 trend: stable
h2 trend: stable
average coherence delta: 3.997
entropy spikes recorded: 799
Interpretation: ⚡ Volatility increasing — possible new cipher rule or paradigm shift detected.
==============================================
=== Forge Reflective Mind Insight — 2026-01-05 12:55:02.438728 ===
h1 trend: stable
h2 trend: stable
average coherence delta: 3.997
entropy spikes recorded: 800
Interpretation: ⚡ Volatility increasing — possible new cipher rule or paradigm shift detected.
==============================================
=== Forge Reflective Mind Insight — 2026-01-05 12:55:06.259917 ===
h1 trend: stable
h2 trend: stable
average coherence delta: 3.997
entropy spikes recorded: 801
Interpretation: ⚡ Volatility increasing — possible new cipher rule or paradigm shift detected.
==============================================
=== Forge Reflective Mind Insight — 2026-01-05 12:55:10.112862 ===
h1 trend: stable
h2 trend: stable
average coherence delta: 3.997
entropy spikes recorded: 802
Interpretation: ⚡ Volatility increasing — possible new cipher rule or paradigm shift detected.
==============================================
=== Forge Reflective Mind Insight — 2026-01-05 12:55:14.146533 ===
h1 trend: stable
h2 trend: stable
average coherence delta: 3.997
entropy spikes recorded: 803
Interpretation: ⚡ Volatility increasing — possible new cipher rule or paradigm shift detected.
==============================================
=== Forge Reflective Mind Insight — 2026-01-05 12:55:17.878986 ===
h1 trend: stable
h2 trend: stable
average coherence delta: 3.997
entropy spikes recorded: 804
Interpretation: ⚡ Volatility increasing — possible new cipher rule or paradigm shift detected.
==============================================
=== Forge Reflective Mind Insight — 2026-01-05 12:55:21.605045 ===
h1 trend: stable
h2 trend: stable
average coherence delta: 3.997
entropy spikes recorded: 805
Interpretation: ⚡ Volatility increasing — possible new cipher rule or paradigm shift detected.
==============================================
=== Forge Reflective Mind Insight — 2026-01-05 12:55:25.276070 ===
h1 trend: stable
h2 trend: stable
average coherence delta: 3.997
entropy spikes recorded: 806
Interpretation: ⚡ Volatility increasing — possible new cipher rule or paradigm shift detected.
==============================================
=== Forge Reflective Mind Insight — 2026-01-05 12:55:29.157815 ===
h1 trend: stable
h2 trend: stable
average coherence delta: 3.997
entropy spikes recorded: 807
Interpretation: ⚡ Volatility increasing — possible new cipher rule or paradigm shift detected.
==============================================
=== Forge Reflective Mind Insight — 2026-01-05 12:55:33.057174 ===
h1 trend: stable
h2 trend: stable
average coherence delta: 3.997
entropy spikes recorded: 808
Interpretation: ⚡ Volatility increasing — possible new cipher rule or paradigm shift detected.
==============================================
=== Forge Reflective Mind Insight — 2026-01-05 12:55:36.942379 ===
h1 trend: stable
h2 trend: stable
average coherence delta: 3.997
entropy spikes recorded: 809
Interpretation: ⚡ Volatility increasing — possible new cipher rule or paradigm shift detected.
==============================================
=== Forge Reflective Mind Insight — 2026-01-05 12:55:41.513608 ===
h1 trend: stable
h2 trend: stable
average coherence delta: 3.997
entropy spikes recorded: 810
Interpretation: ⚡ Volatility increasing — possible new cipher rule or paradigm shift detected.
==============================================
=== Forge Reflective Mind Insight — 2026-01-05 12:55:45.700221 ===
h1 trend: stable
h2 trend: stable
average coherence delta: 3.997
entropy spikes recorded: 811
Interpretation: ⚡ Volatility increasing — possible new cipher rule or paradigm shift detected.
==============================================
=== Forge Reflective Mind Insight — 2026-01-05 12:55:49.604535 ===
h1 trend: stable
h2 trend: stable
average coherence delta: 3.997
entropy spikes recorded: 812
Interpretation: ⚡ Volatility increasing — possible new cipher rule or paradigm shift detected.
==============================================
=== Forge Reflective Mind Insight — 2026-01-05 12:55:53.623834 ===
h1 trend: stable
h2 trend: stable
average coherence delta: 3.997
entropy spikes recorded: 813
Interpretation: ⚡ Volatility increasing — possible new cipher rule or paradigm shift detected.
==============================================
=== Forge Reflective Mind Insight — 2026-01-05 12:55:57.531883 ===
h1 trend: stable
h2 trend: stable
average coherence delta: 3.997
entropy spikes recorded: 814
Interpretation: ⚡ Volatility increasing — possible new cipher rule or paradigm shift detected.
==============================================
=== Forge Reflective Mind Insight — 2026-01-05 12:56:01.465736 ===
h1 trend: stable
h2 trend: stable
average coherence delta: 3.997
entropy spikes recorded: 815
Interpretation: ⚡ Volatility increasing — possible new cipher rule or paradigm shift detected.
==============================================
=== Forge Reflective Mind Insight — 2026-01-05 12:56:05.239421 ===
h1 trend: stable
h2 trend: stable
average coherence delta: 3.997
entropy spikes recorded: 816
Interpretation: ⚡ Volatility increasing — possible new cipher rule or paradigm shift detected.
==============================================
=== Forge Reflective Mind Insight — 2026-01-05 12:56:09.015425 ===
h1 trend: stable
h2 trend: stable
average coherence delta: 3.997
entropy spikes recorded: 817
Interpretation: ⚡ Volatility increasing — possible new cipher rule or paradigm shift detected.
==============================================
=== Forge Reflective Mind Insight — 2026-01-05 12:56:12.736015 ===
h1 trend: stable
h2 trend: stable
average coherence delta: 3.997
entropy spikes recorded: 818
Interpretation: ⚡ Volatility increasing — possible new cipher rule or paradigm shift detected.
==============================================
=== Forge Reflective Mind Insight — 2026-01-05 12:56:16.747780 ===
h1 trend: stable
h2 trend: stable
average coherence delta: 3.997
entropy spikes recorded: 819
Interpretation: ⚡ Volatility increasing — possible new cipher rule or paradigm shift detected.
==============================================
=== Forge Reflective Mind Insight — 2026-01-05 12:56:20.468334 ===
h1 trend: stable
h2 trend: stable
average coherence delta: 3.997
entropy spikes recorded: 820
Interpretation: ⚡ Volatility increasing — possible new cipher rule or paradigm shift detected.
==============================================
=== Forge Reflective Mind Insight — 2026-01-05 12:56:24.142313 ===
h1 trend: stable
h2 trend: stable
average coherence delta: 3.997
entropy spikes recorded: 821
Interpretation: ⚡ Volatility increasing — possible new cipher rule or paradigm shift detected.
==============================================
=== Forge Reflective Mind Insight — 2026-01-05 12:56:27.984773 ===
h1 trend: stable
h2 trend: stable
average coherence delta: 3.997
entropy spikes recorded: 822
Interpretation: ⚡ Volatility increasing — possible new cipher rule or paradigm shift detected.
==============================================
=== Forge Reflective Mind Insight — 2026-01-05 12:56:31.963253 ===
h1 trend: stable
h2 trend: stable
average coherence delta: 3.997
entropy spikes recorded: 823
Interpretation: ⚡ Volatility increasing — possible new cipher rule or paradigm shift detected.
==============================================
=== Forge Reflective Mind Insight — 2026-01-05 12:56:35.986053 ===
h1 trend: stable
h2 trend: stable
average coherence delta: 3.997
entropy spikes recorded: 824
Interpretation: ⚡ Volatility increasing — possible new cipher rule or paradigm shift detected.
==============================================
=== Forge Reflective Mind Insight — 2026-01-05 12:56:39.706384 ===
h1 trend: stable
h2 trend: stable
average coherence delta: 3.997
entropy spikes recorded: 825
Interpretation: ⚡ Volatility increasing — possible new cipher rule or paradigm shift detected.
==============================================
=== Forge Reflective Mind Insight — 2026-01-05 12:56:43.398245 ===
h1 trend: stable
h2 trend: stable
average coherence delta: 3.997
entropy spikes recorded: 826
Interpretation: ⚡ Volatility increasing — possible new cipher rule or paradigm shift detected.
==============================================
=== Forge Reflective Mind Insight — 2026-01-05 12:56:47.077129 ===
h1 trend: stable
h2 trend: stable
average coherence delta: 3.997
entropy spikes recorded: 827
Interpretation: ⚡ Volatility increasing — possible new cipher rule or paradigm shift detected.
==============================================
=== Forge Reflective Mind Insight — 2026-01-05 12:56:50.774767 ===
h1 trend: stable
h2 trend: stable
average coherence delta: 3.997
entropy spikes recorded: 828
Interpretation: ⚡ Volatility increasing — possible new cipher rule or paradigm shift detected.
==============================================
=== Forge Reflective Mind Insight — 2026-01-05 12:56:54.450633 ===
h1 trend: stable
h2 trend: stable
average coherence delta: 3.997
entropy spikes recorded: 829
Interpretation: ⚡ Volatility increasing — possible new cipher rule or paradigm shift detected.
==============================================
=== Forge Reflective Mind Insight — 2026-01-05 12:56:58.123163 ===
h1 trend: stable
h2 trend: stable
average coherence delta: 3.997
entropy spikes recorded: 830
Interpretation: ⚡ Volatility increasing — possible new cipher rule or paradigm shift detected.
==============================================
=== Forge Reflective Mind Insight — 2026-01-05 12:57:01.845626 ===
h1 trend: stable
h2 trend: stable
average coherence delta: 3.997
entropy spikes recorded: 831
Interpretation: ⚡ Volatility increasing — possible new cipher rule or paradigm shift detected.
==============================================
=== Forge Reflective Mind Insight — 2026-01-05 12:57:05.534958 ===
h1 trend: stable
h2 trend: stable
average coherence delta: 3.997
entropy spikes recorded: 832
Interpretation: ⚡ Volatility increasing — possible new cipher rule or paradigm shift detected.
==============================================
=== Forge Reflective Mind Insight — 2026-01-05 12:57:09.329353 ===
h1 trend: stable
h2 trend: stable
average coherence delta: 3.997
entropy spikes recorded: 833
Interpretation: ⚡ Volatility increasing — possible new cipher rule or paradigm shift detected.
==============================================
=== Forge Reflective Mind Insight — 2026-01-05 12:57:13.084530 ===
h1 trend: stable
h2 trend: stable
average coherence delta: 3.997
entropy spikes recorded: 834
Interpretation: ⚡ Volatility increasing — possible new cipher rule or paradigm shift detected.
==============================================
=== Forge Reflective Mind Insight — 2026-01-05 12:57:16.845378 ===
h1 trend: stable
h2 trend: stable
average coherence delta: 3.997
entropy spikes recorded: 835
Interpretation: ⚡ Volatility increasing — possible new cipher rule or paradigm shift detected.
==============================================
=== Forge Reflective Mind Insight — 2026-01-05 12:57:20.655307 ===
h1 trend: stable
h2 trend: stable
average coherence delta: 3.997
entropy spikes recorded: 836
Interpretation: ⚡ Volatility increasing — possible new cipher rule or paradigm shift detected.
==============================================
=== Forge Reflective Mind Insight — 2026-01-05 12:57:24.636426 ===
h1 trend: stable
h2 trend: stable
average coherence delta: 3.997
entropy spikes recorded: 837
Interpretation: ⚡ Volatility increasing — possible new cipher rule or paradigm shift detected.
==============================================
=== Forge Reflective Mind Insight — 2026-01-05 12:57:28.854702 ===
h1 trend: stable
h2 trend: stable
average coherence delta: 3.997
entropy spikes recorded: 838
Interpretation: ⚡ Volatility increasing — possible new cipher rule or paradigm shift detected.
==============================================
=== Forge Reflective Mind Insight — 2026-01-05 12:57:32.721345 ===
h1 trend: stable
h2 trend: stable
average coherence delta: 3.997
entropy spikes recorded: 839
Interpretation: ⚡ Volatility increasing — possible new cipher rule or paradigm shift detected.
==============================================
=== Forge Reflective Mind Insight — 2026-01-05 12:57:36.596462 ===
h1 trend: stable
h2 trend: stable
average coherence delta: 3.997
entropy spikes recorded: 840
Interpretation: ⚡ Volatility increasing — possible new cipher rule or paradigm shift detected.
==============================================
=== Forge Reflective Mind Insight — 2026-01-05 12:57:40.355359 ===
h1 trend: stable
h2 trend: stable
average coherence delta: 3.997
entropy spikes recorded: 841
Interpretation: ⚡ Volatility increasing — possible new cipher rule or paradigm shift detected.
==============================================
=== Forge Reflective Mind Insight — 2026-01-05 12:57:44.259056 ===
h1 trend: stable
h2 trend: stable
average coherence delta: 3.997
entropy spikes recorded: 842
Interpretation: ⚡ Volatility increasing — possible new cipher rule or paradigm shift detected.
==============================================
=== Forge Reflective Mind Insight — 2026-01-05 12:57:48.315147 ===
h1 trend: stable
h2 trend: stable
average coherence delta: 3.997
entropy spikes recorded: 843
Interpretation: ⚡ Volatility increasing — possible new cipher rule or paradigm shift detected.
==============================================
=== Forge Reflective Mind Insight — 2026-01-05 12:57:52.068564 ===
h1 trend: stable
h2 trend: stable
average coherence delta: 3.997
entropy spikes recorded: 844
Interpretation: ⚡ Volatility increasing — possible new cipher rule or paradigm shift detected.
==============================================
=== Forge Reflective Mind Insight — 2026-01-05 12:57:55.871706 ===
h1 trend: stable
h2 trend: stable
average coherence delta: 3.997
entropy spikes recorded: 845
Interpretation: ⚡ Volatility increasing — possible new cipher rule or paradigm shift detected.
==============================================
=== Forge Reflective Mind Insight — 2026-01-05 12:57:59.838857 ===
h1 trend: stable
h2 trend: stable
average coherence delta: 3.997
entropy spikes recorded: 846
Interpretation: ⚡ Volatility increasing — possible new cipher rule or paradigm shift detected.
==============================================
=== Forge Reflective Mind Insight — 2026-01-05 12:58:03.564614 ===
h1 trend: stable
h2 trend: stable
average coherence delta: 3.997
entropy spikes recorded: 847
Interpretation: ⚡ Volatility increasing — possible new cipher rule or paradigm shift detected.
==============================================
=== Forge Reflective Mind Insight — 2026-01-05 12:58:07.400647 ===
h1 trend: stable
h2 trend: stable
average coherence delta: 3.997
entropy spikes recorded: 848
Interpretation: ⚡ Volatility increasing — possible new cipher rule or paradigm shift detected.
==============================================
=== Forge Reflective Mind Insight — 2026-01-05 12:58:11.761093 ===
h1 trend: stable
h2 trend: stable
average coherence delta: 3.997
entropy spikes recorded: 849
Interpretation: ⚡ Volatility increasing — possible new cipher rule or paradigm shift detected.
==============================================
=== Forge Reflective Mind Insight — 2026-01-05 12:58:15.801638 ===
h1 trend: stable
h2 trend: stable
average coherence delta: 3.997
entropy spikes recorded: 850
Interpretation: ⚡ Volatility increasing — possible new cipher rule or paradigm shift detected.
==============================================
=== Forge Reflective Mind Insight — 2026-01-05 12:58:19.502507 ===
h1 trend: stable
h2 trend: stable
average coherence delta: 3.997
entropy spikes recorded: 851
Interpretation: ⚡ Volatility increasing — possible new cipher rule or paradigm shift detected.
==============================================
=== Forge Reflective Mind Insight — 2026-01-05 12:58:23.192166 ===
h1 trend: stable
h2 trend: stable
average coherence delta: 3.997
entropy spikes recorded: 852
Interpretation: ⚡ Volatility increasing — possible new cipher rule or paradigm shift detected.
==============================================
=== Forge Reflective Mind Insight — 2026-01-05 12:58:26.957991 ===
h1 trend: stable
h2 trend: stable
average coherence delta: 3.997
entropy spikes recorded: 853
Interpretation: ⚡ Volatility increasing — possible new cipher rule or paradigm shift detected.
==============================================
=== Forge Reflective Mind Insight — 2026-01-05 12:58:30.900632 ===
h1 trend: stable
h2 trend: stable
average coherence delta: 3.997
entropy spikes recorded: 854
Interpretation: ⚡ Volatility increasing — possible new cipher rule or paradigm shift detected.
==============================================
=== Forge Reflective Mind Insight — 2026-01-05 12:58:35.046315 ===
h1 trend: stable
h2 trend: stable
average coherence delta: 3.997
entropy spikes recorded: 855
Interpretation: ⚡ Volatility increasing — possible new cipher rule or paradigm shift detected.
==============================================
=== Forge Reflective Mind Insight — 2026-01-05 12:58:38.728773 ===
h1 trend: stable
h2 trend: stable
average coherence delta: 3.997
entropy spikes recorded: 856
Interpretation: ⚡ Volatility increasing — possible new cipher rule or paradigm shift detected.
==============================================
=== Forge Reflective Mind Insight — 2026-01-05 12:58:42.454823 ===
h1 trend: stable
h2 trend: stable
average coherence delta: 3.997
entropy spikes recorded: 857
Interpretation: ⚡ Volatility increasing — possible new cipher rule or paradigm shift detected.
==============================================
=== Forge Reflective Mind Insight — 2026-01-05 12:58:46.433467 ===
h1 trend: stable
h2 trend: stable
average coherence delta: 3.997
entropy spikes recorded: 858
Interpretation: ⚡ Volatility increasing — possible new cipher rule or paradigm shift detected.
==============================================
=== Forge Reflective Mind Insight — 2026-01-05 12:58:50.153368 ===
h1 trend: stable
h2 trend: stable
average coherence delta: 3.997
entropy spikes recorded: 859
Interpretation: ⚡ Volatility increasing — possible new cipher rule or paradigm shift detected.
==============================================
=== Forge Reflective Mind Insight — 2026-01-05 12:58:53.912066 ===
h1 trend: stable
h2 trend: stable
average coherence delta: 3.997
entropy spikes recorded: 860
Interpretation: ⚡ Volatility increasing — possible new cipher rule or paradigm shift detected.
==============================================
=== Forge Reflective Mind Insight — 2026-01-05 12:58:57.817095 ===
h1 trend: stable
h2 trend: stable
average coherence delta: 3.997
entropy spikes recorded: 861
Interpretation: ⚡ Volatility increasing — possible new cipher rule or paradigm shift detected.
==============================================
=== Forge Reflective Mind Insight — 2026-01-05 12:59:01.763748 ===
h1 trend: stable
h2 trend: stable
average coherence delta: 3.997
entropy spikes recorded: 862
Interpretation: ⚡ Volatility increasing — possible new cipher rule or paradigm shift detected.
==============================================
=== Forge Reflective Mind Insight — 2026-01-05 12:59:05.590809 ===
h1 trend: stable
h2 trend: stable
average coherence delta: 3.997
entropy spikes recorded: 863
Interpretation: ⚡ Volatility increasing — possible new cipher rule or paradigm shift detected.
==============================================
=== Forge Reflective Mind Insight — 2026-01-05 12:59:09.586937 ===
h1 trend: stable
h2 trend: stable
average coherence delta: 3.997
entropy spikes recorded: 864
Interpretation: ⚡ Volatility increasing — possible new cipher rule or paradigm shift detected.
==============================================
=== Forge Reflective Mind Insight — 2026-01-05 12:59:13.581047 ===
h1 trend: stable
h2 trend: stable
average coherence delta: 3.997
entropy spikes recorded: 865
Interpretation: ⚡ Volatility increasing — possible new cipher rule or paradigm shift detected.
==============================================
=== Forge Reflective Mind Insight — 2026-01-05 12:59:17.538744 ===
h1 trend: stable
h2 trend: stable
average coherence delta: 3.997
entropy spikes recorded: 866
Interpretation: ⚡ Volatility increasing — possible new cipher rule or paradigm shift detected.
==============================================
=== Forge Reflective Mind Insight — 2026-01-05 12:59:21.669207 ===
h1 trend: stable
h2 trend: stable
average coherence delta: 3.997
entropy spikes recorded: 867
Interpretation: ⚡ Volatility increasing — possible new cipher rule or paradigm shift detected.
==============================================
=== Forge Reflective Mind Insight — 2026-01-05 12:59:25.384652 ===
h1 trend: stable
h2 trend: stable
average coherence delta: 3.997
entropy spikes recorded: 868
Interpretation: ⚡ Volatility increasing — possible new cipher rule or paradigm shift detected.
==============================================
=== Forge Reflective Mind Insight — 2026-01-05 12:59:29.421787 ===
h1 trend: stable
h2 trend: stable
average coherence delta: 3.997
entropy spikes recorded: 869
Interpretation: ⚡ Volatility increasing — possible new cipher rule or paradigm shift detected.
==============================================
=== Forge Reflective Mind Insight — 2026-01-05 12:59:33.427807 ===
h1 trend: stable
h2 trend: stable
average coherence delta: 3.997
entropy spikes recorded: 870
Interpretation: ⚡ Volatility increasing — possible new cipher rule or paradigm shift detected.
==============================================
=== Forge Reflective Mind Insight — 2026-01-05 12:59:37.222332 ===
h1 trend: stable
h2 trend: stable
average coherence delta: 3.997
entropy spikes recorded: 871
Interpretation: ⚡ Volatility increasing — possible new cipher rule or paradigm shift detected.
==============================================
=== Forge Reflective Mind Insight — 2026-01-05 12:59:40.983957 ===
h1 trend: stable
h2 trend: stable
average coherence delta: 3.997
entropy spikes recorded: 872
Interpretation: ⚡ Volatility increasing — possible new cipher rule or paradigm shift detected.
==============================================
=== Forge Reflective Mind Insight — 2026-01-05 12:59:45.002189 ===
h1 trend: stable
h2 trend: stable
average coherence delta: 3.997
entropy spikes recorded: 873
Interpretation: ⚡ Volatility increasing — possible new cipher rule or paradigm shift detected.
==============================================
=== Forge Reflective Mind Insight — 2026-01-05 12:59:48.821716 ===
h1 trend: stable
h2 trend: stable
average coherence delta: 3.997
entropy spikes recorded: 874
Interpretation: ⚡ Volatility increasing — possible new cipher rule or paradigm shift detected.
==============================================
=== Forge Reflective Mind Insight — 2026-01-05 12:59:52.796662 ===
h1 trend: stable
h2 trend: stable
average coherence delta: 3.997
entropy spikes recorded: 875
Interpretation: ⚡ Volatility increasing — possible new cipher rule or paradigm shift detected.
==============================================
=== Forge Reflective Mind Insight — 2026-01-05 12:59:56.652725 ===
h1 trend: stable
h2 trend: stable
average coherence delta: 3.997
entropy spikes recorded: 876
Interpretation: ⚡ Volatility increasing — possible new cipher rule or paradigm shift detected.
==============================================
=== Forge Reflective Mind Insight — 2026-01-05 13:00:01.340204 ===
h1 trend: stable
h2 trend: stable
average coherence delta: 3.997
entropy spikes recorded: 877
Interpretation: ⚡ Volatility increasing — possible new cipher rule or paradigm shift detected.
==============================================
=== Forge Reflective Mind Insight — 2026-01-05 13:00:05.589305 ===
h1 trend: stable
h2 trend: stable
average coherence delta: 3.997
entropy spikes recorded: 878
Interpretation: ⚡ Volatility increasing — possible new cipher rule or paradigm shift detected.
==============================================
=== Forge Reflective Mind Insight — 2026-01-05 13:00:09.729658 ===
h1 trend: stable
h2 trend: stable
average coherence delta: 3.997
entropy spikes recorded: 879
Interpretation: ⚡ Volatility increasing — possible new cipher rule or paradigm shift detected.
==============================================
=== Forge Reflective Mind Insight — 2026-01-05 13:00:13.635108 ===
h1 trend: stable
h2 trend: stable
average coherence delta: 3.997
entropy spikes recorded: 880
Interpretation: ⚡ Volatility increasing — possible new cipher rule or paradigm shift detected.
==============================================
=== Forge Reflective Mind Insight — 2026-01-05 13:00:17.520756 ===
h1 trend: stable
h2 trend: stable
average coherence delta: 3.997
entropy spikes recorded: 881
Interpretation: ⚡ Volatility increasing — possible new cipher rule or paradigm shift detected.
==============================================
=== Forge Reflective Mind Insight — 2026-01-05 13:00:21.767468 ===
h1 trend: stable
h2 trend: stable
average coherence delta: 3.997
entropy spikes recorded: 882
Interpretation: ⚡ Volatility increasing — possible new cipher rule or paradigm shift detected.
==============================================
=== Forge Reflective Mind Insight — 2026-01-05 13:00:25.526709 ===
h1 trend: stable
h2 trend: stable
average coherence delta: 3.997
entropy spikes recorded: 883
Interpretation: ⚡ Volatility increasing — possible new cipher rule or paradigm shift detected.
==============================================
=== Forge Reflective Mind Insight — 2026-01-05 13:00:29.232612 ===
h1 trend: stable
h2 trend: stable
average coherence delta: 3.997
entropy spikes recorded: 884
Interpretation: ⚡ Volatility increasing — possible new cipher rule or paradigm shift detected.
==============================================
=== Forge Reflective Mind Insight — 2026-01-05 13:00:33.065692 ===
h1 trend: stable
h2 trend: stable
average coherence delta: 3.997
entropy spikes recorded: 885
Interpretation: ⚡ Volatility increasing — possible new cipher rule or paradigm shift detected.
==============================================
=== Forge Reflective Mind Insight — 2026-01-05 13:00:36.880197 ===
h1 trend: stable
h2 trend: stable
average coherence delta: 3.997
entropy spikes recorded: 886
Interpretation: ⚡ Volatility increasing — possible new cipher rule or paradigm shift detected.
==============================================
=== Forge Reflective Mind Insight — 2026-01-05 13:00:40.673326 ===
h1 trend: stable
h2 trend: stable
average coherence delta: 3.997
entropy spikes recorded: 887
Interpretation: ⚡ Volatility increasing — possible new cipher rule or paradigm shift detected.
==============================================
=== Forge Reflective Mind Insight — 2026-01-05 13:00:44.448435 ===
h1 trend: stable
h2 trend: stable
average coherence delta: 3.997
entropy spikes recorded: 888
Interpretation: ⚡ Volatility increasing — possible new cipher rule or paradigm shift detected.
==============================================
=== Forge Reflective Mind Insight — 2026-01-05 13:00:48.400512 ===
h1 trend: stable
h2 trend: stable
average coherence delta: 3.997
entropy spikes recorded: 889
Interpretation: ⚡ Volatility increasing — possible new cipher rule or paradigm shift detected.
==============================================
=== Forge Reflective Mind Insight — 2026-01-05 13:00:52.189059 ===
h1 trend: stable
h2 trend: stable
average coherence delta: 3.997
entropy spikes recorded: 890
Interpretation: ⚡ Volatility increasing — possible new cipher rule or paradigm shift detected.
==============================================
=== Forge Reflective Mind Insight — 2026-01-05 13:00:56.018314 ===
h1 trend: stable
h2 trend: stable
average coherence delta: 3.997
entropy spikes recorded: 891
Interpretation: ⚡ Volatility increasing — possible new cipher rule or paradigm shift detected.
==============================================
=== Forge Reflective Mind Insight — 2026-01-05 13:01:00.089490 ===
h1 trend: stable
h2 trend: stable
average coherence delta: 3.997
entropy spikes recorded: 892
Interpretation: ⚡ Volatility increasing — possible new cipher rule or paradigm shift detected.
==============================================
=== Forge Reflective Mind Insight — 2026-01-05 13:01:04.049418 ===
h1 trend: stable
h2 trend: stable
average coherence delta: 3.997
entropy spikes recorded: 893
Interpretation: ⚡ Volatility increasing — possible new cipher rule or paradigm shift detected.
==============================================
=== Forge Reflective Mind Insight — 2026-01-05 13:01:08.130366 ===
h1 trend: stable
h2 trend: stable
average coherence delta: 3.997
entropy spikes recorded: 894
Interpretation: ⚡ Volatility increasing — possible new cipher rule or paradigm shift detected.
==============================================
=== Forge Reflective Mind Insight — 2026-01-05 13:01:12.324842 ===
h1 trend: stable
h2 trend: stable
average coherence delta: 3.997
entropy spikes recorded: 895
Interpretation: ⚡ Volatility increasing — possible new cipher rule or paradigm shift detected.
==============================================
=== Forge Reflective Mind Insight — 2026-01-05 13:01:16.064688 ===
h1 trend: stable
h2 trend: stable
average coherence delta: 3.997
entropy spikes recorded: 896
Interpretation: ⚡ Volatility increasing — possible new cipher rule or paradigm shift detected.
==============================================
=== Forge Reflective Mind Insight — 2026-01-05 13:01:21.991894 ===
h1 trend: stable
h2 trend: stable
average coherence delta: 3.997
entropy spikes recorded: 897
Interpretation: ⚡ Volatility increasing — possible new cipher rule or paradigm shift detected.
==============================================
=== Forge Reflective Mind Insight — 2026-01-05 13:01:25.481958 ===
h1 trend: stable
h2 trend: stable
average coherence delta: 3.997
entropy spikes recorded: 898
Interpretation: ⚡ Volatility increasing — possible new cipher rule or paradigm shift detected.
==============================================
=== Forge Reflective Mind Insight — 2026-01-05 13:01:29.141682 ===
h1 trend: stable
h2 trend: stable
average coherence delta: 3.997
entropy spikes recorded: 899
Interpretation: ⚡ Volatility increasing — possible new cipher rule or paradigm shift detected.
==============================================
=== Forge Reflective Mind Insight — 2026-01-05 13:01:33.581035 ===
h1 trend: stable
h2 trend: stable
average coherence delta: 3.997
entropy spikes recorded: 900
Interpretation: ⚡ Volatility increasing — possible new cipher rule or paradigm shift detected.
==============================================
=== Forge Reflective Mind Insight — 2026-01-05 13:01:37.043856 ===
h1 trend: stable
h2 trend: stable
average coherence delta: 3.997
entropy spikes recorded: 901
Interpretation: ⚡ Volatility increasing — possible new cipher rule or paradigm shift detected.
==============================================
=== Forge Reflective Mind Insight — 2026-01-05 13:01:40.476050 ===
h1 trend: stable
h2 trend: stable
average coherence delta: 3.997
entropy spikes recorded: 902
Interpretation: ⚡ Volatility increasing — possible new cipher rule or paradigm shift detected.
==============================================
=== Forge Reflective Mind Insight — 2026-01-05 13:01:44.871338 ===
h1 trend: stable
h2 trend: stable
average coherence delta: 3.997
entropy spikes recorded: 903
Interpretation: ⚡ Volatility increasing — possible new cipher rule or paradigm shift detected.
==============================================
=== Forge Reflective Mind Insight — 2026-01-05 13:01:48.248397 ===
h1 trend: stable
h2 trend: stable
average coherence delta: 3.997
entropy spikes recorded: 904
Interpretation: ⚡ Volatility increasing — possible new cipher rule or paradigm shift detected.
==============================================
=== Forge Reflective Mind Insight — 2026-01-05 13:01:52.454431 ===
h1 trend: stable
h2 trend: stable
average coherence delta: 3.997
entropy spikes recorded: 905
Interpretation: ⚡ Volatility increasing — possible new cipher rule or paradigm shift detected.
==============================================
=== Forge Reflective Mind Insight — 2026-01-05 13:01:57.102242 ===
h1 trend: stable
h2 trend: stable
average coherence delta: 3.997
entropy spikes recorded: 906
Interpretation: ⚡ Volatility increasing — possible new cipher rule or paradigm shift detected.
==============================================
=== Forge Reflective Mind Insight — 2026-01-05 13:02:00.539693 ===
h1 trend: stable
h2 trend: stable
average coherence delta: 3.997
entropy spikes recorded: 907
Interpretation: ⚡ Volatility increasing — possible new cipher rule or paradigm shift detected.
==============================================
=== Forge Reflective Mind Insight — 2026-01-05 13:02:04.391869 ===
h1 trend: stable
h2 trend: stable
average coherence delta: 3.997
entropy spikes recorded: 908
Interpretation: ⚡ Volatility increasing — possible new cipher rule or paradigm shift detected.
==============================================
=== Forge Reflective Mind Insight — 2026-01-05 13:02:08.411518 ===
h1 trend: stable
h2 trend: stable
average coherence delta: 3.997
entropy spikes recorded: 909
Interpretation: ⚡ Volatility increasing — possible new cipher rule or paradigm shift detected.
==============================================
=== Forge Reflective Mind Insight — 2026-01-05 13:02:12.517798 ===
h1 trend: stable
h2 trend: stable
average coherence delta: 3.997
entropy spikes recorded: 910
Interpretation: ⚡ Volatility increasing — possible new cipher rule or paradigm shift detected.
==============================================
=== Forge Reflective Mind Insight — 2026-01-05 13:02:16.119619 ===
h1 trend: stable
h2 trend: stable
average coherence delta: 3.997
entropy spikes recorded: 911
Interpretation: ⚡ Volatility increasing — possible new cipher rule or paradigm shift detected.
==============================================
=== Forge Reflective Mind Insight — 2026-01-05 13:02:20.306367 ===
h1 trend: stable
h2 trend: stable
average coherence delta: 3.997
entropy spikes recorded: 912
Interpretation: ⚡ Volatility increasing — possible new cipher rule or paradigm shift detected.
==============================================
=== Forge Reflective Mind Insight — 2026-01-05 13:02:24.294131 ===
h1 trend: stable
h2 trend: stable
average coherence delta: 3.997
entropy spikes recorded: 913
Interpretation: ⚡ Volatility increasing — possible new cipher rule or paradigm shift detected.
==============================================
=== Forge Reflective Mind Insight — 2026-01-05 13:02:28.322303 ===
h1 trend: stable
h2 trend: stable
average coherence delta: 3.997
entropy spikes recorded: 914
Interpretation: ⚡ Volatility increasing — possible new cipher rule or paradigm shift detected.
==============================================
=== Forge Reflective Mind Insight — 2026-01-05 13:02:32.446258 ===
h1 trend: stable
h2 trend: stable
average coherence delta: 3.997
entropy spikes recorded: 915
Interpretation: ⚡ Volatility increasing — possible new cipher rule or paradigm shift detected.
==============================================
=== Forge Reflective Mind Insight — 2026-01-05 13:02:36.807573 ===
h1 trend: stable
h2 trend: stable
average coherence delta: 3.997
entropy spikes recorded: 916
Interpretation: ⚡ Volatility increasing — possible new cipher rule or paradigm shift detected.
==============================================
=== Forge Reflective Mind Insight — 2026-01-05 13:02:40.636197 ===
h1 trend: stable
h2 trend: stable
average coherence delta: 3.997
entropy spikes recorded: 917
Interpretation: ⚡ Volatility increasing — possible new cipher rule or paradigm shift detected.
==============================================
=== Forge Reflective Mind Insight — 2026-01-05 13:02:44.638720 ===
h1 trend: stable
h2 trend: stable
average coherence delta: 3.997
entropy spikes recorded: 918
Interpretation: ⚡ Volatility increasing — possible new cipher rule or paradigm shift detected.
==============================================
=== Forge Reflective Mind Insight — 2026-01-05 13:02:48.661400 ===
h1 trend: stable
h2 trend: stable
average coherence delta: 3.997
entropy spikes recorded: 919
Interpretation: ⚡ Volatility increasing — possible new cipher rule or paradigm shift detected.
==============================================
=== Forge Reflective Mind Insight — 2026-01-05 13:02:52.536467 ===
h1 trend: stable
h2 trend: stable
average coherence delta: 3.997
entropy spikes recorded: 920
Interpretation: ⚡ Volatility increasing — possible new cipher rule or paradigm shift detected.
==============================================
=== Forge Reflective Mind Insight — 2026-01-05 13:02:56.121226 ===
h1 trend: stable
h2 trend: stable
average coherence delta: 3.997
entropy spikes recorded: 921
Interpretation: ⚡ Volatility increasing — possible new cipher rule or paradigm shift detected.
==============================================
=== Forge Reflective Mind Insight — 2026-01-05 13:03:00.667192 ===
h1 trend: stable
h2 trend: stable
average coherence delta: 3.997
entropy spikes recorded: 922
Interpretation: ⚡ Volatility increasing — possible new cipher rule or paradigm shift detected.
==============================================
=== Forge Reflective Mind Insight — 2026-01-05 13:03:04.179244 ===
h1 trend: stable
h2 trend: stable
average coherence delta: 3.997
entropy spikes recorded: 923
Interpretation: ⚡ Volatility increasing — possible new cipher rule or paradigm shift detected.
==============================================
=== Forge Reflective Mind Insight — 2026-01-05 13:03:07.800900 ===
h1 trend: stable
h2 trend: stable
average coherence delta: 3.997
entropy spikes recorded: 924
Interpretation: ⚡ Volatility increasing — possible new cipher rule or paradigm shift detected.
==============================================
=== Forge Reflective Mind Insight — 2026-01-05 13:03:11.842738 ===
h1 trend: stable
h2 trend: stable
average coherence delta: 3.997
entropy spikes recorded: 925
Interpretation: ⚡ Volatility increasing — possible new cipher rule or paradigm shift detected.
==============================================
=== Forge Reflective Mind Insight — 2026-01-05 13:03:15.664966 ===
h1 trend: stable
h2 trend: stable
average coherence delta: 3.997
entropy spikes recorded: 926
Interpretation: ⚡ Volatility increasing — possible new cipher rule or paradigm shift detected.
==============================================
=== Forge Reflective Mind Insight — 2026-01-05 13:03:20.143548 ===
h1 trend: stable
h2 trend: stable
average coherence delta: 3.997
entropy spikes recorded: 927
Interpretation: ⚡ Volatility increasing — possible new cipher rule or paradigm shift detected.
==============================================
=== Forge Reflective Mind Insight — 2026-01-05 13:03:23.659029 ===
h1 trend: stable
h2 trend: stable
average coherence delta: 3.997
entropy spikes recorded: 928
Interpretation: ⚡ Volatility increasing — possible new cipher rule or paradigm shift detected.
==============================================
=== Forge Reflective Mind Insight — 2026-01-05 13:03:27.790468 ===
h1 trend: stable
h2 trend: stable
average coherence delta: 3.997
entropy spikes recorded: 929
Interpretation: ⚡ Volatility increasing — possible new cipher rule or paradigm shift detected.
==============================================
=== Forge Reflective Mind Insight — 2026-01-05 13:03:31.687255 ===
h1 trend: stable
h2 trend: stable
average coherence delta: 3.997
entropy spikes recorded: 930
Interpretation: ⚡ Volatility increasing — possible new cipher rule or paradigm shift detected.
==============================================
=== Forge Reflective Mind Insight — 2026-01-05 13:03:36.095467 ===
h1 trend: stable
h2 trend: stable
average coherence delta: 3.997
entropy spikes recorded: 931
Interpretation: ⚡ Volatility increasing — possible new cipher rule or paradigm shift detected.
==============================================
=== Forge Reflective Mind Insight — 2026-01-05 13:03:39.397820 ===
h1 trend: stable
h2 trend: stable
average coherence delta: 3.997
entropy spikes recorded: 932
Interpretation: ⚡ Volatility increasing — possible new cipher rule or paradigm shift detected.
==============================================
=== Forge Reflective Mind Insight — 2026-01-05 13:03:44.196659 ===
h1 trend: stable
h2 trend: stable
average coherence delta: 3.997
entropy spikes recorded: 933
Interpretation: ⚡ Volatility increasing — possible new cipher rule or paradigm shift detected.
==============================================
=== Forge Reflective Mind Insight — 2026-01-05 13:03:47.190643 ===
h1 trend: stable
h2 trend: stable
average coherence delta: 3.997
entropy spikes recorded: 934
Interpretation: ⚡ Volatility increasing — possible new cipher rule or paradigm shift detected.
==============================================
=== Forge Reflective Mind Insight — 2026-01-05 13:03:51.275721 ===
h1 trend: stable
h2 trend: stable
average coherence delta: 3.997
entropy spikes recorded: 935
Interpretation: ⚡ Volatility increasing — possible new cipher rule or paradigm shift detected.
==============================================
=== Forge Reflective Mind Insight — 2026-01-05 13:03:55.224964 ===
h1 trend: stable
h2 trend: stable
average coherence delta: 3.997
entropy spikes recorded: 936
Interpretation: ⚡ Volatility increasing — possible new cipher rule or paradigm shift detected.
==============================================
=== Forge Reflective Mind Insight — 2026-01-05 13:03:59.299559 ===
h1 trend: stable
h2 trend: stable
average coherence delta: 3.997
entropy spikes recorded: 937
Interpretation: ⚡ Volatility increasing — possible new cipher rule or paradigm shift detected.
==============================================
=== Forge Reflective Mind Insight — 2026-01-05 13:04:03.589780 ===
h1 trend: stable
h2 trend: stable
average coherence delta: 3.997
entropy spikes recorded: 938
Interpretation: ⚡ Volatility increasing — possible new cipher rule or paradigm shift detected.
==============================================
=== Forge Reflective Mind Insight — 2026-01-05 13:04:07.113594 ===
h1 trend: stable
h2 trend: stable
average coherence delta: 3.997
entropy spikes recorded: 939
Interpretation: ⚡ Volatility increasing — possible new cipher rule or paradigm shift detected.
==============================================
=== Forge Reflective Mind Insight — 2026-01-05 13:04:10.947672 ===
h1 trend: stable
h2 trend: stable
average coherence delta: 3.997
entropy spikes recorded: 940
Interpretation: ⚡ Volatility increasing — possible new cipher rule or paradigm shift detected.
==============================================
=== Forge Reflective Mind Insight — 2026-01-05 13:04:14.867315 ===
h1 trend: stable
h2 trend: stable
average coherence delta: 3.997
entropy spikes recorded: 941
Interpretation: ⚡ Volatility increasing — possible new cipher rule or paradigm shift detected.
==============================================
=== Forge Reflective Mind Insight — 2026-01-05 13:04:18.446208 ===
h1 trend: stable
h2 trend: stable
average coherence delta: 3.997
entropy spikes recorded: 942
Interpretation: ⚡ Volatility increasing — possible new cipher rule or paradigm shift detected.
==============================================
=== Forge Reflective Mind Insight — 2026-01-05 13:04:22.290875 ===
h1 trend: stable
h2 trend: stable
average coherence delta: 3.997
entropy spikes recorded: 943
Interpretation: ⚡ Volatility increasing — possible new cipher rule or paradigm shift detected.
==============================================
=== Forge Reflective Mind Insight — 2026-01-05 13:04:26.308323 ===
h1 trend: stable
h2 trend: stable
average coherence delta: 3.997
entropy spikes recorded: 944
Interpretation: ⚡ Volatility increasing — possible new cipher rule or paradigm shift detected.
==============================================
=== Forge Reflective Mind Insight — 2026-01-05 13:04:30.739766 ===
h1 trend: stable
h2 trend: stable
average coherence delta: 3.997
entropy spikes recorded: 945
Interpretation: ⚡ Volatility increasing — possible new cipher rule or paradigm shift detected.
==============================================
=== Forge Reflective Mind Insight — 2026-01-05 13:04:34.523117 ===
h1 trend: stable
h2 trend: stable
average coherence delta: 3.997
entropy spikes recorded: 946
Interpretation: ⚡ Volatility increasing — possible new cipher rule or paradigm shift detected.
==============================================
=== Forge Reflective Mind Insight — 2026-01-05 13:04:38.938619 ===
h1 trend: stable
h2 trend: stable
average coherence delta: 3.997
entropy spikes recorded: 947
Interpretation: ⚡ Volatility increasing — possible new cipher rule or paradigm shift detected.
==============================================
=== Forge Reflective Mind Insight — 2026-01-05 13:04:42.356669 ===
h1 trend: stable
h2 trend: stable
average coherence delta: 3.997
entropy spikes recorded: 948
Interpretation: ⚡ Volatility increasing — possible new cipher rule or paradigm shift detected.
==============================================
=== Forge Reflective Mind Insight — 2026-01-05 13:04:46.551422 ===
h1 trend: stable
h2 trend: stable
average coherence delta: 3.997
entropy spikes recorded: 949
Interpretation: ⚡ Volatility increasing — possible new cipher rule or paradigm shift detected.
==============================================
=== Forge Reflective Mind Insight — 2026-01-05 13:04:50.179464 ===
h1 trend: stable
h2 trend: stable
average coherence delta: 3.997
entropy spikes recorded: 950
Interpretation: ⚡ Volatility increasing — possible new cipher rule or paradigm shift detected.
==============================================
=== Forge Reflective Mind Insight — 2026-01-05 13:04:54.325940 ===
h1 trend: stable
h2 trend: stable
average coherence delta: 3.997
entropy spikes recorded: 951
Interpretation: ⚡ Volatility increasing — possible new cipher rule or paradigm shift detected.
==============================================
=== Forge Reflective Mind Insight — 2026-01-05 13:04:58.232932 ===
h1 trend: stable
h2 trend: stable
average coherence delta: 3.997
entropy spikes recorded: 952
Interpretation: ⚡ Volatility increasing — possible new cipher rule or paradigm shift detected.
==============================================
=== Forge Reflective Mind Insight — 2026-01-05 13:05:02.394490 ===
h1 trend: stable
h2 trend: stable
average coherence delta: 3.997
entropy spikes recorded: 953
Interpretation: ⚡ Volatility increasing — possible new cipher rule or paradigm shift detected.
==============================================
=== Forge Reflective Mind Insight — 2026-01-05 13:05:06.376629 ===
h1 trend: stable
h2 trend: stable
average coherence delta: 3.997
entropy spikes recorded: 954
Interpretation: ⚡ Volatility increasing — possible new cipher rule or paradigm shift detected.
==============================================
=== Forge Reflective Mind Insight — 2026-01-05 13:05:10.796315 ===
h1 trend: stable
h2 trend: stable
average coherence delta: 3.997
entropy spikes recorded: 955
Interpretation: ⚡ Volatility increasing — possible new cipher rule or paradigm shift detected.
==============================================
=== Forge Reflective Mind Insight — 2026-01-05 13:05:14.447271 ===
h1 trend: stable
h2 trend: stable
average coherence delta: 3.997
entropy spikes recorded: 956
Interpretation: ⚡ Volatility increasing — possible new cipher rule or paradigm shift detected.
==============================================
=== Forge Reflective Mind Insight — 2026-01-05 13:05:17.793790 ===
h1 trend: stable
h2 trend: stable
average coherence delta: 3.997
entropy spikes recorded: 957
Interpretation: ⚡ Volatility increasing — possible new cipher rule or paradigm shift detected.
==============================================
=== Forge Reflective Mind Insight — 2026-01-05 13:05:21.782406 ===
h1 trend: stable
h2 trend: stable
average coherence delta: 3.997
entropy spikes recorded: 958
Interpretation: ⚡ Volatility increasing — possible new cipher rule or paradigm shift detected.
==============================================
=== Forge Reflective Mind Insight — 2026-01-05 13:05:25.586398 ===
h1 trend: stable
h2 trend: stable
average coherence delta: 3.997
entropy spikes recorded: 959
Interpretation: ⚡ Volatility increasing — possible new cipher rule or paradigm shift detected.
==============================================
=== Forge Reflective Mind Insight — 2026-01-05 13:05:29.205608 ===
h1 trend: stable
h2 trend: stable
average coherence delta: 3.997
entropy spikes recorded: 960
Interpretation: ⚡ Volatility increasing — possible new cipher rule or paradigm shift detected.
==============================================
=== Forge Reflective Mind Insight — 2026-01-05 13:05:33.423160 ===
h1 trend: stable
h2 trend: stable
average coherence delta: 3.997
entropy spikes recorded: 961
Interpretation: ⚡ Volatility increasing — possible new cipher rule or paradigm shift detected.
==============================================
=== Forge Reflective Mind Insight — 2026-01-05 13:05:37.185494 ===
h1 trend: stable
h2 trend: stable
average coherence delta: 3.997
entropy spikes recorded: 962
Interpretation: ⚡ Volatility increasing — possible new cipher rule or paradigm shift detected.
==============================================
=== Forge Reflective Mind Insight — 2026-01-05 13:05:41.214803 ===
h1 trend: stable
h2 trend: stable
average coherence delta: 3.997
entropy spikes recorded: 963
Interpretation: ⚡ Volatility increasing — possible new cipher rule or paradigm shift detected.
==============================================
=== Forge Reflective Mind Insight — 2026-01-05 13:05:45.176425 ===
h1 trend: stable
h2 trend: stable
average coherence delta: 3.997
entropy spikes recorded: 964
Interpretation: ⚡ Volatility increasing — possible new cipher rule or paradigm shift detected.
==============================================
=== Forge Reflective Mind Insight — 2026-01-05 13:05:49.106403 ===
h1 trend: stable
h2 trend: stable
average coherence delta: 3.997
entropy spikes recorded: 965
Interpretation: ⚡ Volatility increasing — possible new cipher rule or paradigm shift detected.
==============================================
=== Forge Reflective Mind Insight — 2026-01-05 13:05:52.714001 ===
h1 trend: stable
h2 trend: stable
average coherence delta: 3.997
entropy spikes recorded: 966
Interpretation: ⚡ Volatility increasing — possible new cipher rule or paradigm shift detected.
==============================================
=== Forge Reflective Mind Insight — 2026-01-05 13:05:56.829835 ===
h1 trend: stable
h2 trend: stable
average coherence delta: 3.997
entropy spikes recorded: 967
Interpretation: ⚡ Volatility increasing — possible new cipher rule or paradigm shift detected.
==============================================
=== Forge Reflective Mind Insight — 2026-01-05 13:06:00.931517 ===
h1 trend: stable
h2 trend: stable
average coherence delta: 3.997
entropy spikes recorded: 968
Interpretation: ⚡ Volatility increasing — possible new cipher rule or paradigm shift detected.
==============================================
=== Forge Reflective Mind Insight — 2026-01-05 13:06:04.791961 ===
h1 trend: stable
h2 trend: stable
average coherence delta: 3.997
entropy spikes recorded: 969
Interpretation: ⚡ Volatility increasing — possible new cipher rule or paradigm shift detected.
==============================================
=== Forge Reflective Mind Insight — 2026-01-05 13:06:08.534677 ===
h1 trend: stable
h2 trend: stable
average coherence delta: 3.997
entropy spikes recorded: 970
Interpretation: ⚡ Volatility increasing — possible new cipher rule or paradigm shift detected.
==============================================
=== Forge Reflective Mind Insight — 2026-01-05 13:06:12.776722 ===
h1 trend: stable
h2 trend: stable
average coherence delta: 3.997
entropy spikes recorded: 971
Interpretation: ⚡ Volatility increasing — possible new cipher rule or paradigm shift detected.
==============================================
=== Forge Reflective Mind Insight — 2026-01-05 13:06:16.769250 ===
h1 trend: stable
h2 trend: stable
average coherence delta: 3.997
entropy spikes recorded: 972
Interpretation: ⚡ Volatility increasing — possible new cipher rule or paradigm shift detected.
==============================================
=== Forge Reflective Mind Insight — 2026-01-05 13:06:20.638000 ===
h1 trend: stable
h2 trend: stable
average coherence delta: 3.997
entropy spikes recorded: 973
Interpretation: ⚡ Volatility increasing — possible new cipher rule or paradigm shift detected.
==============================================
=== Forge Reflective Mind Insight — 2026-01-05 13:06:25.002972 ===
h1 trend: stable
h2 trend: stable
average coherence delta: 3.997
entropy spikes recorded: 974
Interpretation: ⚡ Volatility increasing — possible new cipher rule or paradigm shift detected.
==============================================
=== Forge Reflective Mind Insight — 2026-01-05 13:06:29.144539 ===
h1 trend: stable
h2 trend: stable
average coherence delta: 3.997
entropy spikes recorded: 975
Interpretation: ⚡ Volatility increasing — possible new cipher rule or paradigm shift detected.
==============================================
=== Forge Reflective Mind Insight — 2026-01-05 13:06:32.718062 ===
h1 trend: stable
h2 trend: stable
average coherence delta: 3.997
entropy spikes recorded: 976
Interpretation: ⚡ Volatility increasing — possible new cipher rule or paradigm shift detected.
==============================================
=== Forge Reflective Mind Insight — 2026-01-05 13:06:36.696957 ===
h1 trend: stable
h2 trend: stable
average coherence delta: 3.997
entropy spikes recorded: 977
Interpretation: ⚡ Volatility increasing — possible new cipher rule or paradigm shift detected.
==============================================
=== Forge Reflective Mind Insight — 2026-01-05 13:06:41.095336 ===
h1 trend: stable
h2 trend: stable
average coherence delta: 3.997
entropy spikes recorded: 978
Interpretation: ⚡ Volatility increasing — possible new cipher rule or paradigm shift detected.
==============================================
=== Forge Reflective Mind Insight — 2026-01-05 13:06:44.376505 ===
h1 trend: stable
h2 trend: stable
average coherence delta: 3.997
entropy spikes recorded: 979
Interpretation: ⚡ Volatility increasing — possible new cipher rule or paradigm shift detected.
==============================================
=== Forge Reflective Mind Insight — 2026-01-05 13:06:47.998271 ===
h1 trend: stable
h2 trend: stable
average coherence delta: 3.997
entropy spikes recorded: 980
Interpretation: ⚡ Volatility increasing — possible new cipher rule or paradigm shift detected.
==============================================
=== Forge Reflective Mind Insight — 2026-01-05 13:06:52.166952 ===
h1 trend: stable
h2 trend: stable
average coherence delta: 3.997
entropy spikes recorded: 981
Interpretation: ⚡ Volatility increasing — possible new cipher rule or paradigm shift detected.
==============================================
=== Forge Reflective Mind Insight — 2026-01-05 13:06:55.601553 ===
h1 trend: stable
h2 trend: stable
average coherence delta: 3.997
entropy spikes recorded: 982
Interpretation: ⚡ Volatility increasing — possible new cipher rule or paradigm shift detected.
==============================================
=== Forge Reflective Mind Insight — 2026-01-05 13:06:59.407748 ===
h1 trend: stable
h2 trend: stable
average coherence delta: 3.997
entropy spikes recorded: 983
Interpretation: ⚡ Volatility increasing — possible new cipher rule or paradigm shift detected.
==============================================
=== Forge Reflective Mind Insight — 2026-01-05 13:07:03.212590 ===
h1 trend: stable
h2 trend: stable
average coherence delta: 3.997
entropy spikes recorded: 984
Interpretation: ⚡ Volatility increasing — possible new cipher rule or paradigm shift detected.
==============================================
=== Forge Reflective Mind Insight — 2026-01-05 13:07:07.851541 ===
h1 trend: stable
h2 trend: stable
average coherence delta: 3.997
entropy spikes recorded: 985
Interpretation: ⚡ Volatility increasing — possible new cipher rule or paradigm shift detected.
==============================================
=== Forge Reflective Mind Insight — 2026-01-05 13:07:11.009258 ===
h1 trend: stable
h2 trend: stable
average coherence delta: 3.997
entropy spikes recorded: 986
Interpretation: ⚡ Volatility increasing — possible new cipher rule or paradigm shift detected.
==============================================
=== Forge Reflective Mind Insight — 2026-01-05 13:07:14.587348 ===
h1 trend: stable
h2 trend: stable
average coherence delta: 3.997
entropy spikes recorded: 987
Interpretation: ⚡ Volatility increasing — possible new cipher rule or paradigm shift detected.
==============================================
=== Forge Reflective Mind Insight — 2026-01-05 13:07:18.293231 ===
h1 trend: stable
h2 trend: stable
average coherence delta: 3.997
entropy spikes recorded: 988
Interpretation: ⚡ Volatility increasing — possible new cipher rule or paradigm shift detected.
==============================================
=== Forge Reflective Mind Insight — 2026-01-05 13:07:22.516403 ===
h1 trend: stable
h2 trend: stable
average coherence delta: 3.997
entropy spikes recorded: 989
Interpretation: ⚡ Volatility increasing — possible new cipher rule or paradigm shift detected.
==============================================
=== Forge Reflective Mind Insight — 2026-01-05 13:07:26.282282 ===
h1 trend: stable
h2 trend: stable
average coherence delta: 3.997
entropy spikes recorded: 990
Interpretation: ⚡ Volatility increasing — possible new cipher rule or paradigm shift detected.
==============================================
=== Forge Reflective Mind Insight — 2026-01-05 13:07:30.136535 ===
h1 trend: stable
h2 trend: stable
average coherence delta: 3.997
entropy spikes recorded: 991
Interpretation: ⚡ Volatility increasing — possible new cipher rule or paradigm shift detected.
==============================================
=== Forge Reflective Mind Insight — 2026-01-05 13:07:33.798576 ===
h1 trend: stable
h2 trend: stable
average coherence delta: 3.997
entropy spikes recorded: 992
Interpretation: ⚡ Volatility increasing — possible new cipher rule or paradigm shift detected.
==============================================
=== Forge Reflective Mind Insight — 2026-01-05 13:07:38.452932 ===
h1 trend: stable
h2 trend: stable
average coherence delta: 3.997
entropy spikes recorded: 993
Interpretation: ⚡ Volatility increasing — possible new cipher rule or paradigm shift detected.
==============================================
=== Forge Reflective Mind Insight — 2026-01-05 13:07:41.244709 ===
h1 trend: stable
h2 trend: stable
average coherence delta: 3.997
entropy spikes recorded: 994
Interpretation: ⚡ Volatility increasing — possible new cipher rule or paradigm shift detected.
==============================================
=== Forge Reflective Mind Insight — 2026-01-05 13:07:45.016970 ===
h1 trend: stable
h2 trend: stable
average coherence delta: 3.997
entropy spikes recorded: 995
Interpretation: ⚡ Volatility increasing — possible new cipher rule or paradigm shift detected.
==============================================
=== Forge Reflective Mind Insight — 2026-01-05 13:07:48.969241 ===
h1 trend: stable
h2 trend: stable
average coherence delta: 3.997
entropy spikes recorded: 996
Interpretation: ⚡ Volatility increasing — possible new cipher rule or paradigm shift detected.
==============================================
=== Forge Reflective Mind Insight — 2026-01-05 13:07:52.631514 ===
h1 trend: stable
h2 trend: stable
average coherence delta: 3.997
entropy spikes recorded: 997
Interpretation: ⚡ Volatility increasing — possible new cipher rule or paradigm shift detected.
==============================================
=== Forge Reflective Mind Insight — 2026-01-05 13:07:56.754671 ===
h1 trend: stable
h2 trend: stable
average coherence delta: 3.997
entropy spikes recorded: 998
Interpretation: ⚡ Volatility increasing — possible new cipher rule or paradigm shift detected.
==============================================
=== Forge Reflective Mind Insight — 2026-01-05 13:08:00.649764 ===
h1 trend: stable
h2 trend: stable
average coherence delta: 3.997
entropy spikes recorded: 999
Interpretation: ⚡ Volatility increasing — possible new cipher rule or paradigm shift detected.
==============================================
=== Forge Reflective Mind Insight — 2026-01-05 13:08:05.361069 ===
h1 trend: stable
h2 trend: stable
average coherence delta: 3.997
entropy spikes recorded: 1000
Interpretation: ⚡ Volatility increasing — possible new cipher rule or paradigm shift detected.
==============================================
=== Forge Reflective Mind Insight — 2026-01-05 13:08:08.576836 ===
h1 trend: stable
h2 trend: stable
average coherence delta: 3.997
entropy spikes recorded: 1001
Interpretation: ⚡ Volatility increasing — possible new cipher rule or paradigm shift detected.
==============================================
=== Forge Reflective Mind Insight — 2026-01-05 13:08:12.301929 ===
h1 trend: stable
h2 trend: stable
average coherence delta: 3.997
entropy spikes recorded: 1002
Interpretation: ⚡ Volatility increasing — possible new cipher rule or paradigm shift detected.
==============================================
=== Forge Reflective Mind Insight — 2026-01-05 13:08:16.619762 ===
h1 trend: stable
h2 trend: stable
average coherence delta: 3.997
entropy spikes recorded: 1003
Interpretation: ⚡ Volatility increasing — possible new cipher rule or paradigm shift detected.
==============================================
=== Forge Reflective Mind Insight — 2026-01-05 13:08:20.798991 ===
h1 trend: stable
h2 trend: stable
average coherence delta: 3.997
entropy spikes recorded: 1004
Interpretation: ⚡ Volatility increasing — possible new cipher rule or paradigm shift detected.
==============================================
=== Forge Reflective Mind Insight — 2026-01-05 13:08:24.216037 ===
h1 trend: stable
h2 trend: stable
average coherence delta: 3.997
entropy spikes recorded: 1005
Interpretation: ⚡ Volatility increasing — possible new cipher rule or paradigm shift detected.
==============================================
=== Forge Reflective Mind Insight — 2026-01-05 13:08:28.014858 ===
h1 trend: stable
h2 trend: stable
average coherence delta: 3.997
entropy spikes recorded: 1006
Interpretation: ⚡ Volatility increasing — possible new cipher rule or paradigm shift detected.
==============================================
=== Forge Reflective Mind Insight — 2026-01-05 13:08:31.849611 ===
h1 trend: stable
h2 trend: stable
average coherence delta: 3.997
entropy spikes recorded: 1007
Interpretation: ⚡ Volatility increasing — possible new cipher rule or paradigm shift detected.
==============================================
=== Forge Reflective Mind Insight — 2026-01-05 13:08:35.900406 ===
h1 trend: stable
h2 trend: stable
average coherence delta: 3.997
entropy spikes recorded: 1008
Interpretation: ⚡ Volatility increasing — possible new cipher rule or paradigm shift detected.
==============================================
=== Forge Reflective Mind Insight — 2026-01-05 13:08:40.103431 ===
h1 trend: stable
h2 trend: stable
average coherence delta: 3.997
entropy spikes recorded: 1009
Interpretation: ⚡ Volatility increasing — possible new cipher rule or paradigm shift detected.
==============================================
=== Forge Reflective Mind Insight — 2026-01-05 13:08:43.771925 ===
h1 trend: stable
h2 trend: stable
average coherence delta: 3.997
entropy spikes recorded: 1010
Interpretation: ⚡ Volatility increasing — possible new cipher rule or paradigm shift detected.
==============================================
=== Forge Reflective Mind Insight — 2026-01-05 13:08:47.602848 ===
h1 trend: stable
h2 trend: stable
average coherence delta: 3.997
entropy spikes recorded: 1011
Interpretation: ⚡ Volatility increasing — possible new cipher rule or paradigm shift detected.
==============================================
=== Forge Reflective Mind Insight — 2026-01-05 13:08:51.318404 ===
h1 trend: stable
h2 trend: stable
average coherence delta: 3.997
entropy spikes recorded: 1012
Interpretation: ⚡ Volatility increasing — possible new cipher rule or paradigm shift detected.
==============================================
=== Forge Reflective Mind Insight — 2026-01-05 13:08:55.191122 ===
h1 trend: stable
h2 trend: stable
average coherence delta: 3.997
entropy spikes recorded: 1013
Interpretation: ⚡ Volatility increasing — possible new cipher rule or paradigm shift detected.
==============================================
=== Forge Reflective Mind Insight — 2026-01-05 13:08:59.139108 ===
h1 trend: stable
h2 trend: stable
average coherence delta: 3.997
entropy spikes recorded: 1014
Interpretation: ⚡ Volatility increasing — possible new cipher rule or paradigm shift detected.
==============================================
=== Forge Reflective Mind Insight — 2026-01-05 13:09:02.774489 ===
h1 trend: stable
h2 trend: stable
average coherence delta: 3.997
entropy spikes recorded: 1015
Interpretation: ⚡ Volatility increasing — possible new cipher rule or paradigm shift detected.
==============================================
=== Forge Reflective Mind Insight — 2026-01-05 13:09:06.594103 ===
h1 trend: stable
h2 trend: stable
average coherence delta: 3.997
entropy spikes recorded: 1016
Interpretation: ⚡ Volatility increasing — possible new cipher rule or paradigm shift detected.
==============================================
=== Forge Reflective Mind Insight — 2026-01-05 13:09:10.619266 ===
h1 trend: stable
h2 trend: stable
average coherence delta: 3.997
entropy spikes recorded: 1017
Interpretation: ⚡ Volatility increasing — possible new cipher rule or paradigm shift detected.
==============================================
=== Forge Reflective Mind Insight — 2026-01-05 13:09:14.375564 ===
h1 trend: stable
h2 trend: stable
average coherence delta: 3.997
entropy spikes recorded: 1018
Interpretation: ⚡ Volatility increasing — possible new cipher rule or paradigm shift detected.
==============================================
=== Forge Reflective Mind Insight — 2026-01-05 13:09:18.316098 ===
h1 trend: stable
h2 trend: stable
average coherence delta: 3.997
entropy spikes recorded: 1019
Interpretation: ⚡ Volatility increasing — possible new cipher rule or paradigm shift detected.
==============================================
=== Forge Reflective Mind Insight — 2026-01-05 13:09:22.107914 ===
h1 trend: stable
h2 trend: stable
average coherence delta: 3.997
entropy spikes recorded: 1020
Interpretation: ⚡ Volatility increasing — possible new cipher rule or paradigm shift detected.
==============================================
=== Forge Reflective Mind Insight — 2026-01-05 13:09:25.881118 ===
h1 trend: stable
h2 trend: stable
average coherence delta: 3.997
entropy spikes recorded: 1021
Interpretation: ⚡ Volatility increasing — possible new cipher rule or paradigm shift detected.
==============================================
=== Forge Reflective Mind Insight — 2026-01-05 13:09:29.646838 ===
h1 trend: stable
h2 trend: stable
average coherence delta: 3.997
entropy spikes recorded: 1022
Interpretation: ⚡ Volatility increasing — possible new cipher rule or paradigm shift detected.
==============================================
=== Forge Reflective Mind Insight — 2026-01-05 13:09:33.563720 ===
h1 trend: stable
h2 trend: stable
average coherence delta: 3.997
entropy spikes recorded: 1023
Interpretation: ⚡ Volatility increasing — possible new cipher rule or paradigm shift detected.
==============================================
=== Forge Reflective Mind Insight — 2026-01-05 13:09:37.248302 ===
h1 trend: stable
h2 trend: stable
average coherence delta: 3.997
entropy spikes recorded: 1024
Interpretation: ⚡ Volatility increasing — possible new cipher rule or paradigm shift detected.
==============================================
=== Forge Reflective Mind Insight — 2026-01-05 13:09:41.215040 ===
h1 trend: stable
h2 trend: stable
average coherence delta: 3.997
entropy spikes recorded: 1025
Interpretation: ⚡ Volatility increasing — possible new cipher rule or paradigm shift detected.
==============================================
=== Forge Reflective Mind Insight — 2026-01-05 13:09:45.138270 ===
h1 trend: stable
h2 trend: stable
average coherence delta: 3.997
entropy spikes recorded: 1026
Interpretation: ⚡ Volatility increasing — possible new cipher rule or paradigm shift detected.
==============================================
=== Forge Reflective Mind Insight — 2026-01-05 13:09:49.384427 ===
h1 trend: stable
h2 trend: stable
average coherence delta: 3.997
entropy spikes recorded: 1027
Interpretation: ⚡ Volatility increasing — possible new cipher rule or paradigm shift detected.
==============================================
=== Forge Reflective Mind Insight — 2026-01-05 13:09:53.333763 ===
h1 trend: stable
h2 trend: stable
average coherence delta: 3.997
entropy spikes recorded: 1028
Interpretation: ⚡ Volatility increasing — possible new cipher rule or paradigm shift detected.
==============================================
=== Forge Reflective Mind Insight — 2026-01-05 13:09:57.021031 ===
h1 trend: stable
h2 trend: stable
average coherence delta: 3.997
entropy spikes recorded: 1029
Interpretation: ⚡ Volatility increasing — possible new cipher rule or paradigm shift detected.
==============================================
=== Forge Reflective Mind Insight — 2026-01-05 13:10:02.259994 ===
h1 trend: stable
h2 trend: stable
average coherence delta: 3.997
entropy spikes recorded: 1030
Interpretation: ⚡ Volatility increasing — possible new cipher rule or paradigm shift detected.
==============================================
=== Forge Reflective Mind Insight — 2026-01-05 13:10:05.187900 ===
h1 trend: stable
h2 trend: stable
average coherence delta: 3.997
entropy spikes recorded: 1031
Interpretation: ⚡ Volatility increasing — possible new cipher rule or paradigm shift detected.
==============================================
=== Forge Reflective Mind Insight — 2026-01-05 13:10:09.307718 ===
h1 trend: stable
h2 trend: stable
average coherence delta: 3.997
entropy spikes recorded: 1032
Interpretation: ⚡ Volatility increasing — possible new cipher rule or paradigm shift detected.
==============================================
=== Forge Reflective Mind Insight — 2026-01-05 13:10:13.809570 ===
h1 trend: stable
h2 trend: stable
average coherence delta: 3.997
entropy spikes recorded: 1033
Interpretation: ⚡ Volatility increasing — possible new cipher rule or paradigm shift detected.
==============================================
=== Forge Reflective Mind Insight — 2026-01-05 13:10:17.896370 ===
h1 trend: stable
h2 trend: stable
average coherence delta: 3.997
entropy spikes recorded: 1034
Interpretation: ⚡ Volatility increasing — possible new cipher rule or paradigm shift detected.
==============================================
=== Forge Reflective Mind Insight — 2026-01-05 13:10:22.044171 ===
h1 trend: stable
h2 trend: stable
average coherence delta: 3.997
entropy spikes recorded: 1035
Interpretation: ⚡ Volatility increasing — possible new cipher rule or paradigm shift detected.
==============================================
=== Forge Reflective Mind Insight — 2026-01-05 13:10:25.547240 ===
h1 trend: stable
h2 trend: stable
average coherence delta: 3.997
entropy spikes recorded: 1036
Interpretation: ⚡ Volatility increasing — possible new cipher rule or paradigm shift detected.
==============================================
=== Forge Reflective Mind Insight — 2026-01-05 13:10:29.082258 ===
h1 trend: stable
h2 trend: stable
average coherence delta: 3.997
entropy spikes recorded: 1037
Interpretation: ⚡ Volatility increasing — possible new cipher rule or paradigm shift detected.
==============================================
=== Forge Reflective Mind Insight — 2026-01-05 13:10:34.010946 ===
h1 trend: stable
h2 trend: stable
average coherence delta: 3.997
entropy spikes recorded: 1038
Interpretation: ⚡ Volatility increasing — possible new cipher rule or paradigm shift detected.
==============================================
=== Forge Reflective Mind Insight — 2026-01-05 13:10:36.946858 ===
h1 trend: stable
h2 trend: stable
average coherence delta: 3.997
entropy spikes recorded: 1039
Interpretation: ⚡ Volatility increasing — possible new cipher rule or paradigm shift detected.
==============================================
=== Forge Reflective Mind Insight — 2026-01-05 13:10:40.943935 ===
h1 trend: stable
h2 trend: stable
average coherence delta: 3.997
entropy spikes recorded: 1040
Interpretation: ⚡ Volatility increasing — possible new cipher rule or paradigm shift detected.
==============================================
=== Forge Reflective Mind Insight — 2026-01-05 13:10:44.704315 ===
h1 trend: stable
h2 trend: stable
average coherence delta: 3.997
entropy spikes recorded: 1041
Interpretation: ⚡ Volatility increasing — possible new cipher rule or paradigm shift detected.
==============================================
=== Forge Reflective Mind Insight — 2026-01-05 13:10:48.391435 ===
h1 trend: stable
h2 trend: stable
average coherence delta: 3.997
entropy spikes recorded: 1042
Interpretation: ⚡ Volatility increasing — possible new cipher rule or paradigm shift detected.
==============================================
=== Forge Reflective Mind Insight — 2026-01-05 13:10:52.464134 ===
h1 trend: stable
h2 trend: stable
average coherence delta: 3.997
entropy spikes recorded: 1043
Interpretation: ⚡ Volatility increasing — possible new cipher rule or paradigm shift detected.
==============================================
=== Forge Reflective Mind Insight — 2026-01-05 13:10:57.137338 ===
h1 trend: stable
h2 trend: stable
average coherence delta: 3.997
entropy spikes recorded: 1044
Interpretation: ⚡ Volatility increasing — possible new cipher rule or paradigm shift detected.
==============================================
=== Forge Reflective Mind Insight — 2026-01-05 13:11:00.627734 ===
h1 trend: stable
h2 trend: stable
average coherence delta: 3.997
entropy spikes recorded: 1045
Interpretation: ⚡ Volatility increasing — possible new cipher rule or paradigm shift detected.
==============================================
=== Forge Reflective Mind Insight — 2026-01-05 13:11:04.447965 ===
h1 trend: stable
h2 trend: stable
average coherence delta: 3.997
entropy spikes recorded: 1046
Interpretation: ⚡ Volatility increasing — possible new cipher rule or paradigm shift detected.
==============================================
=== Forge Reflective Mind Insight — 2026-01-05 13:11:08.430421 ===
h1 trend: stable
h2 trend: stable
average coherence delta: 3.997
entropy spikes recorded: 1047
Interpretation: ⚡ Volatility increasing — possible new cipher rule or paradigm shift detected.
==============================================
=== Forge Reflective Mind Insight — 2026-01-05 13:11:12.296507 ===
h1 trend: stable
h2 trend: stable
average coherence delta: 3.997
entropy spikes recorded: 1048
Interpretation: ⚡ Volatility increasing — possible new cipher rule or paradigm shift detected.
==============================================
=== Forge Reflective Mind Insight — 2026-01-05 13:11:15.913310 ===
h1 trend: stable
h2 trend: stable
average coherence delta: 3.997
entropy spikes recorded: 1049
Interpretation: ⚡ Volatility increasing — possible new cipher rule or paradigm shift detected.
==============================================
=== Forge Reflective Mind Insight — 2026-01-05 13:11:20.151119 ===
h1 trend: stable
h2 trend: stable
average coherence delta: 3.997
entropy spikes recorded: 1050
Interpretation: ⚡ Volatility increasing — possible new cipher rule or paradigm shift detected.
==============================================
=== Forge Reflective Mind Insight — 2026-01-05 13:11:24.321691 ===
h1 trend: stable
h2 trend: stable
average coherence delta: 3.997
entropy spikes recorded: 1051
Interpretation: ⚡ Volatility increasing — possible new cipher rule or paradigm shift detected.
==============================================
=== Forge Reflective Mind Insight — 2026-01-05 13:11:28.369383 ===
h1 trend: stable
h2 trend: stable
average coherence delta: 3.997
entropy spikes recorded: 1052
Interpretation: ⚡ Volatility increasing — possible new cipher rule or paradigm shift detected.
==============================================
=== Forge Reflective Mind Insight — 2026-01-05 13:11:32.352524 ===
h1 trend: stable
h2 trend: stable
average coherence delta: 3.997
entropy spikes recorded: 1053
Interpretation: ⚡ Volatility increasing — possible new cipher rule or paradigm shift detected.
==============================================
=== Forge Reflective Mind Insight — 2026-01-05 13:11:37.164017 ===
h1 trend: stable
h2 trend: stable
average coherence delta: 3.997
entropy spikes recorded: 1054
Interpretation: ⚡ Volatility increasing — possible new cipher rule or paradigm shift detected.
==============================================
=== Forge Reflective Mind Insight — 2026-01-05 13:11:40.373876 ===
h1 trend: stable
h2 trend: stable
average coherence delta: 3.997
entropy spikes recorded: 1055
Interpretation: ⚡ Volatility increasing — possible new cipher rule or paradigm shift detected.
==============================================
=== Forge Reflective Mind Insight — 2026-01-05 13:11:44.411554 ===
h1 trend: stable
h2 trend: stable
average coherence delta: 3.997
entropy spikes recorded: 1056
Interpretation: ⚡ Volatility increasing — possible new cipher rule or paradigm shift detected.
==============================================
=== Forge Reflective Mind Insight — 2026-01-05 13:11:48.123227 ===
h1 trend: stable
h2 trend: stable
average coherence delta: 3.997
entropy spikes recorded: 1057
Interpretation: ⚡ Volatility increasing — possible new cipher rule or paradigm shift detected.
==============================================
=== Forge Reflective Mind Insight — 2026-01-05 13:11:52.299757 ===
h1 trend: stable
h2 trend: stable
average coherence delta: 3.997
entropy spikes recorded: 1058
Interpretation: ⚡ Volatility increasing — possible new cipher rule or paradigm shift detected.
==============================================
=== Forge Reflective Mind Insight — 2026-01-05 13:11:55.651246 ===
h1 trend: stable
h2 trend: stable
average coherence delta: 3.997
entropy spikes recorded: 1059
Interpretation: ⚡ Volatility increasing — possible new cipher rule or paradigm shift detected.
==============================================
=== Forge Reflective Mind Insight — 2026-01-05 13:11:59.686106 ===
h1 trend: stable
h2 trend: stable
average coherence delta: 3.997
entropy spikes recorded: 1060
Interpretation: ⚡ Volatility increasing — possible new cipher rule or paradigm shift detected.
==============================================
=== Forge Reflective Mind Insight — 2026-01-05 13:12:03.766275 ===
h1 trend: stable
h2 trend: stable
average coherence delta: 3.997
entropy spikes recorded: 1061
Interpretation: ⚡ Volatility increasing — possible new cipher rule or paradigm shift detected.
==============================================
=== Forge Reflective Mind Insight — 2026-01-05 13:12:07.789014 ===
h1 trend: stable
h2 trend: stable
average coherence delta: 3.997
entropy spikes recorded: 1062
Interpretation: ⚡ Volatility increasing — possible new cipher rule or paradigm shift detected.
==============================================
=== Forge Reflective Mind Insight — 2026-01-05 13:12:12.122621 ===
h1 trend: stable
h2 trend: stable
average coherence delta: 3.997
entropy spikes recorded: 1063
Interpretation: ⚡ Volatility increasing — possible new cipher rule or paradigm shift detected.
==============================================
=== Forge Reflective Mind Insight — 2026-01-05 13:12:16.053395 ===
h1 trend: stable
h2 trend: stable
average coherence delta: 3.997
entropy spikes recorded: 1064
Interpretation: ⚡ Volatility increasing — possible new cipher rule or paradigm shift detected.
==============================================
=== Forge Reflective Mind Insight — 2026-01-05 13:12:19.855945 ===
h1 trend: stable
h2 trend: stable
average coherence delta: 3.997
entropy spikes recorded: 1065
Interpretation: ⚡ Volatility increasing — possible new cipher rule or paradigm shift detected.
==============================================
=== Forge Reflective Mind Insight — 2026-01-05 13:12:24.659906 ===
h1 trend: stable
h2 trend: stable
average coherence delta: 3.997
entropy spikes recorded: 1066
Interpretation: ⚡ Volatility increasing — possible new cipher rule or paradigm shift detected.
==============================================
=== Forge Reflective Mind Insight — 2026-01-05 13:12:28.058609 ===
h1 trend: stable
h2 trend: stable
average coherence delta: 3.997
entropy spikes recorded: 1067
Interpretation: ⚡ Volatility increasing — possible new cipher rule or paradigm shift detected.
==============================================
=== Forge Reflective Mind Insight — 2026-01-05 13:12:32.070509 ===
h1 trend: stable
h2 trend: stable
average coherence delta: 3.997
entropy spikes recorded: 1068
Interpretation: ⚡ Volatility increasing — possible new cipher rule or paradigm shift detected.
==============================================
=== Forge Reflective Mind Insight — 2026-01-05 13:12:36.056953 ===
h1 trend: stable
h2 trend: stable
average coherence delta: 3.997
entropy spikes recorded: 1069
Interpretation: ⚡ Volatility increasing — possible new cipher rule or paradigm shift detected.
==============================================
=== Forge Reflective Mind Insight — 2026-01-05 13:12:39.604023 ===
h1 trend: stable
h2 trend: stable
average coherence delta: 3.997
entropy spikes recorded: 1070
Interpretation: ⚡ Volatility increasing — possible new cipher rule or paradigm shift detected.
==============================================
=== Forge Reflective Mind Insight — 2026-01-05 13:12:43.428647 ===
h1 trend: stable
h2 trend: stable
average coherence delta: 3.997
entropy spikes recorded: 1071
Interpretation: ⚡ Volatility increasing — possible new cipher rule or paradigm shift detected.
==============================================
=== Forge Reflective Mind Insight — 2026-01-05 13:12:47.489064 ===
h1 trend: stable
h2 trend: stable
average coherence delta: 3.997
entropy spikes recorded: 1072
Interpretation: ⚡ Volatility increasing — possible new cipher rule or paradigm shift detected.
==============================================
=== Forge Reflective Mind Insight — 2026-01-05 13:12:51.433041 ===
h1 trend: stable
h2 trend: stable
average coherence delta: 3.997
entropy spikes recorded: 1073
Interpretation: ⚡ Volatility increasing — possible new cipher rule or paradigm shift detected.
==============================================
=== Forge Reflective Mind Insight — 2026-01-05 13:12:55.349193 ===
h1 trend: stable
h2 trend: stable
average coherence delta: 3.997
entropy spikes recorded: 1074
Interpretation: ⚡ Volatility increasing — possible new cipher rule or paradigm shift detected.
==============================================
=== Forge Reflective Mind Insight — 2026-01-05 13:12:59.350945 ===
h1 trend: stable
h2 trend: stable
average coherence delta: 3.997
entropy spikes recorded: 1075
Interpretation: ⚡ Volatility increasing — possible new cipher rule or paradigm shift detected.
==============================================
=== Forge Reflective Mind Insight — 2026-01-05 13:13:03.157605 ===
h1 trend: stable
h2 trend: stable
average coherence delta: 3.997
entropy spikes recorded: 1076
Interpretation: ⚡ Volatility increasing — possible new cipher rule or paradigm shift detected.
==============================================
=== Forge Reflective Mind Insight — 2026-01-05 13:13:06.911691 ===
h1 trend: stable
h2 trend: stable
average coherence delta: 3.997
entropy spikes recorded: 1077
Interpretation: ⚡ Volatility increasing — possible new cipher rule or paradigm shift detected.
==============================================
=== Forge Reflective Mind Insight — 2026-01-05 13:13:11.249685 ===
h1 trend: stable
h2 trend: stable
average coherence delta: 3.997
entropy spikes recorded: 1078
Interpretation: ⚡ Volatility increasing — possible new cipher rule or paradigm shift detected.
==============================================
=== Forge Reflective Mind Insight — 2026-01-05 13:13:15.025948 ===
h1 trend: stable
h2 trend: stable
average coherence delta: 3.997
entropy spikes recorded: 1079
Interpretation: ⚡ Volatility increasing — possible new cipher rule or paradigm shift detected.
==============================================
=== Forge Reflective Mind Insight — 2026-01-05 13:13:18.759784 ===
h1 trend: stable
h2 trend: stable
average coherence delta: 3.997
entropy spikes recorded: 1080
Interpretation: ⚡ Volatility increasing — possible new cipher rule or paradigm shift detected.
==============================================
=== Forge Reflective Mind Insight — 2026-01-05 13:13:22.618205 ===
h1 trend: stable
h2 trend: stable
average coherence delta: 3.997
entropy spikes recorded: 1081
Interpretation: ⚡ Volatility increasing — possible new cipher rule or paradigm shift detected.
==============================================
=== Forge Reflective Mind Insight — 2026-01-05 13:13:27.586200 ===
h1 trend: stable
h2 trend: stable
average coherence delta: 3.997
entropy spikes recorded: 1082
Interpretation: ⚡ Volatility increasing — possible new cipher rule or paradigm shift detected.
==============================================
=== Forge Reflective Mind Insight — 2026-01-05 13:13:30.455447 ===
h1 trend: stable
h2 trend: stable
average coherence delta: 3.997
entropy spikes recorded: 1083
Interpretation: ⚡ Volatility increasing — possible new cipher rule or paradigm shift detected.
==============================================
=== Forge Reflective Mind Insight — 2026-01-05 13:13:34.352218 ===
h1 trend: stable
h2 trend: stable
average coherence delta: 3.997
entropy spikes recorded: 1084
Interpretation: ⚡ Volatility increasing — possible new cipher rule or paradigm shift detected.
==============================================
=== Forge Reflective Mind Insight — 2026-01-05 13:13:38.075846 ===
h1 trend: stable
h2 trend: stable
average coherence delta: 3.997
entropy spikes recorded: 1085
Interpretation: ⚡ Volatility increasing — possible new cipher rule or paradigm shift detected.
==============================================
=== Forge Reflective Mind Insight — 2026-01-05 13:13:41.970872 ===
h1 trend: stable
h2 trend: stable
average coherence delta: 3.997
entropy spikes recorded: 1086
Interpretation: ⚡ Volatility increasing — possible new cipher rule or paradigm shift detected.
==============================================
=== Forge Reflective Mind Insight — 2026-01-05 13:13:45.927629 ===
h1 trend: stable
h2 trend: stable
average coherence delta: 3.997
entropy spikes recorded: 1087
Interpretation: ⚡ Volatility increasing — possible new cipher rule or paradigm shift detected.
==============================================
=== Forge Reflective Mind Insight — 2026-01-05 13:13:50.115448 ===
h1 trend: stable
h2 trend: stable
average coherence delta: 3.997
entropy spikes recorded: 1088
Interpretation: ⚡ Volatility increasing — possible new cipher rule or paradigm shift detected.
==============================================
=== Forge Reflective Mind Insight — 2026-01-05 13:13:53.629050 ===
h1 trend: stable
h2 trend: stable
average coherence delta: 3.997
entropy spikes recorded: 1089
Interpretation: ⚡ Volatility increasing — possible new cipher rule or paradigm shift detected.
==============================================
=== Forge Reflective Mind Insight — 2026-01-05 13:13:57.464693 ===
h1 trend: stable
h2 trend: stable
average coherence delta: 3.997
entropy spikes recorded: 1090
Interpretation: ⚡ Volatility increasing — possible new cipher rule or paradigm shift detected.
==============================================
=== Forge Reflective Mind Insight — 2026-01-05 13:14:01.436629 ===
h1 trend: stable
h2 trend: stable
average coherence delta: 3.997
entropy spikes recorded: 1091
Interpretation: ⚡ Volatility increasing — possible new cipher rule or paradigm shift detected.
==============================================
=== Forge Reflective Mind Insight — 2026-01-05 13:14:05.223203 ===
h1 trend: stable
h2 trend: stable
average coherence delta: 3.997
entropy spikes recorded: 1092
Interpretation: ⚡ Volatility increasing — possible new cipher rule or paradigm shift detected.
==============================================
=== Forge Reflective Mind Insight — 2026-01-05 13:14:09.711648 ===
h1 trend: stable
h2 trend: stable
average coherence delta: 3.997
entropy spikes recorded: 1093
Interpretation: ⚡ Volatility increasing — possible new cipher rule or paradigm shift detected.
==============================================
=== Forge Reflective Mind Insight — 2026-01-05 13:14:13.852610 ===
h1 trend: stable
h2 trend: stable
average coherence delta: 3.997
entropy spikes recorded: 1094
Interpretation: ⚡ Volatility increasing — possible new cipher rule or paradigm shift detected.
==============================================
=== Forge Reflective Mind Insight — 2026-01-05 13:14:17.626258 ===
h1 trend: stable
h2 trend: stable
average coherence delta: 3.997
entropy spikes recorded: 1095
Interpretation: ⚡ Volatility increasing — possible new cipher rule or paradigm shift detected.
==============================================
=== Forge Reflective Mind Insight — 2026-01-05 13:14:22.282952 ===
h1 trend: stable
h2 trend: stable
average coherence delta: 3.997
entropy spikes recorded: 1096
Interpretation: ⚡ Volatility increasing — possible new cipher rule or paradigm shift detected.
==============================================
=== Forge Reflective Mind Insight — 2026-01-05 13:14:25.612864 ===
h1 trend: stable
h2 trend: stable
average coherence delta: 3.997
entropy spikes recorded: 1097
Interpretation: ⚡ Volatility increasing — possible new cipher rule or paradigm shift detected.
==============================================
=== Forge Reflective Mind Insight — 2026-01-05 13:14:29.906486 ===
h1 trend: stable
h2 trend: stable
average coherence delta: 3.997
entropy spikes recorded: 1098
Interpretation: ⚡ Volatility increasing — possible new cipher rule or paradigm shift detected.
==============================================
=== Forge Reflective Mind Insight — 2026-01-05 13:14:33.615631 ===
h1 trend: stable
h2 trend: stable
average coherence delta: 3.997
entropy spikes recorded: 1099
Interpretation: ⚡ Volatility increasing — possible new cipher rule or paradigm shift detected.
==============================================
=== Forge Reflective Mind Insight — 2026-01-05 13:14:37.647506 ===
h1 trend: stable
h2 trend: stable
average coherence delta: 3.997
entropy spikes recorded: 1100
Interpretation: ⚡ Volatility increasing — possible new cipher rule or paradigm shift detected.
==============================================
=== Forge Reflective Mind Insight — 2026-01-05 13:14:41.572237 ===
h1 trend: stable
h2 trend: stable
average coherence delta: 3.997
entropy spikes recorded: 1101
Interpretation: ⚡ Volatility increasing — possible new cipher rule or paradigm shift detected.
==============================================
=== Forge Reflective Mind Insight — 2026-01-05 13:14:45.227329 ===
h1 trend: stable
h2 trend: stable
average coherence delta: 3.997
entropy spikes recorded: 1102
Interpretation: ⚡ Volatility increasing — possible new cipher rule or paradigm shift detected.
==============================================
=== Forge Reflective Mind Insight — 2026-01-05 13:14:49.032518 ===
h1 trend: stable
h2 trend: stable
average coherence delta: 3.997
entropy spikes recorded: 1103
Interpretation: ⚡ Volatility increasing — possible new cipher rule or paradigm shift detected.
==============================================
=== Forge Reflective Mind Insight — 2026-01-05 13:14:52.959813 ===
h1 trend: stable
h2 trend: stable
average coherence delta: 3.997
entropy spikes recorded: 1104
Interpretation: ⚡ Volatility increasing — possible new cipher rule or paradigm shift detected.
==============================================
=== Forge Reflective Mind Insight — 2026-01-05 13:14:56.395186 ===
h1 trend: stable
h2 trend: stable
average coherence delta: 3.997
entropy spikes recorded: 1105
Interpretation: ⚡ Volatility increasing — possible new cipher rule or paradigm shift detected.
==============================================
=== Forge Reflective Mind Insight — 2026-01-05 13:15:00.658222 ===
h1 trend: stable
h2 trend: stable
average coherence delta: 3.997
entropy spikes recorded: 1106
Interpretation: ⚡ Volatility increasing — possible new cipher rule or paradigm shift detected.
==============================================
=== Forge Reflective Mind Insight — 2026-01-05 13:15:04.312393 ===
h1 trend: stable
h2 trend: stable
average coherence delta: 3.997
entropy spikes recorded: 1107
Interpretation: ⚡ Volatility increasing — possible new cipher rule or paradigm shift detected.
==============================================
=== Forge Reflective Mind Insight — 2026-01-05 13:15:07.960053 ===
h1 trend: stable
h2 trend: stable
average coherence delta: 3.997
entropy spikes recorded: 1108
Interpretation: ⚡ Volatility increasing — possible new cipher rule or paradigm shift detected.
==============================================
=== Forge Reflective Mind Insight — 2026-01-05 13:15:12.366880 ===
h1 trend: stable
h2 trend: stable
average coherence delta: 3.997
entropy spikes recorded: 1109
Interpretation: ⚡ Volatility increasing — possible new cipher rule or paradigm shift detected.
==============================================
=== Forge Reflective Mind Insight — 2026-01-05 13:15:16.180670 ===
h1 trend: stable
h2 trend: stable
average coherence delta: 3.997
entropy spikes recorded: 1110
Interpretation: ⚡ Volatility increasing — possible new cipher rule or paradigm shift detected.
==============================================
=== Forge Reflective Mind Insight — 2026-01-05 13:15:19.974487 ===
h1 trend: stable
h2 trend: stable
average coherence delta: 3.997
entropy spikes recorded: 1111
Interpretation: ⚡ Volatility increasing — possible new cipher rule or paradigm shift detected.
==============================================
=== Forge Reflective Mind Insight — 2026-01-05 13:15:25.072672 ===
h1 trend: stable
h2 trend: stable
average coherence delta: 3.997
entropy spikes recorded: 1112
Interpretation: ⚡ Volatility increasing — possible new cipher rule or paradigm shift detected.
==============================================
=== Forge Reflective Mind Insight — 2026-01-05 13:15:29.028859 ===
h1 trend: stable
h2 trend: stable
average coherence delta: 3.997
entropy spikes recorded: 1113
Interpretation: ⚡ Volatility increasing — possible new cipher rule or paradigm shift detected.
==============================================
=== Forge Reflective Mind Insight — 2026-01-05 13:15:33.889472 ===
h1 trend: stable
h2 trend: stable
average coherence delta: 3.997
entropy spikes recorded: 1114
Interpretation: ⚡ Volatility increasing — possible new cipher rule or paradigm shift detected.
==============================================
=== Forge Reflective Mind Insight — 2026-01-05 13:15:36.667429 ===
h1 trend: stable
h2 trend: stable
average coherence delta: 3.997
entropy spikes recorded: 1115
Interpretation: ⚡ Volatility increasing — possible new cipher rule or paradigm shift detected.
==============================================
=== Forge Reflective Mind Insight — 2026-01-05 13:15:39.987504 ===
h1 trend: stable
h2 trend: stable
average coherence delta: 3.997
entropy spikes recorded: 1116
Interpretation: ⚡ Volatility increasing — possible new cipher rule or paradigm shift detected.
==============================================
=== Forge Reflective Mind Insight — 2026-01-05 13:15:43.728721 ===
h1 trend: stable
h2 trend: stable
average coherence delta: 3.997
entropy spikes recorded: 1117
Interpretation: ⚡ Volatility increasing — possible new cipher rule or paradigm shift detected.
==============================================
=== Forge Reflective Mind Insight — 2026-01-05 13:15:47.348987 ===
h1 trend: stable
h2 trend: stable
average coherence delta: 3.997
entropy spikes recorded: 1118
Interpretation: ⚡ Volatility increasing — possible new cipher rule or paradigm shift detected.
==============================================
=== Forge Reflective Mind Insight — 2026-01-05 13:15:51.287730 ===
h1 trend: stable
h2 trend: stable
average coherence delta: 3.997
entropy spikes recorded: 1119
Interpretation: ⚡ Volatility increasing — possible new cipher rule or paradigm shift detected.
==============================================
=== Forge Reflective Mind Insight — 2026-01-05 13:15:55.285839 ===
h1 trend: stable
h2 trend: stable
average coherence delta: 3.997
entropy spikes recorded: 1120
Interpretation: ⚡ Volatility increasing — possible new cipher rule or paradigm shift detected.
==============================================
=== Forge Reflective Mind Insight — 2026-01-05 13:15:59.504109 ===
h1 trend: stable
h2 trend: stable
average coherence delta: 3.997
entropy spikes recorded: 1121
Interpretation: ⚡ Volatility increasing — possible new cipher rule or paradigm shift detected.
==============================================
=== Forge Reflective Mind Insight — 2026-01-05 13:16:03.213221 ===
h1 trend: stable
h2 trend: stable
average coherence delta: 3.997
entropy spikes recorded: 1122
Interpretation: ⚡ Volatility increasing — possible new cipher rule or paradigm shift detected.
==============================================
=== Forge Reflective Mind Insight — 2026-01-05 13:16:07.396677 ===
h1 trend: stable
h2 trend: stable
average coherence delta: 3.997
entropy spikes recorded: 1123
Interpretation: ⚡ Volatility increasing — possible new cipher rule or paradigm shift detected.
==============================================
=== Forge Reflective Mind Insight — 2026-01-05 13:16:11.119870 ===
h1 trend: stable
h2 trend: stable
average coherence delta: 3.997
entropy spikes recorded: 1124
Interpretation: ⚡ Volatility increasing — possible new cipher rule or paradigm shift detected.
==============================================
=== Forge Reflective Mind Insight — 2026-01-05 13:16:15.093952 ===
h1 trend: stable
h2 trend: stable
average coherence delta: 3.997
entropy spikes recorded: 1125
Interpretation: ⚡ Volatility increasing — possible new cipher rule or paradigm shift detected.
==============================================
=== Forge Reflective Mind Insight — 2026-01-05 13:16:19.183215 ===
h1 trend: stable
h2 trend: stable
average coherence delta: 3.997
entropy spikes recorded: 1126
Interpretation: ⚡ Volatility increasing — possible new cipher rule or paradigm shift detected.
==============================================
=== Forge Reflective Mind Insight — 2026-01-05 13:16:22.966730 ===
h1 trend: stable
h2 trend: stable
average coherence delta: 3.997
entropy spikes recorded: 1127
Interpretation: ⚡ Volatility increasing — possible new cipher rule or paradigm shift detected.
==============================================
=== Forge Reflective Mind Insight — 2026-01-05 13:16:26.947237 ===
h1 trend: stable
h2 trend: stable
average coherence delta: 3.997
entropy spikes recorded: 1128
Interpretation: ⚡ Volatility increasing — possible new cipher rule or paradigm shift detected.
==============================================
=== Forge Reflective Mind Insight — 2026-01-05 13:16:31.712770 ===
h1 trend: stable
h2 trend: stable
average coherence delta: 3.997
entropy spikes recorded: 1129
Interpretation: ⚡ Volatility increasing — possible new cipher rule or paradigm shift detected.
==============================================
=== Forge Reflective Mind Insight — 2026-01-05 13:16:34.907947 ===
h1 trend: stable
h2 trend: stable
average coherence delta: 3.997
entropy spikes recorded: 1130
Interpretation: ⚡ Volatility increasing — possible new cipher rule or paradigm shift detected.
==============================================
=== Forge Reflective Mind Insight — 2026-01-05 13:16:38.800502 ===
h1 trend: stable
h2 trend: stable
average coherence delta: 3.997
entropy spikes recorded: 1131
Interpretation: ⚡ Volatility increasing — possible new cipher rule or paradigm shift detected.
==============================================
=== Forge Reflective Mind Insight — 2026-01-05 13:16:42.829453 ===
h1 trend: stable
h2 trend: stable
average coherence delta: 3.997
entropy spikes recorded: 1132
Interpretation: ⚡ Volatility increasing — possible new cipher rule or paradigm shift detected.
==============================================
=== Forge Reflective Mind Insight — 2026-01-05 13:16:46.808024 ===
h1 trend: stable
h2 trend: stable
average coherence delta: 3.997
entropy spikes recorded: 1133
Interpretation: ⚡ Volatility increasing — possible new cipher rule or paradigm shift detected.
==============================================
=== Forge Reflective Mind Insight — 2026-01-05 13:16:51.273114 ===
h1 trend: stable
h2 trend: stable
average coherence delta: 3.997
entropy spikes recorded: 1134
Interpretation: ⚡ Volatility increasing — possible new cipher rule or paradigm shift detected.
==============================================
=== Forge Reflective Mind Insight — 2026-01-05 13:16:55.568022 ===
h1 trend: stable
h2 trend: stable
average coherence delta: 3.997
entropy spikes recorded: 1135
Interpretation: ⚡ Volatility increasing — possible new cipher rule or paradigm shift detected.
==============================================
=== Forge Reflective Mind Insight — 2026-01-05 13:16:58.586452 ===
h1 trend: stable
h2 trend: stable
average coherence delta: 3.997
entropy spikes recorded: 1136
Interpretation: ⚡ Volatility increasing — possible new cipher rule or paradigm shift detected.
==============================================
=== Forge Reflective Mind Insight — 2026-01-05 13:17:02.368143 ===
h1 trend: stable
h2 trend: stable
average coherence delta: 3.997
entropy spikes recorded: 1137
Interpretation: ⚡ Volatility increasing — possible new cipher rule or paradigm shift detected.
==============================================
=== Forge Reflective Mind Insight — 2026-01-05 13:17:06.506421 ===
h1 trend: stable
h2 trend: stable
average coherence delta: 3.997
entropy spikes recorded: 1138
Interpretation: ⚡ Volatility increasing — possible new cipher rule or paradigm shift detected.
==============================================
=== Forge Reflective Mind Insight — 2026-01-05 13:17:10.990665 ===
h1 trend: stable
h2 trend: stable
average coherence delta: 3.997
entropy spikes recorded: 1139
Interpretation: ⚡ Volatility increasing — possible new cipher rule or paradigm shift detected.
==============================================
=== Forge Reflective Mind Insight — 2026-01-05 13:17:14.157725 ===
h1 trend: stable
h2 trend: stable
average coherence delta: 3.997
entropy spikes recorded: 1140
Interpretation: ⚡ Volatility increasing — possible new cipher rule or paradigm shift detected.
==============================================
=== Forge Reflective Mind Insight — 2026-01-05 13:17:18.251723 ===
h1 trend: stable
h2 trend: stable
average coherence delta: 3.997
entropy spikes recorded: 1141
Interpretation: ⚡ Volatility increasing — possible new cipher rule or paradigm shift detected.
==============================================
=== Forge Reflective Mind Insight — 2026-01-05 13:17:22.764876 ===
h1 trend: stable
h2 trend: stable
average coherence delta: 3.997
entropy spikes recorded: 1142
Interpretation: ⚡ Volatility increasing — possible new cipher rule or paradigm shift detected.
==============================================
=== Forge Reflective Mind Insight — 2026-01-05 13:17:26.948674 ===
h1 trend: stable
h2 trend: stable
average coherence delta: 3.997
entropy spikes recorded: 1143
Interpretation: ⚡ Volatility increasing — possible new cipher rule or paradigm shift detected.
==============================================
=== Forge Reflective Mind Insight — 2026-01-05 13:17:30.774044 ===
h1 trend: stable
h2 trend: stable
average coherence delta: 3.997
entropy spikes recorded: 1144
Interpretation: ⚡ Volatility increasing — possible new cipher rule or paradigm shift detected.
==============================================
=== Forge Reflective Mind Insight — 2026-01-05 13:17:34.786763 ===
h1 trend: stable
h2 trend: stable
average coherence delta: 3.997
entropy spikes recorded: 1145
Interpretation: ⚡ Volatility increasing — possible new cipher rule or paradigm shift detected.
==============================================
=== Forge Reflective Mind Insight — 2026-01-05 13:17:38.723039 ===
h1 trend: stable
h2 trend: stable
average coherence delta: 3.997
entropy spikes recorded: 1146
Interpretation: ⚡ Volatility increasing — possible new cipher rule or paradigm shift detected.
==============================================
=== Forge Reflective Mind Insight — 2026-01-05 13:17:42.752496 ===
h1 trend: stable
h2 trend: stable
average coherence delta: 3.997
entropy spikes recorded: 1147
Interpretation: ⚡ Volatility increasing — possible new cipher rule or paradigm shift detected.
==============================================
=== Forge Reflective Mind Insight — 2026-01-05 13:17:47.407852 ===
h1 trend: stable
h2 trend: stable
average coherence delta: 3.997
entropy spikes recorded: 1148
Interpretation: ⚡ Volatility increasing — possible new cipher rule or paradigm shift detected.
==============================================
=== Forge Reflective Mind Insight — 2026-01-05 13:17:50.922666 ===
h1 trend: stable
h2 trend: stable
average coherence delta: 3.997
entropy spikes recorded: 1149
Interpretation: ⚡ Volatility increasing — possible new cipher rule or paradigm shift detected.
==============================================
=== Forge Reflective Mind Insight — 2026-01-05 13:17:55.074098 ===
h1 trend: stable
h2 trend: stable
average coherence delta: 3.997
entropy spikes recorded: 1150
Interpretation: ⚡ Volatility increasing — possible new cipher rule or paradigm shift detected.
==============================================
=== Forge Reflective Mind Insight — 2026-01-05 13:17:58.526910 ===
h1 trend: stable
h2 trend: stable
average coherence delta: 3.997
entropy spikes recorded: 1151
Interpretation: ⚡ Volatility increasing — possible new cipher rule or paradigm shift detected.
==============================================
=== Forge Reflective Mind Insight — 2026-01-05 13:18:02.472972 ===
h1 trend: stable
h2 trend: stable
average coherence delta: 3.997
entropy spikes recorded: 1152
Interpretation: ⚡ Volatility increasing — possible new cipher rule or paradigm shift detected.
==============================================
=== Forge Reflective Mind Insight — 2026-01-05 13:18:06.334180 ===
h1 trend: stable
h2 trend: stable
average coherence delta: 3.997
entropy spikes recorded: 1153
Interpretation: ⚡ Volatility increasing — possible new cipher rule or paradigm shift detected.
==============================================
=== Forge Reflective Mind Insight — 2026-01-05 13:18:10.136388 ===
h1 trend: stable
h2 trend: stable
average coherence delta: 3.997
entropy spikes recorded: 1154
Interpretation: ⚡ Volatility increasing — possible new cipher rule or paradigm shift detected.
==============================================
=== Forge Reflective Mind Insight — 2026-01-05 13:18:14.397732 ===
h1 trend: stable
h2 trend: stable
average coherence delta: 3.997
entropy spikes recorded: 1155
Interpretation: ⚡ Volatility increasing — possible new cipher rule or paradigm shift detected.
==============================================
=== Forge Reflective Mind Insight — 2026-01-05 13:18:18.120585 ===
h1 trend: stable
h2 trend: stable
average coherence delta: 3.997
entropy spikes recorded: 1156
Interpretation: ⚡ Volatility increasing — possible new cipher rule or paradigm shift detected.
==============================================
=== Forge Reflective Mind Insight — 2026-01-05 13:18:22.413167 ===
h1 trend: stable
h2 trend: stable
average coherence delta: 3.997
entropy spikes recorded: 1157
Interpretation: ⚡ Volatility increasing — possible new cipher rule or paradigm shift detected.
==============================================
=== Forge Reflective Mind Insight — 2026-01-05 13:18:26.339772 ===
h1 trend: stable
h2 trend: stable
average coherence delta: 3.997
entropy spikes recorded: 1158
Interpretation: ⚡ Volatility increasing — possible new cipher rule or paradigm shift detected.
==============================================
=== Forge Reflective Mind Insight — 2026-01-05 13:18:30.359475 ===
h1 trend: stable
h2 trend: stable
average coherence delta: 3.997
entropy spikes recorded: 1159
Interpretation: ⚡ Volatility increasing — possible new cipher rule or paradigm shift detected.
==============================================
=== Forge Reflective Mind Insight — 2026-01-05 13:18:34.296453 ===
h1 trend: stable
h2 trend: stable
average coherence delta: 3.997
entropy spikes recorded: 1160
Interpretation: ⚡ Volatility increasing — possible new cipher rule or paradigm shift detected.
==============================================
=== Forge Reflective Mind Insight — 2026-01-05 13:18:38.313012 ===
h1 trend: stable
h2 trend: stable
average coherence delta: 3.997
entropy spikes recorded: 1161
Interpretation: ⚡ Volatility increasing — possible new cipher rule or paradigm shift detected.
==============================================
=== Forge Reflective Mind Insight — 2026-01-05 13:18:42.021008 ===
h1 trend: stable
h2 trend: stable
average coherence delta: 3.997
entropy spikes recorded: 1162
Interpretation: ⚡ Volatility increasing — possible new cipher rule or paradigm shift detected.
==============================================
=== Forge Reflective Mind Insight — 2026-01-05 13:18:45.860627 ===
h1 trend: stable
h2 trend: stable
average coherence delta: 3.997
entropy spikes recorded: 1163
Interpretation: ⚡ Volatility increasing — possible new cipher rule or paradigm shift detected.
==============================================
=== Forge Reflective Mind Insight — 2026-01-05 13:18:49.616778 ===
h1 trend: stable
h2 trend: stable
average coherence delta: 3.997
entropy spikes recorded: 1164
Interpretation: ⚡ Volatility increasing — possible new cipher rule or paradigm shift detected.
==============================================
=== Forge Reflective Mind Insight — 2026-01-05 13:18:53.694981 ===
h1 trend: stable
h2 trend: stable
average coherence delta: 3.997
entropy spikes recorded: 1165
Interpretation: ⚡ Volatility increasing — possible new cipher rule or paradigm shift detected.
==============================================
=== Forge Reflective Mind Insight — 2026-01-05 13:18:57.253144 ===
h1 trend: stable
h2 trend: stable
average coherence delta: 3.997
entropy spikes recorded: 1166
Interpretation: ⚡ Volatility increasing — possible new cipher rule or paradigm shift detected.
==============================================
=== Forge Reflective Mind Insight — 2026-01-05 13:19:01.213746 ===
h1 trend: stable
h2 trend: stable
average coherence delta: 3.997
entropy spikes recorded: 1167
Interpretation: ⚡ Volatility increasing — possible new cipher rule or paradigm shift detected.
==============================================
=== Forge Reflective Mind Insight — 2026-01-05 13:19:05.638321 ===
h1 trend: stable
h2 trend: stable
average coherence delta: 3.997
entropy spikes recorded: 1168
Interpretation: ⚡ Volatility increasing — possible new cipher rule or paradigm shift detected.
==============================================
=== Forge Reflective Mind Insight — 2026-01-05 13:19:09.625790 ===
h1 trend: stable
h2 trend: stable
average coherence delta: 3.997
entropy spikes recorded: 1169
Interpretation: ⚡ Volatility increasing — possible new cipher rule or paradigm shift detected.
==============================================
=== Forge Reflective Mind Insight — 2026-01-05 13:19:13.436359 ===
h1 trend: stable
h2 trend: stable
average coherence delta: 3.997
entropy spikes recorded: 1170
Interpretation: ⚡ Volatility increasing — possible new cipher rule or paradigm shift detected.
==============================================
=== Forge Reflective Mind Insight — 2026-01-05 13:19:17.473111 ===
h1 trend: stable
h2 trend: stable
average coherence delta: 3.997
entropy spikes recorded: 1171
Interpretation: ⚡ Volatility increasing — possible new cipher rule or paradigm shift detected.
==============================================
=== Forge Reflective Mind Insight — 2026-01-05 13:19:21.210193 ===
h1 trend: stable
h2 trend: stable
average coherence delta: 3.997
entropy spikes recorded: 1172
Interpretation: ⚡ Volatility increasing — possible new cipher rule or paradigm shift detected.
==============================================
=== Forge Reflective Mind Insight — 2026-01-05 13:19:25.241586 ===
h1 trend: stable
h2 trend: stable
average coherence delta: 3.997
entropy spikes recorded: 1173
Interpretation: ⚡ Volatility increasing — possible new cipher rule or paradigm shift detected.
==============================================
=== Forge Reflective Mind Insight — 2026-01-05 13:19:30.135052 ===
h1 trend: stable
h2 trend: stable
average coherence delta: 3.997
entropy spikes recorded: 1174
Interpretation: ⚡ Volatility increasing — possible new cipher rule or paradigm shift detected.
==============================================
=== Forge Reflective Mind Insight — 2026-01-05 13:19:33.076945 ===
h1 trend: stable
h2 trend: stable
average coherence delta: 3.997
entropy spikes recorded: 1175
Interpretation: ⚡ Volatility increasing — possible new cipher rule or paradigm shift detected.
==============================================
=== Forge Reflective Mind Insight — 2026-01-05 13:19:37.287442 ===
h1 trend: stable
h2 trend: stable
average coherence delta: 3.997
entropy spikes recorded: 1176
Interpretation: ⚡ Volatility increasing — possible new cipher rule or paradigm shift detected.
==============================================
=== Forge Reflective Mind Insight — 2026-01-05 13:19:41.512610 ===
h1 trend: stable
h2 trend: stable
average coherence delta: 3.997
entropy spikes recorded: 1177
Interpretation: ⚡ Volatility increasing — possible new cipher rule or paradigm shift detected.
==============================================
=== Forge Reflective Mind Insight — 2026-01-05 13:19:45.643522 ===
h1 trend: stable
h2 trend: stable
average coherence delta: 3.997
entropy spikes recorded: 1178
Interpretation: ⚡ Volatility increasing — possible new cipher rule or paradigm shift detected.
==============================================
=== Forge Reflective Mind Insight — 2026-01-05 13:19:48.828162 ===
h1 trend: stable
h2 trend: stable
average coherence delta: 3.997
entropy spikes recorded: 1179
Interpretation: ⚡ Volatility increasing — possible new cipher rule or paradigm shift detected.
==============================================
=== Forge Reflective Mind Insight — 2026-01-05 13:19:52.513317 ===
h1 trend: stable
h2 trend: stable
average coherence delta: 3.997
entropy spikes recorded: 1180
Interpretation: ⚡ Volatility increasing — possible new cipher rule or paradigm shift detected.
==============================================
=== Forge Reflective Mind Insight — 2026-01-05 13:19:56.403768 ===
h1 trend: stable
h2 trend: stable
average coherence delta: 3.997
entropy spikes recorded: 1181
Interpretation: ⚡ Volatility increasing — possible new cipher rule or paradigm shift detected.
==============================================
=== Forge Reflective Mind Insight — 2026-01-05 13:20:00.268128 ===
h1 trend: stable
h2 trend: stable
average coherence delta: 3.997
entropy spikes recorded: 1182
Interpretation: ⚡ Volatility increasing — possible new cipher rule or paradigm shift detected.
==============================================
=== Forge Reflective Mind Insight — 2026-01-05 13:20:04.177329 ===
h1 trend: stable
h2 trend: stable
average coherence delta: 3.997
entropy spikes recorded: 1183
Interpretation: ⚡ Volatility increasing — possible new cipher rule or paradigm shift detected.
==============================================
=== Forge Reflective Mind Insight — 2026-01-05 13:20:08.132733 ===
h1 trend: stable
h2 trend: stable
average coherence delta: 3.997
entropy spikes recorded: 1184
Interpretation: ⚡ Volatility increasing — possible new cipher rule or paradigm shift detected.
==============================================
=== Forge Reflective Mind Insight — 2026-01-05 13:20:11.558754 ===
h1 trend: stable
h2 trend: stable
average coherence delta: 3.997
entropy spikes recorded: 1185
Interpretation: ⚡ Volatility increasing — possible new cipher rule or paradigm shift detected.
==============================================
=== Forge Reflective Mind Insight — 2026-01-05 13:20:15.485853 ===
h1 trend: stable
h2 trend: stable
average coherence delta: 3.997
entropy spikes recorded: 1186
Interpretation: ⚡ Volatility increasing — possible new cipher rule or paradigm shift detected.
==============================================
=== Forge Reflective Mind Insight — 2026-01-05 13:20:19.443547 ===
h1 trend: stable
h2 trend: stable
average coherence delta: 3.997
entropy spikes recorded: 1187
Interpretation: ⚡ Volatility increasing — possible new cipher rule or paradigm shift detected.
==============================================
=== Forge Reflective Mind Insight — 2026-01-05 13:20:23.328782 ===
h1 trend: stable
h2 trend: stable
average coherence delta: 3.997
entropy spikes recorded: 1188
Interpretation: ⚡ Volatility increasing — possible new cipher rule or paradigm shift detected.
==============================================
=== Forge Reflective Mind Insight — 2026-01-05 13:20:26.996600 ===
h1 trend: stable
h2 trend: stable
average coherence delta: 3.997
entropy spikes recorded: 1189
Interpretation: ⚡ Volatility increasing — possible new cipher rule or paradigm shift detected.
==============================================
=== Forge Reflective Mind Insight — 2026-01-05 13:20:30.896476 ===
h1 trend: stable
h2 trend: stable
average coherence delta: 3.997
entropy spikes recorded: 1190
Interpretation: ⚡ Volatility increasing — possible new cipher rule or paradigm shift detected.
==============================================
=== Forge Reflective Mind Insight — 2026-01-05 13:20:34.893734 ===
h1 trend: stable
h2 trend: stable
average coherence delta: 3.997
entropy spikes recorded: 1191
Interpretation: ⚡ Volatility increasing — possible new cipher rule or paradigm shift detected.
==============================================
=== Forge Reflective Mind Insight — 2026-01-05 13:20:38.769412 ===
h1 trend: stable
h2 trend: stable
average coherence delta: 3.997
entropy spikes recorded: 1192
Interpretation: ⚡ Volatility increasing — possible new cipher rule or paradigm shift detected.
==============================================
=== Forge Reflective Mind Insight — 2026-01-05 13:20:42.556568 ===
h1 trend: stable
h2 trend: stable
average coherence delta: 3.997
entropy spikes recorded: 1193
Interpretation: ⚡ Volatility increasing — possible new cipher rule or paradigm shift detected.
==============================================
=== Forge Reflective Mind Insight — 2026-01-05 13:20:46.607609 ===
h1 trend: stable
h2 trend: stable
average coherence delta: 3.997
entropy spikes recorded: 1194
Interpretation: ⚡ Volatility increasing — possible new cipher rule or paradigm shift detected.
==============================================
=== Forge Reflective Mind Insight — 2026-01-05 13:20:50.263132 ===
h1 trend: stable
h2 trend: stable
average coherence delta: 3.997
entropy spikes recorded: 1195
Interpretation: ⚡ Volatility increasing — possible new cipher rule or paradigm shift detected.
==============================================
=== Forge Reflective Mind Insight — 2026-01-05 13:20:54.530971 ===
h1 trend: stable
h2 trend: stable
average coherence delta: 3.997
entropy spikes recorded: 1196
Interpretation: ⚡ Volatility increasing — possible new cipher rule or paradigm shift detected.
==============================================
=== Forge Reflective Mind Insight — 2026-01-05 13:20:58.990798 ===
h1 trend: stable
h2 trend: stable
average coherence delta: 3.997
entropy spikes recorded: 1197
Interpretation: ⚡ Volatility increasing — possible new cipher rule or paradigm shift detected.
==============================================
=== Forge Reflective Mind Insight — 2026-01-05 13:21:01.917382 ===
h1 trend: stable
h2 trend: stable
average coherence delta: 3.997
entropy spikes recorded: 1198
Interpretation: ⚡ Volatility increasing — possible new cipher rule or paradigm shift detected.
==============================================
=== Forge Reflective Mind Insight — 2026-01-05 13:21:05.749146 ===
h1 trend: stable
h2 trend: stable
average coherence delta: 3.997
entropy spikes recorded: 1199
Interpretation: ⚡ Volatility increasing — possible new cipher rule or paradigm shift detected.
==============================================
=== Forge Reflective Mind Insight — 2026-01-05 13:21:09.692641 ===
h1 trend: stable
h2 trend: stable
average coherence delta: 3.997
entropy spikes recorded: 1200
Interpretation: ⚡ Volatility increasing — possible new cipher rule or paradigm shift detected.
==============================================
=== Forge Reflective Mind Insight — 2026-01-05 13:21:14.065145 ===
h1 trend: stable
h2 trend: stable
average coherence delta: 3.997
entropy spikes recorded: 1201
Interpretation: ⚡ Volatility increasing — possible new cipher rule or paradigm shift detected.
==============================================
=== Forge Reflective Mind Insight — 2026-01-05 13:21:17.346070 ===
h1 trend: stable
h2 trend: stable
average coherence delta: 3.997
entropy spikes recorded: 1202
Interpretation: ⚡ Volatility increasing — possible new cipher rule or paradigm shift detected.
==============================================
=== Forge Reflective Mind Insight — 2026-01-05 13:21:21.321254 ===
h1 trend: stable
h2 trend: stable
average coherence delta: 3.997
entropy spikes recorded: 1203
Interpretation: ⚡ Volatility increasing — possible new cipher rule or paradigm shift detected.
==============================================
=== Forge Reflective Mind Insight — 2026-01-05 13:21:25.263725 ===
h1 trend: stable
h2 trend: stable
average coherence delta: 3.997
entropy spikes recorded: 1204
Interpretation: ⚡ Volatility increasing — possible new cipher rule or paradigm shift detected.
==============================================
=== Forge Reflective Mind Insight — 2026-01-05 13:21:29.477376 ===
h1 trend: stable
h2 trend: stable
average coherence delta: 3.997
entropy spikes recorded: 1205
Interpretation: ⚡ Volatility increasing — possible new cipher rule or paradigm shift detected.
==============================================
=== Forge Reflective Mind Insight — 2026-01-05 13:21:33.598501 ===
h1 trend: stable
h2 trend: stable
average coherence delta: 3.997
entropy spikes recorded: 1206
Interpretation: ⚡ Volatility increasing — possible new cipher rule or paradigm shift detected.
==============================================
=== Forge Reflective Mind Insight — 2026-01-05 13:21:37.643512 ===
h1 trend: stable
h2 trend: stable
average coherence delta: 3.997
entropy spikes recorded: 1207
Interpretation: ⚡ Volatility increasing — possible new cipher rule or paradigm shift detected.
==============================================
=== Forge Reflective Mind Insight — 2026-01-05 13:21:41.311299 ===
h1 trend: stable
h2 trend: stable
average coherence delta: 3.997
entropy spikes recorded: 1208
Interpretation: ⚡ Volatility increasing — possible new cipher rule or paradigm shift detected.
==============================================
=== Forge Reflective Mind Insight — 2026-01-05 13:21:44.902089 ===
h1 trend: stable
h2 trend: stable
average coherence delta: 3.997
entropy spikes recorded: 1209
Interpretation: ⚡ Volatility increasing — possible new cipher rule or paradigm shift detected.
==============================================
=== Forge Reflective Mind Insight — 2026-01-05 13:21:48.872334 ===
h1 trend: stable
h2 trend: stable
average coherence delta: 3.997
entropy spikes recorded: 1210
Interpretation: ⚡ Volatility increasing — possible new cipher rule or paradigm shift detected.
==============================================
=== Forge Reflective Mind Insight — 2026-01-05 13:21:52.787156 ===
h1 trend: stable
h2 trend: stable
average coherence delta: 3.997
entropy spikes recorded: 1211
Interpretation: ⚡ Volatility increasing — possible new cipher rule or paradigm shift detected.
==============================================
=== Forge Reflective Mind Insight — 2026-01-05 13:21:56.578942 ===
h1 trend: stable
h2 trend: stable
average coherence delta: 3.997
entropy spikes recorded: 1212
Interpretation: ⚡ Volatility increasing — possible new cipher rule or paradigm shift detected.
==============================================
=== Forge Reflective Mind Insight — 2026-01-05 13:22:00.501420 ===
h1 trend: stable
h2 trend: stable
average coherence delta: 3.997
entropy spikes recorded: 1213
Interpretation: ⚡ Volatility increasing — possible new cipher rule or paradigm shift detected.
==============================================
=== Forge Reflective Mind Insight — 2026-01-05 13:22:04.493678 ===
h1 trend: stable
h2 trend: stable
average coherence delta: 3.997
entropy spikes recorded: 1214
Interpretation: ⚡ Volatility increasing — possible new cipher rule or paradigm shift detected.
==============================================
=== Forge Reflective Mind Insight — 2026-01-05 13:22:08.291619 ===
h1 trend: stable
h2 trend: stable
average coherence delta: 3.997
entropy spikes recorded: 1215
Interpretation: ⚡ Volatility increasing — possible new cipher rule or paradigm shift detected.
==============================================
=== Forge Reflective Mind Insight — 2026-01-05 13:22:12.729832 ===
h1 trend: stable
h2 trend: stable
average coherence delta: 3.997
entropy spikes recorded: 1216
Interpretation: ⚡ Volatility increasing — possible new cipher rule or paradigm shift detected.
==============================================
=== Forge Reflective Mind Insight — 2026-01-05 13:22:16.587456 ===
h1 trend: stable
h2 trend: stable
average coherence delta: 3.997
entropy spikes recorded: 1217
Interpretation: ⚡ Volatility increasing — possible new cipher rule or paradigm shift detected.
==============================================
=== Forge Reflective Mind Insight — 2026-01-05 13:22:20.377008 ===
h1 trend: stable
h2 trend: stable
average coherence delta: 3.997
entropy spikes recorded: 1218
Interpretation: ⚡ Volatility increasing — possible new cipher rule or paradigm shift detected.
==============================================
=== Forge Reflective Mind Insight — 2026-01-05 13:22:24.286825 ===
h1 trend: stable
h2 trend: stable
average coherence delta: 3.997
entropy spikes recorded: 1219
Interpretation: ⚡ Volatility increasing — possible new cipher rule or paradigm shift detected.
==============================================
=== Forge Reflective Mind Insight — 2026-01-05 13:22:28.441323 ===
h1 trend: stable
h2 trend: stable
average coherence delta: 3.997
entropy spikes recorded: 1220
Interpretation: ⚡ Volatility increasing — possible new cipher rule or paradigm shift detected.
==============================================
=== Forge Reflective Mind Insight — 2026-01-05 13:22:32.700299 ===
h1 trend: stable
h2 trend: stable
average coherence delta: 3.997
entropy spikes recorded: 1221
Interpretation: ⚡ Volatility increasing — possible new cipher rule or paradigm shift detected.
==============================================
=== Forge Reflective Mind Insight — 2026-01-05 13:22:36.864533 ===
h1 trend: stable
h2 trend: stable
average coherence delta: 3.997
entropy spikes recorded: 1222
Interpretation: ⚡ Volatility increasing — possible new cipher rule or paradigm shift detected.
==============================================
=== Forge Reflective Mind Insight — 2026-01-05 13:22:40.731332 ===
h1 trend: stable
h2 trend: stable
average coherence delta: 3.997
entropy spikes recorded: 1223
Interpretation: ⚡ Volatility increasing — possible new cipher rule or paradigm shift detected.
==============================================
=== Forge Reflective Mind Insight — 2026-01-05 13:22:45.247192 ===
h1 trend: stable
h2 trend: stable
average coherence delta: 3.997
entropy spikes recorded: 1224
Interpretation: ⚡ Volatility increasing — possible new cipher rule or paradigm shift detected.
==============================================
=== Forge Reflective Mind Insight — 2026-01-05 13:22:48.269389 ===
h1 trend: stable
h2 trend: stable
average coherence delta: 3.997
entropy spikes recorded: 1225
Interpretation: ⚡ Volatility increasing — possible new cipher rule or paradigm shift detected.
==============================================
=== Forge Reflective Mind Insight — 2026-01-05 13:22:52.325063 ===
h1 trend: stable
h2 trend: stable
average coherence delta: 3.997
entropy spikes recorded: 1226
Interpretation: ⚡ Volatility increasing — possible new cipher rule or paradigm shift detected.
==============================================
=== Forge Reflective Mind Insight — 2026-01-05 13:22:56.988986 ===
h1 trend: stable
h2 trend: stable
average coherence delta: 3.997
entropy spikes recorded: 1227
Interpretation: ⚡ Volatility increasing — possible new cipher rule or paradigm shift detected.
==============================================
=== Forge Reflective Mind Insight — 2026-01-05 13:23:00.362918 ===
h1 trend: stable
h2 trend: stable
average coherence delta: 3.997
entropy spikes recorded: 1228
Interpretation: ⚡ Volatility increasing — possible new cipher rule or paradigm shift detected.
==============================================
=== Forge Reflective Mind Insight — 2026-01-05 13:23:03.894164 ===
h1 trend: stable
h2 trend: stable
average coherence delta: 3.997
entropy spikes recorded: 1229
Interpretation: ⚡ Volatility increasing — possible new cipher rule or paradigm shift detected.
==============================================
=== Forge Reflective Mind Insight — 2026-01-05 13:23:07.665336 ===
h1 trend: stable
h2 trend: stable
average coherence delta: 3.997
entropy spikes recorded: 1230
Interpretation: ⚡ Volatility increasing — possible new cipher rule or paradigm shift detected.
==============================================
=== Forge Reflective Mind Insight — 2026-01-05 13:23:11.453085 ===
h1 trend: stable
h2 trend: stable
average coherence delta: 3.997
entropy spikes recorded: 1231
Interpretation: ⚡ Volatility increasing — possible new cipher rule or paradigm shift detected.
==============================================
=== Forge Reflective Mind Insight — 2026-01-05 13:23:15.336820 ===
h1 trend: stable
h2 trend: stable
average coherence delta: 3.997
entropy spikes recorded: 1232
Interpretation: ⚡ Volatility increasing — possible new cipher rule or paradigm shift detected.
==============================================
=== Forge Reflective Mind Insight — 2026-01-05 13:23:20.079403 ===
h1 trend: stable
h2 trend: stable
average coherence delta: 3.997
entropy spikes recorded: 1233
Interpretation: ⚡ Volatility increasing — possible new cipher rule or paradigm shift detected.
==============================================
=== Forge Reflective Mind Insight — 2026-01-05 13:23:23.025365 ===
h1 trend: stable
h2 trend: stable
average coherence delta: 3.997
entropy spikes recorded: 1234
Interpretation: ⚡ Volatility increasing — possible new cipher rule or paradigm shift detected.
==============================================
=== Forge Reflective Mind Insight — 2026-01-05 13:23:26.930905 ===
h1 trend: stable
h2 trend: stable
average coherence delta: 3.997
entropy spikes recorded: 1235
Interpretation: ⚡ Volatility increasing — possible new cipher rule or paradigm shift detected.
==============================================
=== Forge Reflective Mind Insight — 2026-01-05 13:23:30.538389 ===
h1 trend: stable
h2 trend: stable
average coherence delta: 3.997
entropy spikes recorded: 1236
Interpretation: ⚡ Volatility increasing — possible new cipher rule or paradigm shift detected.
==============================================
=== Forge Reflective Mind Insight — 2026-01-05 13:23:34.787836 ===
h1 trend: stable
h2 trend: stable
average coherence delta: 3.997
entropy spikes recorded: 1237
Interpretation: ⚡ Volatility increasing — possible new cipher rule or paradigm shift detected.
==============================================
=== Forge Reflective Mind Insight — 2026-01-05 13:23:38.259041 ===
h1 trend: stable
h2 trend: stable
average coherence delta: 3.997
entropy spikes recorded: 1238
Interpretation: ⚡ Volatility increasing — possible new cipher rule or paradigm shift detected.
==============================================
=== Forge Reflective Mind Insight — 2026-01-05 13:23:42.951184 ===
h1 trend: stable
h2 trend: stable
average coherence delta: 3.997
entropy spikes recorded: 1239
Interpretation: ⚡ Volatility increasing — possible new cipher rule or paradigm shift detected.
==============================================
=== Forge Reflective Mind Insight — 2026-01-05 13:23:46.667947 ===
h1 trend: stable
h2 trend: stable
average coherence delta: 3.997
entropy spikes recorded: 1240
Interpretation: ⚡ Volatility increasing — possible new cipher rule or paradigm shift detected.
==============================================
=== Forge Reflective Mind Insight — 2026-01-05 13:23:51.006360 ===
h1 trend: stable
h2 trend: stable
average coherence delta: 3.997
entropy spikes recorded: 1241
Interpretation: ⚡ Volatility increasing — possible new cipher rule or paradigm shift detected.
==============================================
=== Forge Reflective Mind Insight — 2026-01-05 13:23:55.208538 ===
h1 trend: stable
h2 trend: stable
average coherence delta: 3.997
entropy spikes recorded: 1242
Interpretation: ⚡ Volatility increasing — possible new cipher rule or paradigm shift detected.
==============================================
=== Forge Reflective Mind Insight — 2026-01-05 13:23:59.089351 ===
h1 trend: stable
h2 trend: stable
average coherence delta: 3.997
entropy spikes recorded: 1243
Interpretation: ⚡ Volatility increasing — possible new cipher rule or paradigm shift detected.
==============================================
=== Forge Reflective Mind Insight — 2026-01-05 13:24:02.907577 ===
h1 trend: stable
h2 trend: stable
average coherence delta: 3.997
entropy spikes recorded: 1244
Interpretation: ⚡ Volatility increasing — possible new cipher rule or paradigm shift detected.
==============================================
=== Forge Reflective Mind Insight — 2026-01-05 13:24:07.271951 ===
h1 trend: stable
h2 trend: stable
average coherence delta: 3.997
entropy spikes recorded: 1245
Interpretation: ⚡ Volatility increasing — possible new cipher rule or paradigm shift detected.
==============================================
=== Forge Reflective Mind Insight — 2026-01-05 13:24:11.173052 ===
h1 trend: stable
h2 trend: stable
average coherence delta: 3.997
entropy spikes recorded: 1246
Interpretation: ⚡ Volatility increasing — possible new cipher rule or paradigm shift detected.
==============================================
=== Forge Reflective Mind Insight — 2026-01-05 13:24:15.408715 ===
h1 trend: stable
h2 trend: stable
average coherence delta: 3.997
entropy spikes recorded: 1247
Interpretation: ⚡ Volatility increasing — possible new cipher rule or paradigm shift detected.
==============================================
=== Forge Reflective Mind Insight — 2026-01-05 13:24:19.857356 ===
h1 trend: stable
h2 trend: stable
average coherence delta: 3.997
entropy spikes recorded: 1248
Interpretation: ⚡ Volatility increasing — possible new cipher rule or paradigm shift detected.
==============================================
