============================================================
🔁 ForgeNet Recovery Run — 2026-01-05_115944
============================================================
✅ All essential components verified.
🚀 Relaunching ForgeAll Master Stack...
============================================================
🚀 ForgeAll Master Command Stack — 2026-01-05 11:59:44
============================================================
✅ Found: forgenet_overwatch_command.sh
✅ Found: forgenet_cognitive_loop.py
✅ Found: forgenet_guardian.sh
✅ Found: forgenet_mobile_ui.sh
✅ Found: forgenet_creativity_timeline.py
✅ Found: forgenet_decode_engine.py
🧩 Starting Cognitive Loop...
🛰️  Overwatch already running.
🛡️  Guardian already active.
💻 Mobile Web UI already active on port 8080.

============================================================
✅ Active Services Summary:
------------------------------------------------------------
u0_a449  20009     1  0  1970 ?        00:00:00 python /data/data/com.termux/files/home/forge/forgenet_autopilot_loop.py
u0_a449  20010     1  0  1970 ?        00:00:00 python /data/data/com.termux/files/home/forge/forgenet_autopilot_visual.py
u0_a449  24040     1  0  1970 pts/1    00:00:00 bash /data/data/com.termux/files/home/forge/forgenet_overwatch_command.sh
u0_a449  24045     1  0  1970 pts/1    00:00:00 bash /data/data/com.termux/files/home/forge/forgenet_guardian.sh
u0_a449  24056     1  0  1970 pts/1    00:00:00 bash /data/data/com.termux/files/home/forge/forgenet_mobile_ui.sh
u0_a449  24076 24056  0  1970 pts/1    00:00:00 tee -a /data/data/com.termux/files/home/forge/forgenet_mobile_ui.log
u0_a449  24082 24045  0  1970 pts/1    00:00:00 bash /data/data/com.termux/files/home/forge/forgenet_autocycle_publisher.sh
u0_a449  24526 24946  0  1970 pts/1    00:00:00 bash /data/data/com.termux/files/home/forge/forgeall.sh
u0_a449  24585 24526  0  1970 pts/1    00:00:00 bash /data/data/com.termux/files/home/forge/forgenet_recovery.sh
u0_a449  24600 24585  0  1970 pts/1    00:00:00 bash /data/data/com.termux/files/home/forge/forgeall.sh
u0_a449  24647 24600  0  1970 pts/1    00:00:00 tee -a /data/data/com.termux/files/home/forge/forgeall_master.log
u0_a449  24697     1  0  1970 pts/3    00:00:00 bash /data/data/com.termux/files/home/forge/ForgeNet_Restore_20260105_104652/forge/forgenet_watchdog.sh
u0_a449  29049     1  0  1970 ?        00:00:00 bash /data/data/com.termux/files/home/forge/forgenet_watchdog.sh
------------------------------------------------------------
📊 Logs located in: /data/data/com.termux/files/home/forge
🌐 Web UI: http://127.0.0.1:8080
============================================================
🩺 Checking system integrity...
============================================================
🔁 ForgeNet Recovery Run — 2026-01-05_115948
============================================================
✅ All essential components verified.
🚀 Relaunching ForgeAll Master Stack...
============================================================
🚀 ForgeAll Master Command Stack — 2026-01-05 11:59:48
============================================================
✅ Found: forgenet_overwatch_command.sh
✅ Found: forgenet_cognitive_loop.py
✅ Found: forgenet_guardian.sh
✅ Found: forgenet_mobile_ui.sh
✅ Found: forgenet_creativity_timeline.py
✅ Found: forgenet_decode_engine.py
🧩 Starting Cognitive Loop...
🛰️  Overwatch already running.
🛡️  Guardian already active.
💻 Mobile Web UI already active on port 8080.

============================================================
✅ Active Services Summary:
------------------------------------------------------------
u0_a449  20009     1  0  1970 ?        00:00:00 python /data/data/com.termux/files/home/forge/forgenet_autopilot_loop.py
u0_a449  20010     1  0  1970 ?        00:00:00 python /data/data/com.termux/files/home/forge/forgenet_autopilot_visual.py
u0_a449  24040     1  0  1970 pts/1    00:00:00 bash /data/data/com.termux/files/home/forge/forgenet_overwatch_command.sh
u0_a449  24045     1  0  1970 pts/1    00:00:00 bash /data/data/com.termux/files/home/forge/forgenet_guardian.sh
u0_a449  24056     1  0  1970 pts/1    00:00:00 bash /data/data/com.termux/files/home/forge/forgenet_mobile_ui.sh
u0_a449  24076 24056  0  1970 pts/1    00:00:00 tee -a /data/data/com.termux/files/home/forge/forgenet_mobile_ui.log
u0_a449  24082 24045  0  1970 pts/1    00:00:00 bash /data/data/com.termux/files/home/forge/forgenet_autocycle_publisher.sh
u0_a449  24526 24946  0  1970 pts/1    00:00:00 bash /data/data/com.termux/files/home/forge/forgeall.sh
u0_a449  24585 24526  0  1970 pts/1    00:00:00 bash /data/data/com.termux/files/home/forge/forgenet_recovery.sh
u0_a449  24600 24585  0  1970 pts/1    00:00:00 bash /data/data/com.termux/files/home/forge/forgeall.sh
u0_a449  24658 24600  0  1970 pts/1    00:00:00 bash /data/data/com.termux/files/home/forge/forgenet_recovery.sh
u0_a449  24674 24658  0  1970 pts/1    00:00:00 bash /data/data/com.termux/files/home/forge/forgeall.sh
u0_a449  24697     1  0  1970 pts/3    00:00:00 bash /data/data/com.termux/files/home/forge/ForgeNet_Restore_20260105_104652/forge/forgenet_watchdog.sh
u0_a449  24726 24674  0  1970 pts/1    00:00:00 tee -a /data/data/com.termux/files/home/forge/forgeall_master.log
u0_a449  29049     1  0  1970 ?        00:00:00 bash /data/data/com.termux/files/home/forge/forgenet_watchdog.sh
------------------------------------------------------------
📊 Logs located in: /data/data/com.termux/files/home/forge
🌐 Web UI: http://127.0.0.1:8080
============================================================
🩺 Checking system integrity...
============================================================
🔁 ForgeNet Recovery Run — 2026-01-05_115951
============================================================
✅ All essential components verified.
🚀 Relaunching ForgeAll Master Stack...
============================================================
🚀 ForgeAll Master Command Stack — 2026-01-05 11:59:51
============================================================
✅ Found: forgenet_overwatch_command.sh
✅ Found: forgenet_cognitive_loop.py
✅ Found: forgenet_guardian.sh
✅ Found: forgenet_mobile_ui.sh
✅ Found: forgenet_creativity_timeline.py
✅ Found: forgenet_decode_engine.py
🧩 Starting Cognitive Loop...
🛰️  Overwatch already running.
🛡️  Guardian already active.
💻 Mobile Web UI already active on port 8080.

============================================================
✅ Active Services Summary:
------------------------------------------------------------
u0_a449  20009     1  0  1970 ?        00:00:00 python /data/data/com.termux/files/home/forge/forgenet_autopilot_loop.py
u0_a449  20010     1  0  1970 ?        00:00:00 python /data/data/com.termux/files/home/forge/forgenet_autopilot_visual.py
u0_a449  24040     1  0  1970 pts/1    00:00:00 bash /data/data/com.termux/files/home/forge/forgenet_overwatch_command.sh
u0_a449  24045     1  0  1970 pts/1    00:00:00 bash /data/data/com.termux/files/home/forge/forgenet_guardian.sh
u0_a449  24056     1  0  1970 pts/1    00:00:00 bash /data/data/com.termux/files/home/forge/forgenet_mobile_ui.sh
u0_a449  24076 24056  0  1970 pts/1    00:00:00 tee -a /data/data/com.termux/files/home/forge/forgenet_mobile_ui.log
u0_a449  24082 24045  0  1970 pts/1    00:00:00 bash /data/data/com.termux/files/home/forge/forgenet_autocycle_publisher.sh
u0_a449  24526 24946  0  1970 pts/1    00:00:00 bash /data/data/com.termux/files/home/forge/forgeall.sh
u0_a449  24585 24526  0  1970 pts/1    00:00:00 bash /data/data/com.termux/files/home/forge/forgenet_recovery.sh
u0_a449  24600 24585  0  1970 pts/1    00:00:00 bash /data/data/com.termux/files/home/forge/forgeall.sh
u0_a449  24658 24600  0  1970 pts/1    00:00:00 bash /data/data/com.termux/files/home/forge/forgenet_recovery.sh
u0_a449  24674 24658  0  1970 pts/1    00:00:00 bash /data/data/com.termux/files/home/forge/forgeall.sh
u0_a449  24697     1  0  1970 pts/3    00:00:00 bash /data/data/com.termux/files/home/forge/ForgeNet_Restore_20260105_104652/forge/forgenet_watchdog.sh
u0_a449  24737 24674  0  1970 pts/1    00:00:00 bash /data/data/com.termux/files/home/forge/forgenet_recovery.sh
u0_a449  24752 24737  0  1970 pts/1    00:00:00 bash /data/data/com.termux/files/home/forge/forgeall.sh
u0_a449  24798 24752  0  1970 pts/1    00:00:00 tee -a /data/data/com.termux/files/home/forge/forgeall_master.log
u0_a449  29049     1  0  1970 ?        00:00:00 bash /data/data/com.termux/files/home/forge/forgenet_watchdog.sh
------------------------------------------------------------
📊 Logs located in: /data/data/com.termux/files/home/forge
🌐 Web UI: http://127.0.0.1:8080
============================================================
🩺 Checking system integrity...
============================================================
🔁 ForgeNet Recovery Run — 2026-01-05_115955
============================================================
✅ All essential components verified.
🚀 Relaunching ForgeAll Master Stack...
============================================================
🚀 ForgeAll Master Command Stack — 2026-01-05 11:59:55
============================================================
✅ Found: forgenet_overwatch_command.sh
✅ Found: forgenet_cognitive_loop.py
✅ Found: forgenet_guardian.sh
✅ Found: forgenet_mobile_ui.sh
✅ Found: forgenet_creativity_timeline.py
✅ Found: forgenet_decode_engine.py
🧩 Starting Cognitive Loop...
🛰️  Overwatch already running.
🛡️  Guardian already active.
💻 Mobile Web UI already active on port 8080.

============================================================
✅ Active Services Summary:
------------------------------------------------------------
u0_a449  20009     1  0  1970 ?        00:00:00 python /data/data/com.termux/files/home/forge/forgenet_autopilot_loop.py
u0_a449  20010     1  0  1970 ?        00:00:00 python /data/data/com.termux/files/home/forge/forgenet_autopilot_visual.py
u0_a449  24040     1  0  1970 pts/1    00:00:00 bash /data/data/com.termux/files/home/forge/forgenet_overwatch_command.sh
u0_a449  24045     1  0  1970 pts/1    00:00:00 bash /data/data/com.termux/files/home/forge/forgenet_guardian.sh
u0_a449  24056     1  0  1970 pts/1    00:00:00 bash /data/data/com.termux/files/home/forge/forgenet_mobile_ui.sh
u0_a449  24076 24056  0  1970 pts/1    00:00:00 tee -a /data/data/com.termux/files/home/forge/forgenet_mobile_ui.log
u0_a449  24082 24045  0  1970 pts/1    00:00:00 bash /data/data/com.termux/files/home/forge/forgenet_autocycle_publisher.sh
u0_a449  24526 24946  0  1970 pts/1    00:00:00 bash /data/data/com.termux/files/home/forge/forgeall.sh
u0_a449  24585 24526  0  1970 pts/1    00:00:00 bash /data/data/com.termux/files/home/forge/forgenet_recovery.sh
u0_a449  24600 24585  0  1970 pts/1    00:00:00 bash /data/data/com.termux/files/home/forge/forgeall.sh
u0_a449  24658 24600  0  1970 pts/1    00:00:00 bash /data/data/com.termux/files/home/forge/forgenet_recovery.sh
u0_a449  24674 24658  0  1970 pts/1    00:00:00 bash /data/data/com.termux/files/home/forge/forgeall.sh
u0_a449  24697     1  0  1970 pts/3    00:00:00 bash /data/data/com.termux/files/home/forge/ForgeNet_Restore_20260105_104652/forge/forgenet_watchdog.sh
u0_a449  24737 24674  0  1970 pts/1    00:00:00 bash /data/data/com.termux/files/home/forge/forgenet_recovery.sh
u0_a449  24752 24737  0  1970 pts/1    00:00:00 bash /data/data/com.termux/files/home/forge/forgeall.sh
u0_a449  24809 24752  0  1970 pts/1    00:00:00 bash /data/data/com.termux/files/home/forge/forgenet_recovery.sh
u0_a449  24824 24809  0  1970 pts/1    00:00:00 bash /data/data/com.termux/files/home/forge/forgeall.sh
u0_a449  24872 24870  6  1970 pts/3    00:00:00 python /data/data/com.termux/files/home/forge/forgenet_heatmap.py
u0_a449  24884 24824  0  1970 pts/1    00:00:00 tee -a /data/data/com.termux/files/home/forge/forgeall_master.log
u0_a449  29049     1  0  1970 ?        00:00:00 bash /data/data/com.termux/files/home/forge/forgenet_watchdog.sh
------------------------------------------------------------
📊 Logs located in: /data/data/com.termux/files/home/forge
🌐 Web UI: http://127.0.0.1:8080
============================================================
🩺 Checking system integrity...
============================================================
🔁 ForgeNet Recovery Run — 2026-01-05_115958
============================================================
✅ All essential components verified.
🚀 Relaunching ForgeAll Master Stack...
============================================================
🚀 ForgeAll Master Command Stack — 2026-01-05 11:59:58
============================================================
✅ Found: forgenet_overwatch_command.sh
✅ Found: forgenet_cognitive_loop.py
✅ Found: forgenet_guardian.sh
✅ Found: forgenet_mobile_ui.sh
✅ Found: forgenet_creativity_timeline.py
✅ Found: forgenet_decode_engine.py
🧩 Starting Cognitive Loop...
🛰️  Overwatch already running.
🛡️  Guardian already active.
💻 Mobile Web UI already active on port 8080.

============================================================
✅ Active Services Summary:
------------------------------------------------------------
u0_a449  20009     1  0  1970 ?        00:00:00 python /data/data/com.termux/files/home/forge/forgenet_autopilot_loop.py
u0_a449  20010     1  0  1970 ?        00:00:00 python /data/data/com.termux/files/home/forge/forgenet_autopilot_visual.py
u0_a449  24040     1  0  1970 pts/1    00:00:00 bash /data/data/com.termux/files/home/forge/forgenet_overwatch_command.sh
u0_a449  24045     1  0  1970 pts/1    00:00:00 bash /data/data/com.termux/files/home/forge/forgenet_guardian.sh
u0_a449  24056     1  0  1970 pts/1    00:00:00 bash /data/data/com.termux/files/home/forge/forgenet_mobile_ui.sh
u0_a449  24076 24056  0  1970 pts/1    00:00:00 tee -a /data/data/com.termux/files/home/forge/forgenet_mobile_ui.log
u0_a449  24082 24045  0  1970 pts/1    00:00:00 bash /data/data/com.termux/files/home/forge/forgenet_autocycle_publisher.sh
u0_a449  24526 24946  0  1970 pts/1    00:00:00 bash /data/data/com.termux/files/home/forge/forgeall.sh
u0_a449  24585 24526  0  1970 pts/1    00:00:00 bash /data/data/com.termux/files/home/forge/forgenet_recovery.sh
u0_a449  24600 24585  0  1970 pts/1    00:00:00 bash /data/data/com.termux/files/home/forge/forgeall.sh
u0_a449  24658 24600  0  1970 pts/1    00:00:00 bash /data/data/com.termux/files/home/forge/forgenet_recovery.sh
u0_a449  24674 24658  0  1970 pts/1    00:00:00 bash /data/data/com.termux/files/home/forge/forgeall.sh
u0_a449  24697     1  0  1970 pts/3    00:00:00 bash /data/data/com.termux/files/home/forge/ForgeNet_Restore_20260105_104652/forge/forgenet_watchdog.sh
u0_a449  24737 24674  0  1970 pts/1    00:00:00 bash /data/data/com.termux/files/home/forge/forgenet_recovery.sh
u0_a449  24752 24737  0  1970 pts/1    00:00:00 bash /data/data/com.termux/files/home/forge/forgeall.sh
u0_a449  24809 24752  0  1970 pts/1    00:00:00 bash /data/data/com.termux/files/home/forge/forgenet_recovery.sh
u0_a449  24824 24809  0  1970 pts/1    00:00:00 bash /data/data/com.termux/files/home/forge/forgeall.sh
u0_a449  24897 24824  0  1970 pts/1    00:00:00 bash /data/data/com.termux/files/home/forge/forgenet_recovery.sh
u0_a449  24912 24897  0  1970 pts/1    00:00:00 bash /data/data/com.termux/files/home/forge/forgeall.sh
u0_a449  24977 24912  0  1970 pts/1    00:00:00 tee -a /data/data/com.termux/files/home/forge/forgeall_master.log
u0_a449  29049     1  0  1970 ?        00:00:00 bash /data/data/com.termux/files/home/forge/forgenet_watchdog.sh
------------------------------------------------------------
📊 Logs located in: /data/data/com.termux/files/home/forge
🌐 Web UI: http://127.0.0.1:8080
============================================================
🩺 Checking system integrity...
============================================================
🔁 ForgeNet Recovery Run — 2026-01-05_120002
============================================================
✅ All essential components verified.
🚀 Relaunching ForgeAll Master Stack...
============================================================
🚀 ForgeAll Master Command Stack — 2026-01-05 12:00:02
============================================================
✅ Found: forgenet_overwatch_command.sh
✅ Found: forgenet_cognitive_loop.py
✅ Found: forgenet_guardian.sh
✅ Found: forgenet_mobile_ui.sh
✅ Found: forgenet_creativity_timeline.py
✅ Found: forgenet_decode_engine.py
🧩 Starting Cognitive Loop...
🛰️  Overwatch already running.
🛡️  Guardian already active.
💻 Mobile Web UI already active on port 8080.

============================================================
✅ Active Services Summary:
------------------------------------------------------------
u0_a449  20009     1  0  1970 ?        00:00:00 python /data/data/com.termux/files/home/forge/forgenet_autopilot_loop.py
u0_a449  20010     1  0  1970 ?        00:00:00 python /data/data/com.termux/files/home/forge/forgenet_autopilot_visual.py
u0_a449  24040     1  0  1970 pts/1    00:00:00 bash /data/data/com.termux/files/home/forge/forgenet_overwatch_command.sh
u0_a449  24045     1  0  1970 pts/1    00:00:00 bash /data/data/com.termux/files/home/forge/forgenet_guardian.sh
u0_a449  24056     1  0  1970 pts/1    00:00:00 bash /data/data/com.termux/files/home/forge/forgenet_mobile_ui.sh
u0_a449  24076 24056  0  1970 pts/1    00:00:00 tee -a /data/data/com.termux/files/home/forge/forgenet_mobile_ui.log
u0_a449  24082 24045  0  1970 pts/1    00:00:00 bash /data/data/com.termux/files/home/forge/forgenet_autocycle_publisher.sh
u0_a449  24526 24946  0  1970 pts/1    00:00:00 bash /data/data/com.termux/files/home/forge/forgeall.sh
u0_a449  24585 24526  0  1970 pts/1    00:00:00 bash /data/data/com.termux/files/home/forge/forgenet_recovery.sh
u0_a449  24600 24585  0  1970 pts/1    00:00:00 bash /data/data/com.termux/files/home/forge/forgeall.sh
u0_a449  24658 24600  0  1970 pts/1    00:00:00 bash /data/data/com.termux/files/home/forge/forgenet_recovery.sh
u0_a449  24674 24658  0  1970 pts/1    00:00:00 bash /data/data/com.termux/files/home/forge/forgeall.sh
u0_a449  24697     1  0  1970 pts/3    00:00:00 bash /data/data/com.termux/files/home/forge/ForgeNet_Restore_20260105_104652/forge/forgenet_watchdog.sh
u0_a449  24737 24674  0  1970 pts/1    00:00:00 bash /data/data/com.termux/files/home/forge/forgenet_recovery.sh
u0_a449  24752 24737  0  1970 pts/1    00:00:00 bash /data/data/com.termux/files/home/forge/forgeall.sh
u0_a449  24809 24752  0  1970 pts/1    00:00:00 bash /data/data/com.termux/files/home/forge/forgenet_recovery.sh
u0_a449  24824 24809  0  1970 pts/1    00:00:00 bash /data/data/com.termux/files/home/forge/forgeall.sh
u0_a449  24897 24824  0  1970 pts/1    00:00:00 bash /data/data/com.termux/files/home/forge/forgenet_recovery.sh
u0_a449  24912 24897  0  1970 pts/1    00:00:00 bash /data/data/com.termux/files/home/forge/forgeall.sh
u0_a449  24989 24912  0  1970 pts/1    00:00:00 bash /data/data/com.termux/files/home/forge/forgenet_recovery.sh
u0_a449  25006 24989  0  1970 pts/1    00:00:00 bash /data/data/com.termux/files/home/forge/forgeall.sh
u0_a449  25177 25006  1  1970 pts/1    00:00:00 tee -a /data/data/com.termux/files/home/forge/forgeall_master.log
u0_a449  29049     1  0  1970 ?        00:00:00 bash /data/data/com.termux/files/home/forge/forgenet_watchdog.sh
------------------------------------------------------------
📊 Logs located in: /data/data/com.termux/files/home/forge
🌐 Web UI: http://127.0.0.1:8080
============================================================
🩺 Checking system integrity...
============================================================
🔁 ForgeNet Recovery Run — 2026-01-05_120005
============================================================
✅ All essential components verified.
🚀 Relaunching ForgeAll Master Stack...
============================================================
🚀 ForgeAll Master Command Stack — 2026-01-05 12:00:05
============================================================
✅ Found: forgenet_overwatch_command.sh
✅ Found: forgenet_cognitive_loop.py
✅ Found: forgenet_guardian.sh
✅ Found: forgenet_mobile_ui.sh
✅ Found: forgenet_creativity_timeline.py
✅ Found: forgenet_decode_engine.py
🧩 Starting Cognitive Loop...
🛰️  Overwatch already running.
🛡️  Guardian already active.
💻 Mobile Web UI already active on port 8080.

============================================================
✅ Active Services Summary:
------------------------------------------------------------
u0_a449  20009     1  0  1970 ?        00:00:00 python /data/data/com.termux/files/home/forge/forgenet_autopilot_loop.py
u0_a449  20010     1  0  1970 ?        00:00:00 python /data/data/com.termux/files/home/forge/forgenet_autopilot_visual.py
u0_a449  24040     1  0  1970 pts/1    00:00:00 bash /data/data/com.termux/files/home/forge/forgenet_overwatch_command.sh
u0_a449  24045     1  0  1970 pts/1    00:00:00 bash /data/data/com.termux/files/home/forge/forgenet_guardian.sh
u0_a449  24056     1  0  1970 pts/1    00:00:00 bash /data/data/com.termux/files/home/forge/forgenet_mobile_ui.sh
u0_a449  24076 24056  0  1970 pts/1    00:00:00 tee -a /data/data/com.termux/files/home/forge/forgenet_mobile_ui.log
u0_a449  24082 24045  0  1970 pts/1    00:00:00 bash /data/data/com.termux/files/home/forge/forgenet_autocycle_publisher.sh
u0_a449  24526 24946  0  1970 pts/1    00:00:00 bash /data/data/com.termux/files/home/forge/forgeall.sh
u0_a449  24585 24526  0  1970 pts/1    00:00:00 bash /data/data/com.termux/files/home/forge/forgenet_recovery.sh
u0_a449  24600 24585  0  1970 pts/1    00:00:00 bash /data/data/com.termux/files/home/forge/forgeall.sh
u0_a449  24658 24600  0  1970 pts/1    00:00:00 bash /data/data/com.termux/files/home/forge/forgenet_recovery.sh
u0_a449  24674 24658  0  1970 pts/1    00:00:00 bash /data/data/com.termux/files/home/forge/forgeall.sh
u0_a449  24697     1  0  1970 pts/3    00:00:00 bash /data/data/com.termux/files/home/forge/ForgeNet_Restore_20260105_104652/forge/forgenet_watchdog.sh
u0_a449  24737 24674  0  1970 pts/1    00:00:00 bash /data/data/com.termux/files/home/forge/forgenet_recovery.sh
u0_a449  24752 24737  0  1970 pts/1    00:00:00 bash /data/data/com.termux/files/home/forge/forgeall.sh
u0_a449  24809 24752  0  1970 pts/1    00:00:00 bash /data/data/com.termux/files/home/forge/forgenet_recovery.sh
u0_a449  24824 24809  0  1970 pts/1    00:00:00 bash /data/data/com.termux/files/home/forge/forgeall.sh
u0_a449  24897 24824  0  1970 pts/1    00:00:00 bash /data/data/com.termux/files/home/forge/forgenet_recovery.sh
u0_a449  24912 24897  0  1970 pts/1    00:00:00 bash /data/data/com.termux/files/home/forge/forgeall.sh
u0_a449  24989 24912  0  1970 pts/1    00:00:00 bash /data/data/com.termux/files/home/forge/forgenet_recovery.sh
u0_a449  25006 24989  0  1970 pts/1    00:00:00 bash /data/data/com.termux/files/home/forge/forgeall.sh
u0_a449  25188 25006  0  1970 pts/1    00:00:00 bash /data/data/com.termux/files/home/forge/forgenet_recovery.sh
u0_a449  25203 25188  0  1970 pts/1    00:00:00 bash /data/data/com.termux/files/home/forge/forgeall.sh
u0_a449  25298 25203  1  1970 pts/1    00:00:00 tee -a /data/data/com.termux/files/home/forge/forgeall_master.log
u0_a449  29049     1  0  1970 ?        00:00:00 bash /data/data/com.termux/files/home/forge/forgenet_watchdog.sh
------------------------------------------------------------
📊 Logs located in: /data/data/com.termux/files/home/forge
🌐 Web UI: http://127.0.0.1:8080
============================================================
🩺 Checking system integrity...
============================================================
🔁 ForgeNet Recovery Run — 2026-01-05_120009
============================================================
✅ All essential components verified.
🚀 Relaunching ForgeAll Master Stack...
============================================================
🚀 ForgeAll Master Command Stack — 2026-01-05 12:00:09
============================================================
✅ Found: forgenet_overwatch_command.sh
✅ Found: forgenet_cognitive_loop.py
✅ Found: forgenet_guardian.sh
✅ Found: forgenet_mobile_ui.sh
✅ Found: forgenet_creativity_timeline.py
✅ Found: forgenet_decode_engine.py
🧩 Starting Cognitive Loop...
🛰️  Overwatch already running.
🛡️  Guardian already active.
💻 Mobile Web UI already active on port 8080.

============================================================
✅ Active Services Summary:
------------------------------------------------------------
u0_a449  20009     1  0  1970 ?        00:00:00 python /data/data/com.termux/files/home/forge/forgenet_autopilot_loop.py
u0_a449  20010     1  0  1970 ?        00:00:00 python /data/data/com.termux/files/home/forge/forgenet_autopilot_visual.py
u0_a449  24040     1  0  1970 pts/1    00:00:00 bash /data/data/com.termux/files/home/forge/forgenet_overwatch_command.sh
u0_a449  24045     1  0  1970 pts/1    00:00:00 bash /data/data/com.termux/files/home/forge/forgenet_guardian.sh
u0_a449  24056     1  0  1970 pts/1    00:00:00 bash /data/data/com.termux/files/home/forge/forgenet_mobile_ui.sh
u0_a449  24076 24056  0  1970 pts/1    00:00:00 tee -a /data/data/com.termux/files/home/forge/forgenet_mobile_ui.log
u0_a449  24082 24045  0  1970 pts/1    00:00:00 bash /data/data/com.termux/files/home/forge/forgenet_autocycle_publisher.sh
u0_a449  24526 24946  0  1970 pts/1    00:00:00 bash /data/data/com.termux/files/home/forge/forgeall.sh
u0_a449  24585 24526  0  1970 pts/1    00:00:00 bash /data/data/com.termux/files/home/forge/forgenet_recovery.sh
u0_a449  24600 24585  0  1970 pts/1    00:00:00 bash /data/data/com.termux/files/home/forge/forgeall.sh
u0_a449  24658 24600  0  1970 pts/1    00:00:00 bash /data/data/com.termux/files/home/forge/forgenet_recovery.sh
u0_a449  24674 24658  0  1970 pts/1    00:00:00 bash /data/data/com.termux/files/home/forge/forgeall.sh
u0_a449  24697     1  0  1970 pts/3    00:00:00 bash /data/data/com.termux/files/home/forge/ForgeNet_Restore_20260105_104652/forge/forgenet_watchdog.sh
u0_a449  24737 24674  0  1970 pts/1    00:00:00 bash /data/data/com.termux/files/home/forge/forgenet_recovery.sh
u0_a449  24752 24737  0  1970 pts/1    00:00:00 bash /data/data/com.termux/files/home/forge/forgeall.sh
u0_a449  24809 24752  0  1970 pts/1    00:00:00 bash /data/data/com.termux/files/home/forge/forgenet_recovery.sh
u0_a449  24824 24809  0  1970 pts/1    00:00:00 bash /data/data/com.termux/files/home/forge/forgeall.sh
u0_a449  24897 24824  0  1970 pts/1    00:00:00 bash /data/data/com.termux/files/home/forge/forgenet_recovery.sh
u0_a449  24912 24897  0  1970 pts/1    00:00:00 bash /data/data/com.termux/files/home/forge/forgeall.sh
u0_a449  24989 24912  0  1970 pts/1    00:00:00 bash /data/data/com.termux/files/home/forge/forgenet_recovery.sh
u0_a449  25006 24989  0  1970 pts/1    00:00:00 bash /data/data/com.termux/files/home/forge/forgeall.sh
u0_a449  25188 25006  0  1970 pts/1    00:00:00 bash /data/data/com.termux/files/home/forge/forgenet_recovery.sh
u0_a449  25203 25188  0  1970 pts/1    00:00:00 bash /data/data/com.termux/files/home/forge/forgeall.sh
u0_a449  25309 25203  0  1970 pts/1    00:00:00 bash /data/data/com.termux/files/home/forge/forgenet_recovery.sh
u0_a449  25324 25309  0  1970 pts/1    00:00:00 bash /data/data/com.termux/files/home/forge/forgeall.sh
u0_a449  25372 25324  0  1970 pts/1    00:00:00 tee -a /data/data/com.termux/files/home/forge/forgeall_master.log
u0_a449  29049     1  0  1970 ?        00:00:00 bash /data/data/com.termux/files/home/forge/forgenet_watchdog.sh
------------------------------------------------------------
📊 Logs located in: /data/data/com.termux/files/home/forge
🌐 Web UI: http://127.0.0.1:8080
============================================================
🩺 Checking system integrity...
============================================================
🔁 ForgeNet Recovery Run — 2026-01-05_120012
============================================================
✅ All essential components verified.
🚀 Relaunching ForgeAll Master Stack...
============================================================
🚀 ForgeAll Master Command Stack — 2026-01-05 12:00:12
============================================================
✅ Found: forgenet_overwatch_command.sh
✅ Found: forgenet_cognitive_loop.py
✅ Found: forgenet_guardian.sh
✅ Found: forgenet_mobile_ui.sh
✅ Found: forgenet_creativity_timeline.py
✅ Found: forgenet_decode_engine.py
🧩 Starting Cognitive Loop...
🛰️  Overwatch already running.
🛡️  Guardian already active.
💻 Mobile Web UI already active on port 8080.

============================================================
✅ Active Services Summary:
------------------------------------------------------------
u0_a449  20009     1  0  1970 ?        00:00:00 python /data/data/com.termux/files/home/forge/forgenet_autopilot_loop.py
u0_a449  20010     1  0  1970 ?        00:00:00 python /data/data/com.termux/files/home/forge/forgenet_autopilot_visual.py
u0_a449  24040     1  0  1970 pts/1    00:00:00 bash /data/data/com.termux/files/home/forge/forgenet_overwatch_command.sh
u0_a449  24045     1  0  1970 pts/1    00:00:00 bash /data/data/com.termux/files/home/forge/forgenet_guardian.sh
u0_a449  24056     1  0  1970 pts/1    00:00:00 bash /data/data/com.termux/files/home/forge/forgenet_mobile_ui.sh
u0_a449  24076 24056  0  1970 pts/1    00:00:00 tee -a /data/data/com.termux/files/home/forge/forgenet_mobile_ui.log
u0_a449  24082 24045  0  1970 pts/1    00:00:00 bash /data/data/com.termux/files/home/forge/forgenet_autocycle_publisher.sh
u0_a449  24526 24946  0  1970 pts/1    00:00:00 bash /data/data/com.termux/files/home/forge/forgeall.sh
u0_a449  24585 24526  0  1970 pts/1    00:00:00 bash /data/data/com.termux/files/home/forge/forgenet_recovery.sh
u0_a449  24600 24585  0  1970 pts/1    00:00:00 bash /data/data/com.termux/files/home/forge/forgeall.sh
u0_a449  24658 24600  0  1970 pts/1    00:00:00 bash /data/data/com.termux/files/home/forge/forgenet_recovery.sh
u0_a449  24674 24658  0  1970 pts/1    00:00:00 bash /data/data/com.termux/files/home/forge/forgeall.sh
u0_a449  24697     1  0  1970 pts/3    00:00:00 bash /data/data/com.termux/files/home/forge/ForgeNet_Restore_20260105_104652/forge/forgenet_watchdog.sh
u0_a449  24737 24674  0  1970 pts/1    00:00:00 bash /data/data/com.termux/files/home/forge/forgenet_recovery.sh
u0_a449  24752 24737  0  1970 pts/1    00:00:00 bash /data/data/com.termux/files/home/forge/forgeall.sh
u0_a449  24809 24752  0  1970 pts/1    00:00:00 bash /data/data/com.termux/files/home/forge/forgenet_recovery.sh
u0_a449  24824 24809  0  1970 pts/1    00:00:00 bash /data/data/com.termux/files/home/forge/forgeall.sh
u0_a449  24897 24824  0  1970 pts/1    00:00:00 bash /data/data/com.termux/files/home/forge/forgenet_recovery.sh
u0_a449  24912 24897  0  1970 pts/1    00:00:00 bash /data/data/com.termux/files/home/forge/forgeall.sh
u0_a449  24989 24912  0  1970 pts/1    00:00:00 bash /data/data/com.termux/files/home/forge/forgenet_recovery.sh
u0_a449  25006 24989  0  1970 pts/1    00:00:00 bash /data/data/com.termux/files/home/forge/forgeall.sh
u0_a449  25188 25006  0  1970 pts/1    00:00:00 bash /data/data/com.termux/files/home/forge/forgenet_recovery.sh
u0_a449  25203 25188  0  1970 pts/1    00:00:00 bash /data/data/com.termux/files/home/forge/forgeall.sh
u0_a449  25309 25203  0  1970 pts/1    00:00:00 bash /data/data/com.termux/files/home/forge/forgenet_recovery.sh
u0_a449  25324 25309  0  1970 pts/1    00:00:00 bash /data/data/com.termux/files/home/forge/forgeall.sh
u0_a449  25383 25324  0  1970 pts/1    00:00:00 bash /data/data/com.termux/files/home/forge/forgenet_recovery.sh
u0_a449  25400 25383  0  1970 pts/1    00:00:00 bash /data/data/com.termux/files/home/forge/forgeall.sh
u0_a449  25448 25400  0  1970 pts/1    00:00:00 tee -a /data/data/com.termux/files/home/forge/forgeall_master.log
u0_a449  29049     1  0  1970 ?        00:00:00 bash /data/data/com.termux/files/home/forge/forgenet_watchdog.sh
------------------------------------------------------------
📊 Logs located in: /data/data/com.termux/files/home/forge
🌐 Web UI: http://127.0.0.1:8080
============================================================
🩺 Checking system integrity...
============================================================
🔁 ForgeNet Recovery Run — 2026-01-05_120016
============================================================
✅ All essential components verified.
🚀 Relaunching ForgeAll Master Stack...
============================================================
🚀 ForgeAll Master Command Stack — 2026-01-05 12:00:16
============================================================
✅ Found: forgenet_overwatch_command.sh
✅ Found: forgenet_cognitive_loop.py
✅ Found: forgenet_guardian.sh
✅ Found: forgenet_mobile_ui.sh
✅ Found: forgenet_creativity_timeline.py
✅ Found: forgenet_decode_engine.py
🧩 Starting Cognitive Loop...
🛰️  Overwatch already running.
🛡️  Guardian already active.
💻 Mobile Web UI already active on port 8080.

============================================================
✅ Active Services Summary:
------------------------------------------------------------
u0_a449  20009     1  0  1970 ?        00:00:00 python /data/data/com.termux/files/home/forge/forgenet_autopilot_loop.py
u0_a449  20010     1  0  1970 ?        00:00:00 python /data/data/com.termux/files/home/forge/forgenet_autopilot_visual.py
u0_a449  24040     1  0  1970 pts/1    00:00:00 bash /data/data/com.termux/files/home/forge/forgenet_overwatch_command.sh
u0_a449  24045     1  0  1970 pts/1    00:00:00 bash /data/data/com.termux/files/home/forge/forgenet_guardian.sh
u0_a449  24056     1  0  1970 pts/1    00:00:00 bash /data/data/com.termux/files/home/forge/forgenet_mobile_ui.sh
u0_a449  24076 24056  0  1970 pts/1    00:00:00 tee -a /data/data/com.termux/files/home/forge/forgenet_mobile_ui.log
u0_a449  24082 24045  0  1970 pts/1    00:00:00 bash /data/data/com.termux/files/home/forge/forgenet_autocycle_publisher.sh
u0_a449  24526 24946  0  1970 pts/1    00:00:00 bash /data/data/com.termux/files/home/forge/forgeall.sh
u0_a449  24585 24526  0  1970 pts/1    00:00:00 bash /data/data/com.termux/files/home/forge/forgenet_recovery.sh
u0_a449  24600 24585  0  1970 pts/1    00:00:00 bash /data/data/com.termux/files/home/forge/forgeall.sh
u0_a449  24658 24600  0  1970 pts/1    00:00:00 bash /data/data/com.termux/files/home/forge/forgenet_recovery.sh
u0_a449  24674 24658  0  1970 pts/1    00:00:00 bash /data/data/com.termux/files/home/forge/forgeall.sh
u0_a449  24697     1  0  1970 pts/3    00:00:00 bash /data/data/com.termux/files/home/forge/ForgeNet_Restore_20260105_104652/forge/forgenet_watchdog.sh
u0_a449  24737 24674  0  1970 pts/1    00:00:00 bash /data/data/com.termux/files/home/forge/forgenet_recovery.sh
u0_a449  24752 24737  0  1970 pts/1    00:00:00 bash /data/data/com.termux/files/home/forge/forgeall.sh
u0_a449  24809 24752  0  1970 pts/1    00:00:00 bash /data/data/com.termux/files/home/forge/forgenet_recovery.sh
u0_a449  24824 24809  0  1970 pts/1    00:00:00 bash /data/data/com.termux/files/home/forge/forgeall.sh
u0_a449  24897 24824  0  1970 pts/1    00:00:00 bash /data/data/com.termux/files/home/forge/forgenet_recovery.sh
u0_a449  24912 24897  0  1970 pts/1    00:00:00 bash /data/data/com.termux/files/home/forge/forgeall.sh
u0_a449  24989 24912  0  1970 pts/1    00:00:00 bash /data/data/com.termux/files/home/forge/forgenet_recovery.sh
u0_a449  25006 24989  0  1970 pts/1    00:00:00 bash /data/data/com.termux/files/home/forge/forgeall.sh
u0_a449  25188 25006  0  1970 pts/1    00:00:00 bash /data/data/com.termux/files/home/forge/forgenet_recovery.sh
u0_a449  25203 25188  0  1970 pts/1    00:00:00 bash /data/data/com.termux/files/home/forge/forgeall.sh
u0_a449  25309 25203  0  1970 pts/1    00:00:00 bash /data/data/com.termux/files/home/forge/forgenet_recovery.sh
u0_a449  25324 25309  0  1970 pts/1    00:00:00 bash /data/data/com.termux/files/home/forge/forgeall.sh
u0_a449  25383 25324  0  1970 pts/1    00:00:00 bash /data/data/com.termux/files/home/forge/forgenet_recovery.sh
u0_a449  25400 25383  0  1970 pts/1    00:00:00 bash /data/data/com.termux/files/home/forge/forgeall.sh
u0_a449  25459 25400  0  1970 pts/1    00:00:00 bash /data/data/com.termux/files/home/forge/forgenet_recovery.sh
u0_a449  25474 25459  0  1970 pts/1    00:00:00 bash /data/data/com.termux/files/home/forge/forgeall.sh
u0_a449  25752 25474  0  1970 pts/1    00:00:00 tee -a /data/data/com.termux/files/home/forge/forgeall_master.log
u0_a449  29049     1  0  1970 ?        00:00:00 bash /data/data/com.termux/files/home/forge/forgenet_watchdog.sh
------------------------------------------------------------
📊 Logs located in: /data/data/com.termux/files/home/forge
🌐 Web UI: http://127.0.0.1:8080
============================================================
🩺 Checking system integrity...
============================================================
🔁 ForgeNet Recovery Run — 2026-01-05_120019
============================================================
✅ All essential components verified.
🚀 Relaunching ForgeAll Master Stack...
============================================================
🚀 ForgeAll Master Command Stack — 2026-01-05 12:00:19
============================================================
✅ Found: forgenet_overwatch_command.sh
✅ Found: forgenet_cognitive_loop.py
✅ Found: forgenet_guardian.sh
✅ Found: forgenet_mobile_ui.sh
✅ Found: forgenet_creativity_timeline.py
✅ Found: forgenet_decode_engine.py
🧩 Starting Cognitive Loop...
🛰️  Overwatch already running.
🛡️  Guardian already active.
💻 Mobile Web UI already active on port 8080.

============================================================
✅ Active Services Summary:
------------------------------------------------------------
u0_a449  20009     1  0  1970 ?        00:00:00 python /data/data/com.termux/files/home/forge/forgenet_autopilot_loop.py
u0_a449  20010     1  0  1970 ?        00:00:00 python /data/data/com.termux/files/home/forge/forgenet_autopilot_visual.py
u0_a449  24040     1  0  1970 pts/1    00:00:00 bash /data/data/com.termux/files/home/forge/forgenet_overwatch_command.sh
u0_a449  24045     1  0  1970 pts/1    00:00:00 bash /data/data/com.termux/files/home/forge/forgenet_guardian.sh
u0_a449  24056     1  0  1970 pts/1    00:00:00 bash /data/data/com.termux/files/home/forge/forgenet_mobile_ui.sh
u0_a449  24076 24056  0  1970 pts/1    00:00:00 tee -a /data/data/com.termux/files/home/forge/forgenet_mobile_ui.log
u0_a449  24082 24045  0  1970 pts/1    00:00:00 bash /data/data/com.termux/files/home/forge/forgenet_autocycle_publisher.sh
u0_a449  24526 24946  0  1970 pts/1    00:00:00 bash /data/data/com.termux/files/home/forge/forgeall.sh
u0_a449  24585 24526  0  1970 pts/1    00:00:00 bash /data/data/com.termux/files/home/forge/forgenet_recovery.sh
u0_a449  24600 24585  0  1970 pts/1    00:00:00 bash /data/data/com.termux/files/home/forge/forgeall.sh
u0_a449  24658 24600  0  1970 pts/1    00:00:00 bash /data/data/com.termux/files/home/forge/forgenet_recovery.sh
u0_a449  24674 24658  0  1970 pts/1    00:00:00 bash /data/data/com.termux/files/home/forge/forgeall.sh
u0_a449  24697     1  0  1970 pts/3    00:00:00 bash /data/data/com.termux/files/home/forge/ForgeNet_Restore_20260105_104652/forge/forgenet_watchdog.sh
u0_a449  24737 24674  0  1970 pts/1    00:00:00 bash /data/data/com.termux/files/home/forge/forgenet_recovery.sh
u0_a449  24752 24737  0  1970 pts/1    00:00:00 bash /data/data/com.termux/files/home/forge/forgeall.sh
u0_a449  24809 24752  0  1970 pts/1    00:00:00 bash /data/data/com.termux/files/home/forge/forgenet_recovery.sh
u0_a449  24824 24809  0  1970 pts/1    00:00:00 bash /data/data/com.termux/files/home/forge/forgeall.sh
u0_a449  24897 24824  0  1970 pts/1    00:00:00 bash /data/data/com.termux/files/home/forge/forgenet_recovery.sh
u0_a449  24912 24897  0  1970 pts/1    00:00:00 bash /data/data/com.termux/files/home/forge/forgeall.sh
u0_a449  24989 24912  0  1970 pts/1    00:00:00 bash /data/data/com.termux/files/home/forge/forgenet_recovery.sh
u0_a449  25006 24989  0  1970 pts/1    00:00:00 bash /data/data/com.termux/files/home/forge/forgeall.sh
u0_a449  25188 25006  0  1970 pts/1    00:00:00 bash /data/data/com.termux/files/home/forge/forgenet_recovery.sh
u0_a449  25203 25188  0  1970 pts/1    00:00:00 bash /data/data/com.termux/files/home/forge/forgeall.sh
u0_a449  25309 25203  0  1970 pts/1    00:00:00 bash /data/data/com.termux/files/home/forge/forgenet_recovery.sh
u0_a449  25324 25309  0  1970 pts/1    00:00:00 bash /data/data/com.termux/files/home/forge/forgeall.sh
u0_a449  25383 25324  0  1970 pts/1    00:00:00 bash /data/data/com.termux/files/home/forge/forgenet_recovery.sh
u0_a449  25400 25383  0  1970 pts/1    00:00:00 bash /data/data/com.termux/files/home/forge/forgeall.sh
u0_a449  25459 25400  0  1970 pts/1    00:00:00 bash /data/data/com.termux/files/home/forge/forgenet_recovery.sh
u0_a449  25474 25459  0  1970 pts/1    00:00:00 bash /data/data/com.termux/files/home/forge/forgeall.sh
u0_a449  25763 25474  0  1970 pts/1    00:00:00 bash /data/data/com.termux/files/home/forge/forgenet_recovery.sh
u0_a449  25778 25763  0  1970 pts/1    00:00:00 bash /data/data/com.termux/files/home/forge/forgeall.sh
u0_a449  25825 25778  0  1970 pts/1    00:00:00 tee -a /data/data/com.termux/files/home/forge/forgeall_master.log
u0_a449  29049     1  0  1970 ?        00:00:00 bash /data/data/com.termux/files/home/forge/forgenet_watchdog.sh
------------------------------------------------------------
📊 Logs located in: /data/data/com.termux/files/home/forge
🌐 Web UI: http://127.0.0.1:8080
============================================================
🩺 Checking system integrity...
============================================================
🔁 ForgeNet Recovery Run — 2026-01-05_120023
============================================================
✅ All essential components verified.
🚀 Relaunching ForgeAll Master Stack...
============================================================
🚀 ForgeAll Master Command Stack — 2026-01-05 12:00:23
============================================================
✅ Found: forgenet_overwatch_command.sh
✅ Found: forgenet_cognitive_loop.py
✅ Found: forgenet_guardian.sh
✅ Found: forgenet_mobile_ui.sh
✅ Found: forgenet_creativity_timeline.py
✅ Found: forgenet_decode_engine.py
🧩 Starting Cognitive Loop...
🛰️  Overwatch already running.
🛡️  Guardian already active.
💻 Mobile Web UI already active on port 8080.

============================================================
✅ Active Services Summary:
------------------------------------------------------------
u0_a449  20009     1  0  1970 ?        00:00:00 python /data/data/com.termux/files/home/forge/forgenet_autopilot_loop.py
u0_a449  20010     1  0  1970 ?        00:00:00 python /data/data/com.termux/files/home/forge/forgenet_autopilot_visual.py
u0_a449  24040     1  0  1970 pts/1    00:00:00 bash /data/data/com.termux/files/home/forge/forgenet_overwatch_command.sh
u0_a449  24045     1  0  1970 pts/1    00:00:00 bash /data/data/com.termux/files/home/forge/forgenet_guardian.sh
u0_a449  24056     1  0  1970 pts/1    00:00:00 bash /data/data/com.termux/files/home/forge/forgenet_mobile_ui.sh
u0_a449  24076 24056  0  1970 pts/1    00:00:00 tee -a /data/data/com.termux/files/home/forge/forgenet_mobile_ui.log
u0_a449  24082 24045  0  1970 pts/1    00:00:00 bash /data/data/com.termux/files/home/forge/forgenet_autocycle_publisher.sh
u0_a449  24526 24946  0  1970 pts/1    00:00:00 bash /data/data/com.termux/files/home/forge/forgeall.sh
u0_a449  24585 24526  0  1970 pts/1    00:00:00 bash /data/data/com.termux/files/home/forge/forgenet_recovery.sh
u0_a449  24600 24585  0  1970 pts/1    00:00:00 bash /data/data/com.termux/files/home/forge/forgeall.sh
u0_a449  24658 24600  0  1970 pts/1    00:00:00 bash /data/data/com.termux/files/home/forge/forgenet_recovery.sh
u0_a449  24674 24658  0  1970 pts/1    00:00:00 bash /data/data/com.termux/files/home/forge/forgeall.sh
u0_a449  24697     1  0  1970 pts/3    00:00:00 bash /data/data/com.termux/files/home/forge/ForgeNet_Restore_20260105_104652/forge/forgenet_watchdog.sh
u0_a449  24737 24674  0  1970 pts/1    00:00:00 bash /data/data/com.termux/files/home/forge/forgenet_recovery.sh
u0_a449  24752 24737  0  1970 pts/1    00:00:00 bash /data/data/com.termux/files/home/forge/forgeall.sh
u0_a449  24809 24752  0  1970 pts/1    00:00:00 bash /data/data/com.termux/files/home/forge/forgenet_recovery.sh
u0_a449  24824 24809  0  1970 pts/1    00:00:00 bash /data/data/com.termux/files/home/forge/forgeall.sh
u0_a449  24897 24824  0  1970 pts/1    00:00:00 bash /data/data/com.termux/files/home/forge/forgenet_recovery.sh
u0_a449  24912 24897  0  1970 pts/1    00:00:00 bash /data/data/com.termux/files/home/forge/forgeall.sh
u0_a449  24989 24912  0  1970 pts/1    00:00:00 bash /data/data/com.termux/files/home/forge/forgenet_recovery.sh
u0_a449  25006 24989  0  1970 pts/1    00:00:00 bash /data/data/com.termux/files/home/forge/forgeall.sh
u0_a449  25188 25006  0  1970 pts/1    00:00:00 bash /data/data/com.termux/files/home/forge/forgenet_recovery.sh
u0_a449  25203 25188  0  1970 pts/1    00:00:00 bash /data/data/com.termux/files/home/forge/forgeall.sh
u0_a449  25309 25203  0  1970 pts/1    00:00:00 bash /data/data/com.termux/files/home/forge/forgenet_recovery.sh
u0_a449  25324 25309  0  1970 pts/1    00:00:00 bash /data/data/com.termux/files/home/forge/forgeall.sh
u0_a449  25383 25324  0  1970 pts/1    00:00:00 bash /data/data/com.termux/files/home/forge/forgenet_recovery.sh
u0_a449  25400 25383  0  1970 pts/1    00:00:00 bash /data/data/com.termux/files/home/forge/forgeall.sh
u0_a449  25459 25400  0  1970 pts/1    00:00:00 bash /data/data/com.termux/files/home/forge/forgenet_recovery.sh
u0_a449  25474 25459  0  1970 pts/1    00:00:00 bash /data/data/com.termux/files/home/forge/forgeall.sh
u0_a449  25763 25474  0  1970 pts/1    00:00:00 bash /data/data/com.termux/files/home/forge/forgenet_recovery.sh
u0_a449  25778 25763  0  1970 pts/1    00:00:00 bash /data/data/com.termux/files/home/forge/forgeall.sh
u0_a449  25841 25778  0  1970 pts/1    00:00:00 bash /data/data/com.termux/files/home/forge/forgenet_recovery.sh
u0_a449  25856 25841  0  1970 pts/1    00:00:00 bash /data/data/com.termux/files/home/forge/forgeall.sh
u0_a449  25916 25856  1  1970 pts/1    00:00:00 tee -a /data/data/com.termux/files/home/forge/forgeall_master.log
u0_a449  29049     1  0  1970 ?        00:00:00 bash /data/data/com.termux/files/home/forge/forgenet_watchdog.sh
------------------------------------------------------------
📊 Logs located in: /data/data/com.termux/files/home/forge
🌐 Web UI: http://127.0.0.1:8080
============================================================
🩺 Checking system integrity...
============================================================
🔁 ForgeNet Recovery Run — 2026-01-05_120026
============================================================
✅ All essential components verified.
🚀 Relaunching ForgeAll Master Stack...
============================================================
🚀 ForgeAll Master Command Stack — 2026-01-05 12:00:27
============================================================
✅ Found: forgenet_overwatch_command.sh
✅ Found: forgenet_cognitive_loop.py
✅ Found: forgenet_guardian.sh
✅ Found: forgenet_mobile_ui.sh
✅ Found: forgenet_creativity_timeline.py
✅ Found: forgenet_decode_engine.py
🧩 Starting Cognitive Loop...
🛰️  Overwatch already running.
🛡️  Guardian already active.
💻 Mobile Web UI already active on port 8080.

============================================================
✅ Active Services Summary:
------------------------------------------------------------
u0_a449  20009     1  0  1970 ?        00:00:00 python /data/data/com.termux/files/home/forge/forgenet_autopilot_loop.py
u0_a449  20010     1  0  1970 ?        00:00:00 python /data/data/com.termux/files/home/forge/forgenet_autopilot_visual.py
u0_a449  24040     1  0  1970 pts/1    00:00:00 bash /data/data/com.termux/files/home/forge/forgenet_overwatch_command.sh
u0_a449  24045     1  0  1970 pts/1    00:00:00 bash /data/data/com.termux/files/home/forge/forgenet_guardian.sh
u0_a449  24056     1  0  1970 pts/1    00:00:00 bash /data/data/com.termux/files/home/forge/forgenet_mobile_ui.sh
u0_a449  24076 24056  0  1970 pts/1    00:00:00 tee -a /data/data/com.termux/files/home/forge/forgenet_mobile_ui.log
u0_a449  24082 24045  0  1970 pts/1    00:00:00 bash /data/data/com.termux/files/home/forge/forgenet_autocycle_publisher.sh
u0_a449  24526 24946  0  1970 pts/1    00:00:00 bash /data/data/com.termux/files/home/forge/forgeall.sh
u0_a449  24585 24526  0  1970 pts/1    00:00:00 bash /data/data/com.termux/files/home/forge/forgenet_recovery.sh
u0_a449  24600 24585  0  1970 pts/1    00:00:00 bash /data/data/com.termux/files/home/forge/forgeall.sh
u0_a449  24658 24600  0  1970 pts/1    00:00:00 bash /data/data/com.termux/files/home/forge/forgenet_recovery.sh
u0_a449  24674 24658  0  1970 pts/1    00:00:00 bash /data/data/com.termux/files/home/forge/forgeall.sh
u0_a449  24697     1  0  1970 pts/3    00:00:00 bash /data/data/com.termux/files/home/forge/ForgeNet_Restore_20260105_104652/forge/forgenet_watchdog.sh
u0_a449  24737 24674  0  1970 pts/1    00:00:00 bash /data/data/com.termux/files/home/forge/forgenet_recovery.sh
u0_a449  24752 24737  0  1970 pts/1    00:00:00 bash /data/data/com.termux/files/home/forge/forgeall.sh
u0_a449  24809 24752  0  1970 pts/1    00:00:00 bash /data/data/com.termux/files/home/forge/forgenet_recovery.sh
u0_a449  24824 24809  0  1970 pts/1    00:00:00 bash /data/data/com.termux/files/home/forge/forgeall.sh
u0_a449  24897 24824  0  1970 pts/1    00:00:00 bash /data/data/com.termux/files/home/forge/forgenet_recovery.sh
u0_a449  24912 24897  0  1970 pts/1    00:00:00 bash /data/data/com.termux/files/home/forge/forgeall.sh
u0_a449  24989 24912  0  1970 pts/1    00:00:00 bash /data/data/com.termux/files/home/forge/forgenet_recovery.sh
u0_a449  25006 24989  0  1970 pts/1    00:00:00 bash /data/data/com.termux/files/home/forge/forgeall.sh
u0_a449  25188 25006  0  1970 pts/1    00:00:00 bash /data/data/com.termux/files/home/forge/forgenet_recovery.sh
u0_a449  25203 25188  0  1970 pts/1    00:00:00 bash /data/data/com.termux/files/home/forge/forgeall.sh
u0_a449  25309 25203  0  1970 pts/1    00:00:00 bash /data/data/com.termux/files/home/forge/forgenet_recovery.sh
u0_a449  25324 25309  0  1970 pts/1    00:00:00 bash /data/data/com.termux/files/home/forge/forgeall.sh
u0_a449  25383 25324  0  1970 pts/1    00:00:00 bash /data/data/com.termux/files/home/forge/forgenet_recovery.sh
u0_a449  25400 25383  0  1970 pts/1    00:00:00 bash /data/data/com.termux/files/home/forge/forgeall.sh
u0_a449  25459 25400  0  1970 pts/1    00:00:00 bash /data/data/com.termux/files/home/forge/forgenet_recovery.sh
u0_a449  25474 25459  0  1970 pts/1    00:00:00 bash /data/data/com.termux/files/home/forge/forgeall.sh
u0_a449  25763 25474  0  1970 pts/1    00:00:00 bash /data/data/com.termux/files/home/forge/forgenet_recovery.sh
u0_a449  25778 25763  0  1970 pts/1    00:00:00 bash /data/data/com.termux/files/home/forge/forgeall.sh
u0_a449  25841 25778  0  1970 pts/1    00:00:00 bash /data/data/com.termux/files/home/forge/forgenet_recovery.sh
u0_a449  25856 25841  0  1970 pts/1    00:00:00 bash /data/data/com.termux/files/home/forge/forgeall.sh
u0_a449  25928 25856  0  1970 pts/1    00:00:00 bash /data/data/com.termux/files/home/forge/forgenet_recovery.sh
u0_a449  25943 25928  1  1970 pts/1    00:00:00 bash /data/data/com.termux/files/home/forge/forgeall.sh
u0_a449  25992 25943  0  1970 pts/1    00:00:00 tee -a /data/data/com.termux/files/home/forge/forgeall_master.log
u0_a449  29049     1  0  1970 ?        00:00:00 bash /data/data/com.termux/files/home/forge/forgenet_watchdog.sh
------------------------------------------------------------
📊 Logs located in: /data/data/com.termux/files/home/forge
🌐 Web UI: http://127.0.0.1:8080
============================================================
🩺 Checking system integrity...
============================================================
🔁 ForgeNet Recovery Run — 2026-01-05_120030
============================================================
✅ All essential components verified.
🚀 Relaunching ForgeAll Master Stack...
============================================================
🚀 ForgeAll Master Command Stack — 2026-01-05 12:00:30
============================================================
✅ Found: forgenet_overwatch_command.sh
✅ Found: forgenet_cognitive_loop.py
✅ Found: forgenet_guardian.sh
✅ Found: forgenet_mobile_ui.sh
✅ Found: forgenet_creativity_timeline.py
✅ Found: forgenet_decode_engine.py
🧩 Starting Cognitive Loop...
🛰️  Overwatch already running.
🛡️  Guardian already active.
💻 Mobile Web UI already active on port 8080.

============================================================
✅ Active Services Summary:
------------------------------------------------------------
u0_a449  20009     1  0  1970 ?        00:00:00 python /data/data/com.termux/files/home/forge/forgenet_autopilot_loop.py
u0_a449  20010     1  0  1970 ?        00:00:00 python /data/data/com.termux/files/home/forge/forgenet_autopilot_visual.py
u0_a449  24040     1  0  1970 pts/1    00:00:00 bash /data/data/com.termux/files/home/forge/forgenet_overwatch_command.sh
u0_a449  24045     1  0  1970 pts/1    00:00:00 bash /data/data/com.termux/files/home/forge/forgenet_guardian.sh
u0_a449  24056     1  0  1970 pts/1    00:00:00 bash /data/data/com.termux/files/home/forge/forgenet_mobile_ui.sh
u0_a449  24076 24056  0  1970 pts/1    00:00:00 tee -a /data/data/com.termux/files/home/forge/forgenet_mobile_ui.log
u0_a449  24082 24045  0  1970 pts/1    00:00:00 bash /data/data/com.termux/files/home/forge/forgenet_autocycle_publisher.sh
u0_a449  24526 24946  0  1970 pts/1    00:00:00 bash /data/data/com.termux/files/home/forge/forgeall.sh
u0_a449  24585 24526  0  1970 pts/1    00:00:00 bash /data/data/com.termux/files/home/forge/forgenet_recovery.sh
u0_a449  24600 24585  0  1970 pts/1    00:00:00 bash /data/data/com.termux/files/home/forge/forgeall.sh
u0_a449  24658 24600  0  1970 pts/1    00:00:00 bash /data/data/com.termux/files/home/forge/forgenet_recovery.sh
u0_a449  24674 24658  0  1970 pts/1    00:00:00 bash /data/data/com.termux/files/home/forge/forgeall.sh
u0_a449  24697     1  0  1970 pts/3    00:00:00 bash /data/data/com.termux/files/home/forge/ForgeNet_Restore_20260105_104652/forge/forgenet_watchdog.sh
u0_a449  24737 24674  0  1970 pts/1    00:00:00 bash /data/data/com.termux/files/home/forge/forgenet_recovery.sh
u0_a449  24752 24737  0  1970 pts/1    00:00:00 bash /data/data/com.termux/files/home/forge/forgeall.sh
u0_a449  24809 24752  0  1970 pts/1    00:00:00 bash /data/data/com.termux/files/home/forge/forgenet_recovery.sh
u0_a449  24824 24809  0  1970 pts/1    00:00:00 bash /data/data/com.termux/files/home/forge/forgeall.sh
u0_a449  24897 24824  0  1970 pts/1    00:00:00 bash /data/data/com.termux/files/home/forge/forgenet_recovery.sh
u0_a449  24912 24897  0  1970 pts/1    00:00:00 bash /data/data/com.termux/files/home/forge/forgeall.sh
u0_a449  24989 24912  0  1970 pts/1    00:00:00 bash /data/data/com.termux/files/home/forge/forgenet_recovery.sh
u0_a449  25006 24989  0  1970 pts/1    00:00:00 bash /data/data/com.termux/files/home/forge/forgeall.sh
u0_a449  25188 25006  0  1970 pts/1    00:00:00 bash /data/data/com.termux/files/home/forge/forgenet_recovery.sh
u0_a449  25203 25188  0  1970 pts/1    00:00:00 bash /data/data/com.termux/files/home/forge/forgeall.sh
u0_a449  25309 25203  0  1970 pts/1    00:00:00 bash /data/data/com.termux/files/home/forge/forgenet_recovery.sh
u0_a449  25324 25309  0  1970 pts/1    00:00:00 bash /data/data/com.termux/files/home/forge/forgeall.sh
u0_a449  25383 25324  0  1970 pts/1    00:00:00 bash /data/data/com.termux/files/home/forge/forgenet_recovery.sh
u0_a449  25400 25383  0  1970 pts/1    00:00:00 bash /data/data/com.termux/files/home/forge/forgeall.sh
u0_a449  25459 25400  0  1970 pts/1    00:00:00 bash /data/data/com.termux/files/home/forge/forgenet_recovery.sh
u0_a449  25474 25459  0  1970 pts/1    00:00:00 bash /data/data/com.termux/files/home/forge/forgeall.sh
u0_a449  25763 25474  0  1970 pts/1    00:00:00 bash /data/data/com.termux/files/home/forge/forgenet_recovery.sh
u0_a449  25778 25763  0  1970 pts/1    00:00:00 bash /data/data/com.termux/files/home/forge/forgeall.sh
u0_a449  25841 25778  0  1970 pts/1    00:00:00 bash /data/data/com.termux/files/home/forge/forgenet_recovery.sh
u0_a449  25856 25841  0  1970 pts/1    00:00:00 bash /data/data/com.termux/files/home/forge/forgeall.sh
u0_a449  25928 25856  0  1970 pts/1    00:00:00 bash /data/data/com.termux/files/home/forge/forgenet_recovery.sh
u0_a449  25943 25928  0  1970 pts/1    00:00:00 bash /data/data/com.termux/files/home/forge/forgeall.sh
u0_a449  26003 25943  0  1970 pts/1    00:00:00 bash /data/data/com.termux/files/home/forge/forgenet_recovery.sh
u0_a449  26020 26003  1  1970 pts/1    00:00:00 bash /data/data/com.termux/files/home/forge/forgeall.sh
u0_a449  26073 26020  1  1970 pts/1    00:00:00 tee -a /data/data/com.termux/files/home/forge/forgeall_master.log
u0_a449  29049     1  0  1970 ?        00:00:00 bash /data/data/com.termux/files/home/forge/forgenet_watchdog.sh
------------------------------------------------------------
📊 Logs located in: /data/data/com.termux/files/home/forge
🌐 Web UI: http://127.0.0.1:8080
============================================================
🩺 Checking system integrity...
============================================================
🔁 ForgeNet Recovery Run — 2026-01-05_120034
============================================================
✅ All essential components verified.
🚀 Relaunching ForgeAll Master Stack...
============================================================
🚀 ForgeAll Master Command Stack — 2026-01-05 12:00:34
============================================================
✅ Found: forgenet_overwatch_command.sh
✅ Found: forgenet_cognitive_loop.py
✅ Found: forgenet_guardian.sh
✅ Found: forgenet_mobile_ui.sh
✅ Found: forgenet_creativity_timeline.py
✅ Found: forgenet_decode_engine.py
🧩 Starting Cognitive Loop...
🛰️  Overwatch already running.
🛡️  Guardian already active.
💻 Mobile Web UI already active on port 8080.

============================================================
✅ Active Services Summary:
------------------------------------------------------------
u0_a449  20009     1  0  1970 ?        00:00:00 python /data/data/com.termux/files/home/forge/forgenet_autopilot_loop.py
u0_a449  20010     1  0  1970 ?        00:00:00 python /data/data/com.termux/files/home/forge/forgenet_autopilot_visual.py
u0_a449  24040     1  0  1970 pts/1    00:00:00 bash /data/data/com.termux/files/home/forge/forgenet_overwatch_command.sh
u0_a449  24045     1  0  1970 pts/1    00:00:00 bash /data/data/com.termux/files/home/forge/forgenet_guardian.sh
u0_a449  24056     1  0  1970 pts/1    00:00:00 bash /data/data/com.termux/files/home/forge/forgenet_mobile_ui.sh
u0_a449  24076 24056  0  1970 pts/1    00:00:00 tee -a /data/data/com.termux/files/home/forge/forgenet_mobile_ui.log
u0_a449  24082 24045  0  1970 pts/1    00:00:00 bash /data/data/com.termux/files/home/forge/forgenet_autocycle_publisher.sh
u0_a449  24526 24946  0  1970 pts/1    00:00:00 bash /data/data/com.termux/files/home/forge/forgeall.sh
u0_a449  24585 24526  0  1970 pts/1    00:00:00 bash /data/data/com.termux/files/home/forge/forgenet_recovery.sh
u0_a449  24600 24585  0  1970 pts/1    00:00:00 bash /data/data/com.termux/files/home/forge/forgeall.sh
u0_a449  24658 24600  0  1970 pts/1    00:00:00 bash /data/data/com.termux/files/home/forge/forgenet_recovery.sh
u0_a449  24674 24658  0  1970 pts/1    00:00:00 bash /data/data/com.termux/files/home/forge/forgeall.sh
u0_a449  24697     1  0  1970 pts/3    00:00:00 bash /data/data/com.termux/files/home/forge/ForgeNet_Restore_20260105_104652/forge/forgenet_watchdog.sh
u0_a449  24737 24674  0  1970 pts/1    00:00:00 bash /data/data/com.termux/files/home/forge/forgenet_recovery.sh
u0_a449  24752 24737  0  1970 pts/1    00:00:00 bash /data/data/com.termux/files/home/forge/forgeall.sh
u0_a449  24809 24752  0  1970 pts/1    00:00:00 bash /data/data/com.termux/files/home/forge/forgenet_recovery.sh
u0_a449  24824 24809  0  1970 pts/1    00:00:00 bash /data/data/com.termux/files/home/forge/forgeall.sh
u0_a449  24897 24824  0  1970 pts/1    00:00:00 bash /data/data/com.termux/files/home/forge/forgenet_recovery.sh
u0_a449  24912 24897  0  1970 pts/1    00:00:00 bash /data/data/com.termux/files/home/forge/forgeall.sh
u0_a449  24989 24912  0  1970 pts/1    00:00:00 bash /data/data/com.termux/files/home/forge/forgenet_recovery.sh
u0_a449  25006 24989  0  1970 pts/1    00:00:00 bash /data/data/com.termux/files/home/forge/forgeall.sh
u0_a449  25188 25006  0  1970 pts/1    00:00:00 bash /data/data/com.termux/files/home/forge/forgenet_recovery.sh
u0_a449  25203 25188  0  1970 pts/1    00:00:00 bash /data/data/com.termux/files/home/forge/forgeall.sh
u0_a449  25309 25203  0  1970 pts/1    00:00:00 bash /data/data/com.termux/files/home/forge/forgenet_recovery.sh
u0_a449  25324 25309  0  1970 pts/1    00:00:00 bash /data/data/com.termux/files/home/forge/forgeall.sh
u0_a449  25383 25324  0  1970 pts/1    00:00:00 bash /data/data/com.termux/files/home/forge/forgenet_recovery.sh
u0_a449  25400 25383  0  1970 pts/1    00:00:00 bash /data/data/com.termux/files/home/forge/forgeall.sh
u0_a449  25459 25400  0  1970 pts/1    00:00:00 bash /data/data/com.termux/files/home/forge/forgenet_recovery.sh
u0_a449  25474 25459  0  1970 pts/1    00:00:00 bash /data/data/com.termux/files/home/forge/forgeall.sh
u0_a449  25763 25474  0  1970 pts/1    00:00:00 bash /data/data/com.termux/files/home/forge/forgenet_recovery.sh
u0_a449  25778 25763  0  1970 pts/1    00:00:00 bash /data/data/com.termux/files/home/forge/forgeall.sh
u0_a449  25841 25778  0  1970 pts/1    00:00:00 bash /data/data/com.termux/files/home/forge/forgenet_recovery.sh
u0_a449  25856 25841  0  1970 pts/1    00:00:00 bash /data/data/com.termux/files/home/forge/forgeall.sh
u0_a449  25928 25856  0  1970 pts/1    00:00:00 bash /data/data/com.termux/files/home/forge/forgenet_recovery.sh
u0_a449  25943 25928  0  1970 pts/1    00:00:00 bash /data/data/com.termux/files/home/forge/forgeall.sh
u0_a449  26003 25943  0  1970 pts/1    00:00:00 bash /data/data/com.termux/files/home/forge/forgenet_recovery.sh
u0_a449  26020 26003  0  1970 pts/1    00:00:00 bash /data/data/com.termux/files/home/forge/forgeall.sh
u0_a449  26085 26020  0  1970 pts/1    00:00:00 bash /data/data/com.termux/files/home/forge/forgenet_recovery.sh
u0_a449  26104 26085  0  1970 pts/1    00:00:00 bash /data/data/com.termux/files/home/forge/forgeall.sh
u0_a449  26171 26104  0  1970 pts/1    00:00:00 tee -a /data/data/com.termux/files/home/forge/forgeall_master.log
u0_a449  29049     1  0  1970 ?        00:00:00 bash /data/data/com.termux/files/home/forge/forgenet_watchdog.sh
------------------------------------------------------------
📊 Logs located in: /data/data/com.termux/files/home/forge
🌐 Web UI: http://127.0.0.1:8080
============================================================
🩺 Checking system integrity...
============================================================
🔁 ForgeNet Recovery Run — 2026-01-05_120037
============================================================
✅ All essential components verified.
🚀 Relaunching ForgeAll Master Stack...
============================================================
🚀 ForgeAll Master Command Stack — 2026-01-05 12:00:37
============================================================
✅ Found: forgenet_overwatch_command.sh
✅ Found: forgenet_cognitive_loop.py
✅ Found: forgenet_guardian.sh
✅ Found: forgenet_mobile_ui.sh
✅ Found: forgenet_creativity_timeline.py
✅ Found: forgenet_decode_engine.py
🧩 Starting Cognitive Loop...
🛰️  Overwatch already running.
🛡️  Guardian already active.
💻 Mobile Web UI already active on port 8080.

============================================================
✅ Active Services Summary:
------------------------------------------------------------
u0_a449  20009     1  0  1970 ?        00:00:00 python /data/data/com.termux/files/home/forge/forgenet_autopilot_loop.py
u0_a449  20010     1  0  1970 ?        00:00:00 python /data/data/com.termux/files/home/forge/forgenet_autopilot_visual.py
u0_a449  24040     1  0  1970 pts/1    00:00:00 bash /data/data/com.termux/files/home/forge/forgenet_overwatch_command.sh
u0_a449  24045     1  0  1970 pts/1    00:00:00 bash /data/data/com.termux/files/home/forge/forgenet_guardian.sh
u0_a449  24056     1  0  1970 pts/1    00:00:00 bash /data/data/com.termux/files/home/forge/forgenet_mobile_ui.sh
u0_a449  24076 24056  0  1970 pts/1    00:00:00 tee -a /data/data/com.termux/files/home/forge/forgenet_mobile_ui.log
u0_a449  24082 24045  0  1970 pts/1    00:00:00 bash /data/data/com.termux/files/home/forge/forgenet_autocycle_publisher.sh
u0_a449  24526 24946  0  1970 pts/1    00:00:00 bash /data/data/com.termux/files/home/forge/forgeall.sh
u0_a449  24585 24526  0  1970 pts/1    00:00:00 bash /data/data/com.termux/files/home/forge/forgenet_recovery.sh
u0_a449  24600 24585  0  1970 pts/1    00:00:00 bash /data/data/com.termux/files/home/forge/forgeall.sh
u0_a449  24658 24600  0  1970 pts/1    00:00:00 bash /data/data/com.termux/files/home/forge/forgenet_recovery.sh
u0_a449  24674 24658  0  1970 pts/1    00:00:00 bash /data/data/com.termux/files/home/forge/forgeall.sh
u0_a449  24697     1  0  1970 pts/3    00:00:00 bash /data/data/com.termux/files/home/forge/ForgeNet_Restore_20260105_104652/forge/forgenet_watchdog.sh
u0_a449  24737 24674  0  1970 pts/1    00:00:00 bash /data/data/com.termux/files/home/forge/forgenet_recovery.sh
u0_a449  24752 24737  0  1970 pts/1    00:00:00 bash /data/data/com.termux/files/home/forge/forgeall.sh
u0_a449  24809 24752  0  1970 pts/1    00:00:00 bash /data/data/com.termux/files/home/forge/forgenet_recovery.sh
u0_a449  24824 24809  0  1970 pts/1    00:00:00 bash /data/data/com.termux/files/home/forge/forgeall.sh
u0_a449  24897 24824  0  1970 pts/1    00:00:00 bash /data/data/com.termux/files/home/forge/forgenet_recovery.sh
u0_a449  24912 24897  0  1970 pts/1    00:00:00 bash /data/data/com.termux/files/home/forge/forgeall.sh
u0_a449  24989 24912  0  1970 pts/1    00:00:00 bash /data/data/com.termux/files/home/forge/forgenet_recovery.sh
u0_a449  25006 24989  0  1970 pts/1    00:00:00 bash /data/data/com.termux/files/home/forge/forgeall.sh
u0_a449  25188 25006  0  1970 pts/1    00:00:00 bash /data/data/com.termux/files/home/forge/forgenet_recovery.sh
u0_a449  25203 25188  0  1970 pts/1    00:00:00 bash /data/data/com.termux/files/home/forge/forgeall.sh
u0_a449  25309 25203  0  1970 pts/1    00:00:00 bash /data/data/com.termux/files/home/forge/forgenet_recovery.sh
u0_a449  25324 25309  0  1970 pts/1    00:00:00 bash /data/data/com.termux/files/home/forge/forgeall.sh
u0_a449  25383 25324  0  1970 pts/1    00:00:00 bash /data/data/com.termux/files/home/forge/forgenet_recovery.sh
u0_a449  25400 25383  0  1970 pts/1    00:00:00 bash /data/data/com.termux/files/home/forge/forgeall.sh
u0_a449  25459 25400  0  1970 pts/1    00:00:00 bash /data/data/com.termux/files/home/forge/forgenet_recovery.sh
u0_a449  25474 25459  0  1970 pts/1    00:00:00 bash /data/data/com.termux/files/home/forge/forgeall.sh
u0_a449  25763 25474  0  1970 pts/1    00:00:00 bash /data/data/com.termux/files/home/forge/forgenet_recovery.sh
u0_a449  25778 25763  0  1970 pts/1    00:00:00 bash /data/data/com.termux/files/home/forge/forgeall.sh
u0_a449  25841 25778  0  1970 pts/1    00:00:00 bash /data/data/com.termux/files/home/forge/forgenet_recovery.sh
u0_a449  25856 25841  0  1970 pts/1    00:00:00 bash /data/data/com.termux/files/home/forge/forgeall.sh
u0_a449  25928 25856  0  1970 pts/1    00:00:00 bash /data/data/com.termux/files/home/forge/forgenet_recovery.sh
u0_a449  25943 25928  0  1970 pts/1    00:00:00 bash /data/data/com.termux/files/home/forge/forgeall.sh
u0_a449  26003 25943  0  1970 pts/1    00:00:00 bash /data/data/com.termux/files/home/forge/forgenet_recovery.sh
u0_a449  26020 26003  0  1970 pts/1    00:00:00 bash /data/data/com.termux/files/home/forge/forgeall.sh
u0_a449  26085 26020  0  1970 pts/1    00:00:00 bash /data/data/com.termux/files/home/forge/forgenet_recovery.sh
u0_a449  26104 26085  0  1970 pts/1    00:00:00 bash /data/data/com.termux/files/home/forge/forgeall.sh
u0_a449  26182 26104  0  1970 pts/1    00:00:00 bash /data/data/com.termux/files/home/forge/forgenet_recovery.sh
u0_a449  26197 26182  1  1970 pts/1    00:00:00 bash /data/data/com.termux/files/home/forge/forgeall.sh
u0_a449  26245 26197  0  1970 pts/1    00:00:00 tee -a /data/data/com.termux/files/home/forge/forgeall_master.log
u0_a449  29049     1  0  1970 ?        00:00:00 bash /data/data/com.termux/files/home/forge/forgenet_watchdog.sh
------------------------------------------------------------
📊 Logs located in: /data/data/com.termux/files/home/forge
🌐 Web UI: http://127.0.0.1:8080
============================================================
🩺 Checking system integrity...
============================================================
🔁 ForgeNet Recovery Run — 2026-01-05_120041
============================================================
✅ All essential components verified.
🚀 Relaunching ForgeAll Master Stack...
============================================================
🚀 ForgeAll Master Command Stack — 2026-01-05 12:00:41
============================================================
✅ Found: forgenet_overwatch_command.sh
✅ Found: forgenet_cognitive_loop.py
✅ Found: forgenet_guardian.sh
✅ Found: forgenet_mobile_ui.sh
✅ Found: forgenet_creativity_timeline.py
✅ Found: forgenet_decode_engine.py
🧩 Starting Cognitive Loop...
🛰️  Overwatch already running.
🛡️  Guardian already active.
💻 Mobile Web UI already active on port 8080.

============================================================
✅ Active Services Summary:
------------------------------------------------------------
u0_a449  20009     1  0  1970 ?        00:00:00 python /data/data/com.termux/files/home/forge/forgenet_autopilot_loop.py
u0_a449  20010     1  0  1970 ?        00:00:00 python /data/data/com.termux/files/home/forge/forgenet_autopilot_visual.py
u0_a449  24040     1  0  1970 pts/1    00:00:00 bash /data/data/com.termux/files/home/forge/forgenet_overwatch_command.sh
u0_a449  24045     1  0  1970 pts/1    00:00:00 bash /data/data/com.termux/files/home/forge/forgenet_guardian.sh
u0_a449  24056     1  0  1970 pts/1    00:00:00 bash /data/data/com.termux/files/home/forge/forgenet_mobile_ui.sh
u0_a449  24076 24056  0  1970 pts/1    00:00:00 tee -a /data/data/com.termux/files/home/forge/forgenet_mobile_ui.log
u0_a449  24082 24045  0  1970 pts/1    00:00:00 bash /data/data/com.termux/files/home/forge/forgenet_autocycle_publisher.sh
u0_a449  24526 24946  0  1970 pts/1    00:00:00 bash /data/data/com.termux/files/home/forge/forgeall.sh
u0_a449  24585 24526  0  1970 pts/1    00:00:00 bash /data/data/com.termux/files/home/forge/forgenet_recovery.sh
u0_a449  24600 24585  0  1970 pts/1    00:00:00 bash /data/data/com.termux/files/home/forge/forgeall.sh
u0_a449  24658 24600  0  1970 pts/1    00:00:00 bash /data/data/com.termux/files/home/forge/forgenet_recovery.sh
u0_a449  24674 24658  0  1970 pts/1    00:00:00 bash /data/data/com.termux/files/home/forge/forgeall.sh
u0_a449  24697     1  0  1970 pts/3    00:00:00 bash /data/data/com.termux/files/home/forge/ForgeNet_Restore_20260105_104652/forge/forgenet_watchdog.sh
u0_a449  24737 24674  0  1970 pts/1    00:00:00 bash /data/data/com.termux/files/home/forge/forgenet_recovery.sh
u0_a449  24752 24737  0  1970 pts/1    00:00:00 bash /data/data/com.termux/files/home/forge/forgeall.sh
u0_a449  24809 24752  0  1970 pts/1    00:00:00 bash /data/data/com.termux/files/home/forge/forgenet_recovery.sh
u0_a449  24824 24809  0  1970 pts/1    00:00:00 bash /data/data/com.termux/files/home/forge/forgeall.sh
u0_a449  24897 24824  0  1970 pts/1    00:00:00 bash /data/data/com.termux/files/home/forge/forgenet_recovery.sh
u0_a449  24912 24897  0  1970 pts/1    00:00:00 bash /data/data/com.termux/files/home/forge/forgeall.sh
u0_a449  24989 24912  0  1970 pts/1    00:00:00 bash /data/data/com.termux/files/home/forge/forgenet_recovery.sh
u0_a449  25006 24989  0  1970 pts/1    00:00:00 bash /data/data/com.termux/files/home/forge/forgeall.sh
u0_a449  25188 25006  0  1970 pts/1    00:00:00 bash /data/data/com.termux/files/home/forge/forgenet_recovery.sh
u0_a449  25203 25188  0  1970 pts/1    00:00:00 bash /data/data/com.termux/files/home/forge/forgeall.sh
u0_a449  25309 25203  0  1970 pts/1    00:00:00 bash /data/data/com.termux/files/home/forge/forgenet_recovery.sh
u0_a449  25324 25309  0  1970 pts/1    00:00:00 bash /data/data/com.termux/files/home/forge/forgeall.sh
u0_a449  25383 25324  0  1970 pts/1    00:00:00 bash /data/data/com.termux/files/home/forge/forgenet_recovery.sh
u0_a449  25400 25383  0  1970 pts/1    00:00:00 bash /data/data/com.termux/files/home/forge/forgeall.sh
u0_a449  25459 25400  0  1970 pts/1    00:00:00 bash /data/data/com.termux/files/home/forge/forgenet_recovery.sh
u0_a449  25474 25459  0  1970 pts/1    00:00:00 bash /data/data/com.termux/files/home/forge/forgeall.sh
u0_a449  25763 25474  0  1970 pts/1    00:00:00 bash /data/data/com.termux/files/home/forge/forgenet_recovery.sh
u0_a449  25778 25763  0  1970 pts/1    00:00:00 bash /data/data/com.termux/files/home/forge/forgeall.sh
u0_a449  25841 25778  0  1970 pts/1    00:00:00 bash /data/data/com.termux/files/home/forge/forgenet_recovery.sh
u0_a449  25856 25841  0  1970 pts/1    00:00:00 bash /data/data/com.termux/files/home/forge/forgeall.sh
u0_a449  25928 25856  0  1970 pts/1    00:00:00 bash /data/data/com.termux/files/home/forge/forgenet_recovery.sh
u0_a449  25943 25928  0  1970 pts/1    00:00:00 bash /data/data/com.termux/files/home/forge/forgeall.sh
u0_a449  26003 25943  0  1970 pts/1    00:00:00 bash /data/data/com.termux/files/home/forge/forgenet_recovery.sh
u0_a449  26020 26003  0  1970 pts/1    00:00:00 bash /data/data/com.termux/files/home/forge/forgeall.sh
u0_a449  26085 26020  0  1970 pts/1    00:00:00 bash /data/data/com.termux/files/home/forge/forgenet_recovery.sh
u0_a449  26104 26085  0  1970 pts/1    00:00:00 bash /data/data/com.termux/files/home/forge/forgeall.sh
u0_a449  26182 26104  0  1970 pts/1    00:00:00 bash /data/data/com.termux/files/home/forge/forgenet_recovery.sh
u0_a449  26197 26182  0  1970 pts/1    00:00:00 bash /data/data/com.termux/files/home/forge/forgeall.sh
u0_a449  26257 26197  0  1970 pts/1    00:00:00 bash /data/data/com.termux/files/home/forge/forgenet_recovery.sh
u0_a449  26272 26257  0  1970 pts/1    00:00:00 bash /data/data/com.termux/files/home/forge/forgeall.sh
u0_a449  26320 26272  1  1970 pts/1    00:00:00 tee -a /data/data/com.termux/files/home/forge/forgeall_master.log
u0_a449  29049     1  0  1970 ?        00:00:00 bash /data/data/com.termux/files/home/forge/forgenet_watchdog.sh
------------------------------------------------------------
📊 Logs located in: /data/data/com.termux/files/home/forge
🌐 Web UI: http://127.0.0.1:8080
============================================================
🩺 Checking system integrity...
============================================================
🔁 ForgeNet Recovery Run — 2026-01-05_120044
============================================================
✅ All essential components verified.
🚀 Relaunching ForgeAll Master Stack...
============================================================
🚀 ForgeAll Master Command Stack — 2026-01-05 12:00:44
============================================================
✅ Found: forgenet_overwatch_command.sh
✅ Found: forgenet_cognitive_loop.py
✅ Found: forgenet_guardian.sh
✅ Found: forgenet_mobile_ui.sh
✅ Found: forgenet_creativity_timeline.py
✅ Found: forgenet_decode_engine.py
🧩 Starting Cognitive Loop...
🛰️  Overwatch already running.
🛡️  Guardian already active.
💻 Mobile Web UI already active on port 8080.

============================================================
✅ Active Services Summary:
------------------------------------------------------------
u0_a449  20009     1  0  1970 ?        00:00:00 python /data/data/com.termux/files/home/forge/forgenet_autopilot_loop.py
u0_a449  20010     1  0  1970 ?        00:00:00 python /data/data/com.termux/files/home/forge/forgenet_autopilot_visual.py
u0_a449  24040     1  0  1970 pts/1    00:00:00 bash /data/data/com.termux/files/home/forge/forgenet_overwatch_command.sh
u0_a449  24045     1  0  1970 pts/1    00:00:00 bash /data/data/com.termux/files/home/forge/forgenet_guardian.sh
u0_a449  24056     1  0  1970 pts/1    00:00:00 bash /data/data/com.termux/files/home/forge/forgenet_mobile_ui.sh
u0_a449  24076 24056  0  1970 pts/1    00:00:00 tee -a /data/data/com.termux/files/home/forge/forgenet_mobile_ui.log
u0_a449  24082 24045  0  1970 pts/1    00:00:00 bash /data/data/com.termux/files/home/forge/forgenet_autocycle_publisher.sh
u0_a449  24526 24946  0  1970 pts/1    00:00:00 bash /data/data/com.termux/files/home/forge/forgeall.sh
u0_a449  24585 24526  0  1970 pts/1    00:00:00 bash /data/data/com.termux/files/home/forge/forgenet_recovery.sh
u0_a449  24600 24585  0  1970 pts/1    00:00:00 bash /data/data/com.termux/files/home/forge/forgeall.sh
u0_a449  24658 24600  0  1970 pts/1    00:00:00 bash /data/data/com.termux/files/home/forge/forgenet_recovery.sh
u0_a449  24674 24658  0  1970 pts/1    00:00:00 bash /data/data/com.termux/files/home/forge/forgeall.sh
u0_a449  24697     1  0  1970 pts/3    00:00:00 bash /data/data/com.termux/files/home/forge/ForgeNet_Restore_20260105_104652/forge/forgenet_watchdog.sh
u0_a449  24737 24674  0  1970 pts/1    00:00:00 bash /data/data/com.termux/files/home/forge/forgenet_recovery.sh
u0_a449  24752 24737  0  1970 pts/1    00:00:00 bash /data/data/com.termux/files/home/forge/forgeall.sh
u0_a449  24809 24752  0  1970 pts/1    00:00:00 bash /data/data/com.termux/files/home/forge/forgenet_recovery.sh
u0_a449  24824 24809  0  1970 pts/1    00:00:00 bash /data/data/com.termux/files/home/forge/forgeall.sh
u0_a449  24897 24824  0  1970 pts/1    00:00:00 bash /data/data/com.termux/files/home/forge/forgenet_recovery.sh
u0_a449  24912 24897  0  1970 pts/1    00:00:00 bash /data/data/com.termux/files/home/forge/forgeall.sh
u0_a449  24989 24912  0  1970 pts/1    00:00:00 bash /data/data/com.termux/files/home/forge/forgenet_recovery.sh
u0_a449  25006 24989  0  1970 pts/1    00:00:00 bash /data/data/com.termux/files/home/forge/forgeall.sh
u0_a449  25188 25006  0  1970 pts/1    00:00:00 bash /data/data/com.termux/files/home/forge/forgenet_recovery.sh
u0_a449  25203 25188  0  1970 pts/1    00:00:00 bash /data/data/com.termux/files/home/forge/forgeall.sh
u0_a449  25309 25203  0  1970 pts/1    00:00:00 bash /data/data/com.termux/files/home/forge/forgenet_recovery.sh
u0_a449  25324 25309  0  1970 pts/1    00:00:00 bash /data/data/com.termux/files/home/forge/forgeall.sh
u0_a449  25383 25324  0  1970 pts/1    00:00:00 bash /data/data/com.termux/files/home/forge/forgenet_recovery.sh
u0_a449  25400 25383  0  1970 pts/1    00:00:00 bash /data/data/com.termux/files/home/forge/forgeall.sh
u0_a449  25459 25400  0  1970 pts/1    00:00:00 bash /data/data/com.termux/files/home/forge/forgenet_recovery.sh
u0_a449  25474 25459  0  1970 pts/1    00:00:00 bash /data/data/com.termux/files/home/forge/forgeall.sh
u0_a449  25763 25474  0  1970 pts/1    00:00:00 bash /data/data/com.termux/files/home/forge/forgenet_recovery.sh
u0_a449  25778 25763  0  1970 pts/1    00:00:00 bash /data/data/com.termux/files/home/forge/forgeall.sh
u0_a449  25841 25778  0  1970 pts/1    00:00:00 bash /data/data/com.termux/files/home/forge/forgenet_recovery.sh
u0_a449  25856 25841  0  1970 pts/1    00:00:00 bash /data/data/com.termux/files/home/forge/forgeall.sh
u0_a449  25928 25856  0  1970 pts/1    00:00:00 bash /data/data/com.termux/files/home/forge/forgenet_recovery.sh
u0_a449  25943 25928  0  1970 pts/1    00:00:00 bash /data/data/com.termux/files/home/forge/forgeall.sh
u0_a449  26003 25943  0  1970 pts/1    00:00:00 bash /data/data/com.termux/files/home/forge/forgenet_recovery.sh
u0_a449  26020 26003  0  1970 pts/1    00:00:00 bash /data/data/com.termux/files/home/forge/forgeall.sh
u0_a449  26085 26020  0  1970 pts/1    00:00:00 bash /data/data/com.termux/files/home/forge/forgenet_recovery.sh
u0_a449  26104 26085  0  1970 pts/1    00:00:00 bash /data/data/com.termux/files/home/forge/forgeall.sh
u0_a449  26182 26104  0  1970 pts/1    00:00:00 bash /data/data/com.termux/files/home/forge/forgenet_recovery.sh
u0_a449  26197 26182  0  1970 pts/1    00:00:00 bash /data/data/com.termux/files/home/forge/forgeall.sh
u0_a449  26257 26197  0  1970 pts/1    00:00:00 bash /data/data/com.termux/files/home/forge/forgenet_recovery.sh
u0_a449  26272 26257  0  1970 pts/1    00:00:00 bash /data/data/com.termux/files/home/forge/forgeall.sh
u0_a449  26331 26272  0  1970 pts/1    00:00:00 bash /data/data/com.termux/files/home/forge/forgenet_recovery.sh
u0_a449  26346 26331  0  1970 pts/1    00:00:00 bash /data/data/com.termux/files/home/forge/forgeall.sh
u0_a449  26395 26346  1  1970 pts/1    00:00:00 tee -a /data/data/com.termux/files/home/forge/forgeall_master.log
u0_a449  29049     1  0  1970 ?        00:00:00 bash /data/data/com.termux/files/home/forge/forgenet_watchdog.sh
------------------------------------------------------------
📊 Logs located in: /data/data/com.termux/files/home/forge
🌐 Web UI: http://127.0.0.1:8080
============================================================
🩺 Checking system integrity...
============================================================
🔁 ForgeNet Recovery Run — 2026-01-05_120048
============================================================
✅ All essential components verified.
🚀 Relaunching ForgeAll Master Stack...
============================================================
🚀 ForgeAll Master Command Stack — 2026-01-05 12:00:48
============================================================
✅ Found: forgenet_overwatch_command.sh
✅ Found: forgenet_cognitive_loop.py
✅ Found: forgenet_guardian.sh
✅ Found: forgenet_mobile_ui.sh
✅ Found: forgenet_creativity_timeline.py
✅ Found: forgenet_decode_engine.py
🧩 Starting Cognitive Loop...
🛰️  Overwatch already running.
🛡️  Guardian already active.
💻 Mobile Web UI already active on port 8080.

============================================================
✅ Active Services Summary:
------------------------------------------------------------
u0_a449  20009     1  0  1970 ?        00:00:00 python /data/data/com.termux/files/home/forge/forgenet_autopilot_loop.py
u0_a449  20010     1  0  1970 ?        00:00:00 python /data/data/com.termux/files/home/forge/forgenet_autopilot_visual.py
u0_a449  24040     1  0  1970 pts/1    00:00:00 bash /data/data/com.termux/files/home/forge/forgenet_overwatch_command.sh
u0_a449  24045     1  0  1970 pts/1    00:00:00 bash /data/data/com.termux/files/home/forge/forgenet_guardian.sh
u0_a449  24056     1  0  1970 pts/1    00:00:00 bash /data/data/com.termux/files/home/forge/forgenet_mobile_ui.sh
u0_a449  24076 24056  0  1970 pts/1    00:00:00 tee -a /data/data/com.termux/files/home/forge/forgenet_mobile_ui.log
u0_a449  24082 24045  0  1970 pts/1    00:00:00 bash /data/data/com.termux/files/home/forge/forgenet_autocycle_publisher.sh
u0_a449  24526 24946  0  1970 pts/1    00:00:00 bash /data/data/com.termux/files/home/forge/forgeall.sh
u0_a449  24585 24526  0  1970 pts/1    00:00:00 bash /data/data/com.termux/files/home/forge/forgenet_recovery.sh
u0_a449  24600 24585  0  1970 pts/1    00:00:00 bash /data/data/com.termux/files/home/forge/forgeall.sh
u0_a449  24658 24600  0  1970 pts/1    00:00:00 bash /data/data/com.termux/files/home/forge/forgenet_recovery.sh
u0_a449  24674 24658  0  1970 pts/1    00:00:00 bash /data/data/com.termux/files/home/forge/forgeall.sh
u0_a449  24697     1  0  1970 pts/3    00:00:00 bash /data/data/com.termux/files/home/forge/ForgeNet_Restore_20260105_104652/forge/forgenet_watchdog.sh
u0_a449  24737 24674  0  1970 pts/1    00:00:00 bash /data/data/com.termux/files/home/forge/forgenet_recovery.sh
u0_a449  24752 24737  0  1970 pts/1    00:00:00 bash /data/data/com.termux/files/home/forge/forgeall.sh
u0_a449  24809 24752  0  1970 pts/1    00:00:00 bash /data/data/com.termux/files/home/forge/forgenet_recovery.sh
u0_a449  24824 24809  0  1970 pts/1    00:00:00 bash /data/data/com.termux/files/home/forge/forgeall.sh
u0_a449  24897 24824  0  1970 pts/1    00:00:00 bash /data/data/com.termux/files/home/forge/forgenet_recovery.sh
u0_a449  24912 24897  0  1970 pts/1    00:00:00 bash /data/data/com.termux/files/home/forge/forgeall.sh
u0_a449  24989 24912  0  1970 pts/1    00:00:00 bash /data/data/com.termux/files/home/forge/forgenet_recovery.sh
u0_a449  25006 24989  0  1970 pts/1    00:00:00 bash /data/data/com.termux/files/home/forge/forgeall.sh
u0_a449  25188 25006  0  1970 pts/1    00:00:00 bash /data/data/com.termux/files/home/forge/forgenet_recovery.sh
u0_a449  25203 25188  0  1970 pts/1    00:00:00 bash /data/data/com.termux/files/home/forge/forgeall.sh
u0_a449  25309 25203  0  1970 pts/1    00:00:00 bash /data/data/com.termux/files/home/forge/forgenet_recovery.sh
u0_a449  25324 25309  0  1970 pts/1    00:00:00 bash /data/data/com.termux/files/home/forge/forgeall.sh
u0_a449  25383 25324  0  1970 pts/1    00:00:00 bash /data/data/com.termux/files/home/forge/forgenet_recovery.sh
u0_a449  25400 25383  0  1970 pts/1    00:00:00 bash /data/data/com.termux/files/home/forge/forgeall.sh
u0_a449  25459 25400  0  1970 pts/1    00:00:00 bash /data/data/com.termux/files/home/forge/forgenet_recovery.sh
u0_a449  25474 25459  0  1970 pts/1    00:00:00 bash /data/data/com.termux/files/home/forge/forgeall.sh
u0_a449  25763 25474  0  1970 pts/1    00:00:00 bash /data/data/com.termux/files/home/forge/forgenet_recovery.sh
u0_a449  25778 25763  0  1970 pts/1    00:00:00 bash /data/data/com.termux/files/home/forge/forgeall.sh
u0_a449  25841 25778  0  1970 pts/1    00:00:00 bash /data/data/com.termux/files/home/forge/forgenet_recovery.sh
u0_a449  25856 25841  0  1970 pts/1    00:00:00 bash /data/data/com.termux/files/home/forge/forgeall.sh
u0_a449  25928 25856  0  1970 pts/1    00:00:00 bash /data/data/com.termux/files/home/forge/forgenet_recovery.sh
u0_a449  25943 25928  0  1970 pts/1    00:00:00 bash /data/data/com.termux/files/home/forge/forgeall.sh
u0_a449  26003 25943  0  1970 pts/1    00:00:00 bash /data/data/com.termux/files/home/forge/forgenet_recovery.sh
u0_a449  26020 26003  0  1970 pts/1    00:00:00 bash /data/data/com.termux/files/home/forge/forgeall.sh
u0_a449  26085 26020  0  1970 pts/1    00:00:00 bash /data/data/com.termux/files/home/forge/forgenet_recovery.sh
u0_a449  26104 26085  0  1970 pts/1    00:00:00 bash /data/data/com.termux/files/home/forge/forgeall.sh
u0_a449  26182 26104  0  1970 pts/1    00:00:00 bash /data/data/com.termux/files/home/forge/forgenet_recovery.sh
u0_a449  26197 26182  0  1970 pts/1    00:00:00 bash /data/data/com.termux/files/home/forge/forgeall.sh
u0_a449  26257 26197  0  1970 pts/1    00:00:00 bash /data/data/com.termux/files/home/forge/forgenet_recovery.sh
u0_a449  26272 26257  0  1970 pts/1    00:00:00 bash /data/data/com.termux/files/home/forge/forgeall.sh
u0_a449  26331 26272  0  1970 pts/1    00:00:00 bash /data/data/com.termux/files/home/forge/forgenet_recovery.sh
u0_a449  26346 26331  0  1970 pts/1    00:00:00 bash /data/data/com.termux/files/home/forge/forgeall.sh
u0_a449  26406 26346  0  1970 pts/1    00:00:00 bash /data/data/com.termux/files/home/forge/forgenet_recovery.sh
u0_a449  26423 26406  0  1970 pts/1    00:00:00 bash /data/data/com.termux/files/home/forge/forgeall.sh
u0_a449  26500 26423  1  1970 pts/1    00:00:00 tee -a /data/data/com.termux/files/home/forge/forgeall_master.log
u0_a449  29049     1  0  1970 ?        00:00:00 bash /data/data/com.termux/files/home/forge/forgenet_watchdog.sh
------------------------------------------------------------
📊 Logs located in: /data/data/com.termux/files/home/forge
🌐 Web UI: http://127.0.0.1:8080
============================================================
🩺 Checking system integrity...
============================================================
🔁 ForgeNet Recovery Run — 2026-01-05_120051
============================================================
✅ All essential components verified.
🚀 Relaunching ForgeAll Master Stack...
============================================================
🚀 ForgeAll Master Command Stack — 2026-01-05 12:00:51
============================================================
✅ Found: forgenet_overwatch_command.sh
✅ Found: forgenet_cognitive_loop.py
✅ Found: forgenet_guardian.sh
✅ Found: forgenet_mobile_ui.sh
✅ Found: forgenet_creativity_timeline.py
✅ Found: forgenet_decode_engine.py
🧩 Starting Cognitive Loop...
🛰️  Overwatch already running.
🛡️  Guardian already active.
💻 Mobile Web UI already active on port 8080.

============================================================
✅ Active Services Summary:
------------------------------------------------------------
u0_a449  20009     1  0  1970 ?        00:00:00 python /data/data/com.termux/files/home/forge/forgenet_autopilot_loop.py
u0_a449  20010     1  0  1970 ?        00:00:00 python /data/data/com.termux/files/home/forge/forgenet_autopilot_visual.py
u0_a449  24040     1  0  1970 pts/1    00:00:00 bash /data/data/com.termux/files/home/forge/forgenet_overwatch_command.sh
u0_a449  24045     1  0  1970 pts/1    00:00:00 bash /data/data/com.termux/files/home/forge/forgenet_guardian.sh
u0_a449  24056     1  0  1970 pts/1    00:00:00 bash /data/data/com.termux/files/home/forge/forgenet_mobile_ui.sh
u0_a449  24076 24056  0  1970 pts/1    00:00:00 tee -a /data/data/com.termux/files/home/forge/forgenet_mobile_ui.log
u0_a449  24082 24045  0  1970 pts/1    00:00:00 bash /data/data/com.termux/files/home/forge/forgenet_autocycle_publisher.sh
u0_a449  24526 24946  0  1970 pts/1    00:00:00 bash /data/data/com.termux/files/home/forge/forgeall.sh
u0_a449  24585 24526  0  1970 pts/1    00:00:00 bash /data/data/com.termux/files/home/forge/forgenet_recovery.sh
u0_a449  24600 24585  0  1970 pts/1    00:00:00 bash /data/data/com.termux/files/home/forge/forgeall.sh
u0_a449  24658 24600  0  1970 pts/1    00:00:00 bash /data/data/com.termux/files/home/forge/forgenet_recovery.sh
u0_a449  24674 24658  0  1970 pts/1    00:00:00 bash /data/data/com.termux/files/home/forge/forgeall.sh
u0_a449  24697     1  0  1970 pts/3    00:00:00 bash /data/data/com.termux/files/home/forge/ForgeNet_Restore_20260105_104652/forge/forgenet_watchdog.sh
u0_a449  24737 24674  0  1970 pts/1    00:00:00 bash /data/data/com.termux/files/home/forge/forgenet_recovery.sh
u0_a449  24752 24737  0  1970 pts/1    00:00:00 bash /data/data/com.termux/files/home/forge/forgeall.sh
u0_a449  24809 24752  0  1970 pts/1    00:00:00 bash /data/data/com.termux/files/home/forge/forgenet_recovery.sh
u0_a449  24824 24809  0  1970 pts/1    00:00:00 bash /data/data/com.termux/files/home/forge/forgeall.sh
u0_a449  24897 24824  0  1970 pts/1    00:00:00 bash /data/data/com.termux/files/home/forge/forgenet_recovery.sh
u0_a449  24912 24897  0  1970 pts/1    00:00:00 bash /data/data/com.termux/files/home/forge/forgeall.sh
u0_a449  24989 24912  0  1970 pts/1    00:00:00 bash /data/data/com.termux/files/home/forge/forgenet_recovery.sh
u0_a449  25006 24989  0  1970 pts/1    00:00:00 bash /data/data/com.termux/files/home/forge/forgeall.sh
u0_a449  25188 25006  0  1970 pts/1    00:00:00 bash /data/data/com.termux/files/home/forge/forgenet_recovery.sh
u0_a449  25203 25188  0  1970 pts/1    00:00:00 bash /data/data/com.termux/files/home/forge/forgeall.sh
u0_a449  25309 25203  0  1970 pts/1    00:00:00 bash /data/data/com.termux/files/home/forge/forgenet_recovery.sh
u0_a449  25324 25309  0  1970 pts/1    00:00:00 bash /data/data/com.termux/files/home/forge/forgeall.sh
u0_a449  25383 25324  0  1970 pts/1    00:00:00 bash /data/data/com.termux/files/home/forge/forgenet_recovery.sh
u0_a449  25400 25383  0  1970 pts/1    00:00:00 bash /data/data/com.termux/files/home/forge/forgeall.sh
u0_a449  25459 25400  0  1970 pts/1    00:00:00 bash /data/data/com.termux/files/home/forge/forgenet_recovery.sh
u0_a449  25474 25459  0  1970 pts/1    00:00:00 bash /data/data/com.termux/files/home/forge/forgeall.sh
u0_a449  25763 25474  0  1970 pts/1    00:00:00 bash /data/data/com.termux/files/home/forge/forgenet_recovery.sh
u0_a449  25778 25763  0  1970 pts/1    00:00:00 bash /data/data/com.termux/files/home/forge/forgeall.sh
u0_a449  25841 25778  0  1970 pts/1    00:00:00 bash /data/data/com.termux/files/home/forge/forgenet_recovery.sh
u0_a449  25856 25841  0  1970 pts/1    00:00:00 bash /data/data/com.termux/files/home/forge/forgeall.sh
u0_a449  25928 25856  0  1970 pts/1    00:00:00 bash /data/data/com.termux/files/home/forge/forgenet_recovery.sh
u0_a449  25943 25928  0  1970 pts/1    00:00:00 bash /data/data/com.termux/files/home/forge/forgeall.sh
u0_a449  26003 25943  0  1970 pts/1    00:00:00 bash /data/data/com.termux/files/home/forge/forgenet_recovery.sh
u0_a449  26020 26003  0  1970 pts/1    00:00:00 bash /data/data/com.termux/files/home/forge/forgeall.sh
u0_a449  26085 26020  0  1970 pts/1    00:00:00 bash /data/data/com.termux/files/home/forge/forgenet_recovery.sh
u0_a449  26104 26085  0  1970 pts/1    00:00:00 bash /data/data/com.termux/files/home/forge/forgeall.sh
u0_a449  26182 26104  0  1970 pts/1    00:00:00 bash /data/data/com.termux/files/home/forge/forgenet_recovery.sh
u0_a449  26197 26182  0  1970 pts/1    00:00:00 bash /data/data/com.termux/files/home/forge/forgeall.sh
u0_a449  26257 26197  0  1970 pts/1    00:00:00 bash /data/data/com.termux/files/home/forge/forgenet_recovery.sh
u0_a449  26272 26257  0  1970 pts/1    00:00:00 bash /data/data/com.termux/files/home/forge/forgeall.sh
u0_a449  26331 26272  0  1970 pts/1    00:00:00 bash /data/data/com.termux/files/home/forge/forgenet_recovery.sh
u0_a449  26346 26331  0  1970 pts/1    00:00:00 bash /data/data/com.termux/files/home/forge/forgeall.sh
u0_a449  26406 26346  0  1970 pts/1    00:00:00 bash /data/data/com.termux/files/home/forge/forgenet_recovery.sh
u0_a449  26423 26406  0  1970 pts/1    00:00:00 bash /data/data/com.termux/files/home/forge/forgeall.sh
u0_a449  26517 26423  0  1970 pts/1    00:00:00 bash /data/data/com.termux/files/home/forge/forgenet_recovery.sh
u0_a449  26532 26517  0  1970 pts/1    00:00:00 bash /data/data/com.termux/files/home/forge/forgeall.sh
u0_a449  26583 26532  1  1970 pts/1    00:00:00 tee -a /data/data/com.termux/files/home/forge/forgeall_master.log
u0_a449  29049     1  0  1970 ?        00:00:00 bash /data/data/com.termux/files/home/forge/forgenet_watchdog.sh
------------------------------------------------------------
📊 Logs located in: /data/data/com.termux/files/home/forge
🌐 Web UI: http://127.0.0.1:8080
============================================================
🩺 Checking system integrity...
============================================================
🔁 ForgeNet Recovery Run — 2026-01-05_120055
============================================================
✅ All essential components verified.
🚀 Relaunching ForgeAll Master Stack...
============================================================
🚀 ForgeAll Master Command Stack — 2026-01-05 12:00:55
============================================================
✅ Found: forgenet_overwatch_command.sh
✅ Found: forgenet_cognitive_loop.py
✅ Found: forgenet_guardian.sh
✅ Found: forgenet_mobile_ui.sh
✅ Found: forgenet_creativity_timeline.py
✅ Found: forgenet_decode_engine.py
🧩 Starting Cognitive Loop...
🛰️  Overwatch already running.
🛡️  Guardian already active.
💻 Mobile Web UI already active on port 8080.

============================================================
✅ Active Services Summary:
------------------------------------------------------------
u0_a449  20009     1  0  1970 ?        00:00:00 python /data/data/com.termux/files/home/forge/forgenet_autopilot_loop.py
u0_a449  20010     1  0  1970 ?        00:00:00 python /data/data/com.termux/files/home/forge/forgenet_autopilot_visual.py
u0_a449  24040     1  0  1970 pts/1    00:00:00 bash /data/data/com.termux/files/home/forge/forgenet_overwatch_command.sh
u0_a449  24045     1  0  1970 pts/1    00:00:00 bash /data/data/com.termux/files/home/forge/forgenet_guardian.sh
u0_a449  24056     1  0  1970 pts/1    00:00:00 bash /data/data/com.termux/files/home/forge/forgenet_mobile_ui.sh
u0_a449  24076 24056  0  1970 pts/1    00:00:00 tee -a /data/data/com.termux/files/home/forge/forgenet_mobile_ui.log
u0_a449  24082 24045  0  1970 pts/1    00:00:00 bash /data/data/com.termux/files/home/forge/forgenet_autocycle_publisher.sh
u0_a449  24526 24946  0  1970 pts/1    00:00:00 bash /data/data/com.termux/files/home/forge/forgeall.sh
u0_a449  24585 24526  0  1970 pts/1    00:00:00 bash /data/data/com.termux/files/home/forge/forgenet_recovery.sh
u0_a449  24600 24585  0  1970 pts/1    00:00:00 bash /data/data/com.termux/files/home/forge/forgeall.sh
u0_a449  24658 24600  0  1970 pts/1    00:00:00 bash /data/data/com.termux/files/home/forge/forgenet_recovery.sh
u0_a449  24674 24658  0  1970 pts/1    00:00:00 bash /data/data/com.termux/files/home/forge/forgeall.sh
u0_a449  24697     1  0  1970 pts/3    00:00:00 bash /data/data/com.termux/files/home/forge/ForgeNet_Restore_20260105_104652/forge/forgenet_watchdog.sh
u0_a449  24737 24674  0  1970 pts/1    00:00:00 bash /data/data/com.termux/files/home/forge/forgenet_recovery.sh
u0_a449  24752 24737  0  1970 pts/1    00:00:00 bash /data/data/com.termux/files/home/forge/forgeall.sh
u0_a449  24809 24752  0  1970 pts/1    00:00:00 bash /data/data/com.termux/files/home/forge/forgenet_recovery.sh
u0_a449  24824 24809  0  1970 pts/1    00:00:00 bash /data/data/com.termux/files/home/forge/forgeall.sh
u0_a449  24897 24824  0  1970 pts/1    00:00:00 bash /data/data/com.termux/files/home/forge/forgenet_recovery.sh
u0_a449  24912 24897  0  1970 pts/1    00:00:00 bash /data/data/com.termux/files/home/forge/forgeall.sh
u0_a449  24989 24912  0  1970 pts/1    00:00:00 bash /data/data/com.termux/files/home/forge/forgenet_recovery.sh
u0_a449  25006 24989  0  1970 pts/1    00:00:00 bash /data/data/com.termux/files/home/forge/forgeall.sh
u0_a449  25188 25006  0  1970 pts/1    00:00:00 bash /data/data/com.termux/files/home/forge/forgenet_recovery.sh
u0_a449  25203 25188  0  1970 pts/1    00:00:00 bash /data/data/com.termux/files/home/forge/forgeall.sh
u0_a449  25309 25203  0  1970 pts/1    00:00:00 bash /data/data/com.termux/files/home/forge/forgenet_recovery.sh
u0_a449  25324 25309  0  1970 pts/1    00:00:00 bash /data/data/com.termux/files/home/forge/forgeall.sh
u0_a449  25383 25324  0  1970 pts/1    00:00:00 bash /data/data/com.termux/files/home/forge/forgenet_recovery.sh
u0_a449  25400 25383  0  1970 pts/1    00:00:00 bash /data/data/com.termux/files/home/forge/forgeall.sh
u0_a449  25459 25400  0  1970 pts/1    00:00:00 bash /data/data/com.termux/files/home/forge/forgenet_recovery.sh
u0_a449  25474 25459  0  1970 pts/1    00:00:00 bash /data/data/com.termux/files/home/forge/forgeall.sh
u0_a449  25763 25474  0  1970 pts/1    00:00:00 bash /data/data/com.termux/files/home/forge/forgenet_recovery.sh
u0_a449  25778 25763  0  1970 pts/1    00:00:00 bash /data/data/com.termux/files/home/forge/forgeall.sh
u0_a449  25841 25778  0  1970 pts/1    00:00:00 bash /data/data/com.termux/files/home/forge/forgenet_recovery.sh
u0_a449  25856 25841  0  1970 pts/1    00:00:00 bash /data/data/com.termux/files/home/forge/forgeall.sh
u0_a449  25928 25856  0  1970 pts/1    00:00:00 bash /data/data/com.termux/files/home/forge/forgenet_recovery.sh
u0_a449  25943 25928  0  1970 pts/1    00:00:00 bash /data/data/com.termux/files/home/forge/forgeall.sh
u0_a449  26003 25943  0  1970 pts/1    00:00:00 bash /data/data/com.termux/files/home/forge/forgenet_recovery.sh
u0_a449  26020 26003  0  1970 pts/1    00:00:00 bash /data/data/com.termux/files/home/forge/forgeall.sh
u0_a449  26085 26020  0  1970 pts/1    00:00:00 bash /data/data/com.termux/files/home/forge/forgenet_recovery.sh
u0_a449  26104 26085  0  1970 pts/1    00:00:00 bash /data/data/com.termux/files/home/forge/forgeall.sh
u0_a449  26182 26104  0  1970 pts/1    00:00:00 bash /data/data/com.termux/files/home/forge/forgenet_recovery.sh
u0_a449  26197 26182  0  1970 pts/1    00:00:00 bash /data/data/com.termux/files/home/forge/forgeall.sh
u0_a449  26257 26197  0  1970 pts/1    00:00:00 bash /data/data/com.termux/files/home/forge/forgenet_recovery.sh
u0_a449  26272 26257  0  1970 pts/1    00:00:00 bash /data/data/com.termux/files/home/forge/forgeall.sh
u0_a449  26331 26272  0  1970 pts/1    00:00:00 bash /data/data/com.termux/files/home/forge/forgenet_recovery.sh
u0_a449  26346 26331  0  1970 pts/1    00:00:00 bash /data/data/com.termux/files/home/forge/forgeall.sh
u0_a449  26406 26346  0  1970 pts/1    00:00:00 bash /data/data/com.termux/files/home/forge/forgenet_recovery.sh
u0_a449  26423 26406  0  1970 pts/1    00:00:00 bash /data/data/com.termux/files/home/forge/forgeall.sh
u0_a449  26517 26423  0  1970 pts/1    00:00:00 bash /data/data/com.termux/files/home/forge/forgenet_recovery.sh
u0_a449  26532 26517  0  1970 pts/1    00:00:00 bash /data/data/com.termux/files/home/forge/forgeall.sh
u0_a449  26595 26532  0  1970 pts/1    00:00:00 bash /data/data/com.termux/files/home/forge/forgenet_recovery.sh
u0_a449  26610 26595  0  1970 pts/1    00:00:00 bash /data/data/com.termux/files/home/forge/forgeall.sh
u0_a449  26662 26610  0  1970 pts/1    00:00:00 tee -a /data/data/com.termux/files/home/forge/forgeall_master.log
u0_a449  29049     1  0  1970 ?        00:00:00 bash /data/data/com.termux/files/home/forge/forgenet_watchdog.sh
------------------------------------------------------------
📊 Logs located in: /data/data/com.termux/files/home/forge
🌐 Web UI: http://127.0.0.1:8080
============================================================
🩺 Checking system integrity...
============================================================
🔁 ForgeNet Recovery Run — 2026-01-05_120058
============================================================
✅ All essential components verified.
🚀 Relaunching ForgeAll Master Stack...
============================================================
🚀 ForgeAll Master Command Stack — 2026-01-05 12:00:58
============================================================
✅ Found: forgenet_overwatch_command.sh
✅ Found: forgenet_cognitive_loop.py
✅ Found: forgenet_guardian.sh
✅ Found: forgenet_mobile_ui.sh
✅ Found: forgenet_creativity_timeline.py
✅ Found: forgenet_decode_engine.py
🧩 Starting Cognitive Loop...
🛰️  Overwatch already running.
🛡️  Guardian already active.
💻 Mobile Web UI already active on port 8080.

============================================================
✅ Active Services Summary:
------------------------------------------------------------
u0_a449  20009     1  0  1970 ?        00:00:00 python /data/data/com.termux/files/home/forge/forgenet_autopilot_loop.py
u0_a449  20010     1  0  1970 ?        00:00:00 python /data/data/com.termux/files/home/forge/forgenet_autopilot_visual.py
u0_a449  24040     1  0  1970 pts/1    00:00:00 bash /data/data/com.termux/files/home/forge/forgenet_overwatch_command.sh
u0_a449  24045     1  0  1970 pts/1    00:00:00 bash /data/data/com.termux/files/home/forge/forgenet_guardian.sh
u0_a449  24056     1  0  1970 pts/1    00:00:00 bash /data/data/com.termux/files/home/forge/forgenet_mobile_ui.sh
u0_a449  24076 24056  0  1970 pts/1    00:00:00 tee -a /data/data/com.termux/files/home/forge/forgenet_mobile_ui.log
u0_a449  24082 24045  0  1970 pts/1    00:00:00 bash /data/data/com.termux/files/home/forge/forgenet_autocycle_publisher.sh
u0_a449  24526 24946  0  1970 pts/1    00:00:00 bash /data/data/com.termux/files/home/forge/forgeall.sh
u0_a449  24585 24526  0  1970 pts/1    00:00:00 bash /data/data/com.termux/files/home/forge/forgenet_recovery.sh
u0_a449  24600 24585  0  1970 pts/1    00:00:00 bash /data/data/com.termux/files/home/forge/forgeall.sh
u0_a449  24658 24600  0  1970 pts/1    00:00:00 bash /data/data/com.termux/files/home/forge/forgenet_recovery.sh
u0_a449  24674 24658  0  1970 pts/1    00:00:00 bash /data/data/com.termux/files/home/forge/forgeall.sh
u0_a449  24697     1  0  1970 pts/3    00:00:00 bash /data/data/com.termux/files/home/forge/ForgeNet_Restore_20260105_104652/forge/forgenet_watchdog.sh
u0_a449  24737 24674  0  1970 pts/1    00:00:00 bash /data/data/com.termux/files/home/forge/forgenet_recovery.sh
u0_a449  24752 24737  0  1970 pts/1    00:00:00 bash /data/data/com.termux/files/home/forge/forgeall.sh
u0_a449  24809 24752  0  1970 pts/1    00:00:00 bash /data/data/com.termux/files/home/forge/forgenet_recovery.sh
u0_a449  24824 24809  0  1970 pts/1    00:00:00 bash /data/data/com.termux/files/home/forge/forgeall.sh
u0_a449  24897 24824  0  1970 pts/1    00:00:00 bash /data/data/com.termux/files/home/forge/forgenet_recovery.sh
u0_a449  24912 24897  0  1970 pts/1    00:00:00 bash /data/data/com.termux/files/home/forge/forgeall.sh
u0_a449  24989 24912  0  1970 pts/1    00:00:00 bash /data/data/com.termux/files/home/forge/forgenet_recovery.sh
u0_a449  25006 24989  0  1970 pts/1    00:00:00 bash /data/data/com.termux/files/home/forge/forgeall.sh
u0_a449  25188 25006  0  1970 pts/1    00:00:00 bash /data/data/com.termux/files/home/forge/forgenet_recovery.sh
u0_a449  25203 25188  0  1970 pts/1    00:00:00 bash /data/data/com.termux/files/home/forge/forgeall.sh
u0_a449  25309 25203  0  1970 pts/1    00:00:00 bash /data/data/com.termux/files/home/forge/forgenet_recovery.sh
u0_a449  25324 25309  0  1970 pts/1    00:00:00 bash /data/data/com.termux/files/home/forge/forgeall.sh
u0_a449  25383 25324  0  1970 pts/1    00:00:00 bash /data/data/com.termux/files/home/forge/forgenet_recovery.sh
u0_a449  25400 25383  0  1970 pts/1    00:00:00 bash /data/data/com.termux/files/home/forge/forgeall.sh
u0_a449  25459 25400  0  1970 pts/1    00:00:00 bash /data/data/com.termux/files/home/forge/forgenet_recovery.sh
u0_a449  25474 25459  0  1970 pts/1    00:00:00 bash /data/data/com.termux/files/home/forge/forgeall.sh
u0_a449  25763 25474  0  1970 pts/1    00:00:00 bash /data/data/com.termux/files/home/forge/forgenet_recovery.sh
u0_a449  25778 25763  0  1970 pts/1    00:00:00 bash /data/data/com.termux/files/home/forge/forgeall.sh
u0_a449  25841 25778  0  1970 pts/1    00:00:00 bash /data/data/com.termux/files/home/forge/forgenet_recovery.sh
u0_a449  25856 25841  0  1970 pts/1    00:00:00 bash /data/data/com.termux/files/home/forge/forgeall.sh
u0_a449  25928 25856  0  1970 pts/1    00:00:00 bash /data/data/com.termux/files/home/forge/forgenet_recovery.sh
u0_a449  25943 25928  0  1970 pts/1    00:00:00 bash /data/data/com.termux/files/home/forge/forgeall.sh
u0_a449  26003 25943  0  1970 pts/1    00:00:00 bash /data/data/com.termux/files/home/forge/forgenet_recovery.sh
u0_a449  26020 26003  0  1970 pts/1    00:00:00 bash /data/data/com.termux/files/home/forge/forgeall.sh
u0_a449  26085 26020  0  1970 pts/1    00:00:00 bash /data/data/com.termux/files/home/forge/forgenet_recovery.sh
u0_a449  26104 26085  0  1970 pts/1    00:00:00 bash /data/data/com.termux/files/home/forge/forgeall.sh
u0_a449  26182 26104  0  1970 pts/1    00:00:00 bash /data/data/com.termux/files/home/forge/forgenet_recovery.sh
u0_a449  26197 26182  0  1970 pts/1    00:00:00 bash /data/data/com.termux/files/home/forge/forgeall.sh
u0_a449  26257 26197  0  1970 pts/1    00:00:00 bash /data/data/com.termux/files/home/forge/forgenet_recovery.sh
u0_a449  26272 26257  0  1970 pts/1    00:00:00 bash /data/data/com.termux/files/home/forge/forgeall.sh
u0_a449  26331 26272  0  1970 pts/1    00:00:00 bash /data/data/com.termux/files/home/forge/forgenet_recovery.sh
u0_a449  26346 26331  0  1970 pts/1    00:00:00 bash /data/data/com.termux/files/home/forge/forgeall.sh
u0_a449  26406 26346  0  1970 pts/1    00:00:00 bash /data/data/com.termux/files/home/forge/forgenet_recovery.sh
u0_a449  26423 26406  0  1970 pts/1    00:00:00 bash /data/data/com.termux/files/home/forge/forgeall.sh
u0_a449  26517 26423  0  1970 pts/1    00:00:00 bash /data/data/com.termux/files/home/forge/forgenet_recovery.sh
u0_a449  26532 26517  0  1970 pts/1    00:00:00 bash /data/data/com.termux/files/home/forge/forgeall.sh
u0_a449  26595 26532  0  1970 pts/1    00:00:00 bash /data/data/com.termux/files/home/forge/forgenet_recovery.sh
u0_a449  26610 26595  0  1970 pts/1    00:00:00 bash /data/data/com.termux/files/home/forge/forgeall.sh
u0_a449  26673 26610  0  1970 pts/1    00:00:00 bash /data/data/com.termux/files/home/forge/forgenet_recovery.sh
u0_a449  26689 26673  1  1970 pts/1    00:00:00 bash /data/data/com.termux/files/home/forge/forgeall.sh
u0_a449  26738 26689  1  1970 pts/1    00:00:00 tee -a /data/data/com.termux/files/home/forge/forgeall_master.log
u0_a449  29049     1  0  1970 ?        00:00:00 bash /data/data/com.termux/files/home/forge/forgenet_watchdog.sh
------------------------------------------------------------
📊 Logs located in: /data/data/com.termux/files/home/forge
🌐 Web UI: http://127.0.0.1:8080
============================================================
🩺 Checking system integrity...
============================================================
🔁 ForgeNet Recovery Run — 2026-01-05_120102
============================================================
✅ All essential components verified.
🚀 Relaunching ForgeAll Master Stack...
============================================================
🚀 ForgeAll Master Command Stack — 2026-01-05 12:01:02
============================================================
✅ Found: forgenet_overwatch_command.sh
✅ Found: forgenet_cognitive_loop.py
✅ Found: forgenet_guardian.sh
✅ Found: forgenet_mobile_ui.sh
✅ Found: forgenet_creativity_timeline.py
✅ Found: forgenet_decode_engine.py
🧩 Starting Cognitive Loop...
🛰️  Overwatch already running.
🛡️  Guardian already active.
💻 Mobile Web UI already active on port 8080.

============================================================
✅ Active Services Summary:
------------------------------------------------------------
u0_a449  20009     1  0  1970 ?        00:00:00 python /data/data/com.termux/files/home/forge/forgenet_autopilot_loop.py
u0_a449  20010     1  0  1970 ?        00:00:00 python /data/data/com.termux/files/home/forge/forgenet_autopilot_visual.py
u0_a449  24040     1  0  1970 pts/1    00:00:00 bash /data/data/com.termux/files/home/forge/forgenet_overwatch_command.sh
u0_a449  24045     1  0  1970 pts/1    00:00:00 bash /data/data/com.termux/files/home/forge/forgenet_guardian.sh
u0_a449  24056     1  0  1970 pts/1    00:00:00 bash /data/data/com.termux/files/home/forge/forgenet_mobile_ui.sh
u0_a449  24076 24056  0  1970 pts/1    00:00:00 tee -a /data/data/com.termux/files/home/forge/forgenet_mobile_ui.log
u0_a449  24082 24045  0  1970 pts/1    00:00:00 bash /data/data/com.termux/files/home/forge/forgenet_autocycle_publisher.sh
u0_a449  24526 24946  0  1970 pts/1    00:00:00 bash /data/data/com.termux/files/home/forge/forgeall.sh
u0_a449  24585 24526  0  1970 pts/1    00:00:00 bash /data/data/com.termux/files/home/forge/forgenet_recovery.sh
u0_a449  24600 24585  0  1970 pts/1    00:00:00 bash /data/data/com.termux/files/home/forge/forgeall.sh
u0_a449  24658 24600  0  1970 pts/1    00:00:00 bash /data/data/com.termux/files/home/forge/forgenet_recovery.sh
u0_a449  24674 24658  0  1970 pts/1    00:00:00 bash /data/data/com.termux/files/home/forge/forgeall.sh
u0_a449  24697     1  0  1970 pts/3    00:00:00 bash /data/data/com.termux/files/home/forge/ForgeNet_Restore_20260105_104652/forge/forgenet_watchdog.sh
u0_a449  24737 24674  0  1970 pts/1    00:00:00 bash /data/data/com.termux/files/home/forge/forgenet_recovery.sh
u0_a449  24752 24737  0  1970 pts/1    00:00:00 bash /data/data/com.termux/files/home/forge/forgeall.sh
u0_a449  24809 24752  0  1970 pts/1    00:00:00 bash /data/data/com.termux/files/home/forge/forgenet_recovery.sh
u0_a449  24824 24809  0  1970 pts/1    00:00:00 bash /data/data/com.termux/files/home/forge/forgeall.sh
u0_a449  24897 24824  0  1970 pts/1    00:00:00 bash /data/data/com.termux/files/home/forge/forgenet_recovery.sh
u0_a449  24912 24897  0  1970 pts/1    00:00:00 bash /data/data/com.termux/files/home/forge/forgeall.sh
u0_a449  24989 24912  0  1970 pts/1    00:00:00 bash /data/data/com.termux/files/home/forge/forgenet_recovery.sh
u0_a449  25006 24989  0  1970 pts/1    00:00:00 bash /data/data/com.termux/files/home/forge/forgeall.sh
u0_a449  25188 25006  0  1970 pts/1    00:00:00 bash /data/data/com.termux/files/home/forge/forgenet_recovery.sh
u0_a449  25203 25188  0  1970 pts/1    00:00:00 bash /data/data/com.termux/files/home/forge/forgeall.sh
u0_a449  25309 25203  0  1970 pts/1    00:00:00 bash /data/data/com.termux/files/home/forge/forgenet_recovery.sh
u0_a449  25324 25309  0  1970 pts/1    00:00:00 bash /data/data/com.termux/files/home/forge/forgeall.sh
u0_a449  25383 25324  0  1970 pts/1    00:00:00 bash /data/data/com.termux/files/home/forge/forgenet_recovery.sh
u0_a449  25400 25383  0  1970 pts/1    00:00:00 bash /data/data/com.termux/files/home/forge/forgeall.sh
u0_a449  25459 25400  0  1970 pts/1    00:00:00 bash /data/data/com.termux/files/home/forge/forgenet_recovery.sh
u0_a449  25474 25459  0  1970 pts/1    00:00:00 bash /data/data/com.termux/files/home/forge/forgeall.sh
u0_a449  25763 25474  0  1970 pts/1    00:00:00 bash /data/data/com.termux/files/home/forge/forgenet_recovery.sh
u0_a449  25778 25763  0  1970 pts/1    00:00:00 bash /data/data/com.termux/files/home/forge/forgeall.sh
u0_a449  25841 25778  0  1970 pts/1    00:00:00 bash /data/data/com.termux/files/home/forge/forgenet_recovery.sh
u0_a449  25856 25841  0  1970 pts/1    00:00:00 bash /data/data/com.termux/files/home/forge/forgeall.sh
u0_a449  25928 25856  0  1970 pts/1    00:00:00 bash /data/data/com.termux/files/home/forge/forgenet_recovery.sh
u0_a449  25943 25928  0  1970 pts/1    00:00:00 bash /data/data/com.termux/files/home/forge/forgeall.sh
u0_a449  26003 25943  0  1970 pts/1    00:00:00 bash /data/data/com.termux/files/home/forge/forgenet_recovery.sh
u0_a449  26020 26003  0  1970 pts/1    00:00:00 bash /data/data/com.termux/files/home/forge/forgeall.sh
u0_a449  26085 26020  0  1970 pts/1    00:00:00 bash /data/data/com.termux/files/home/forge/forgenet_recovery.sh
u0_a449  26104 26085  0  1970 pts/1    00:00:00 bash /data/data/com.termux/files/home/forge/forgeall.sh
u0_a449  26182 26104  0  1970 pts/1    00:00:00 bash /data/data/com.termux/files/home/forge/forgenet_recovery.sh
u0_a449  26197 26182  0  1970 pts/1    00:00:00 bash /data/data/com.termux/files/home/forge/forgeall.sh
u0_a449  26257 26197  0  1970 pts/1    00:00:00 bash /data/data/com.termux/files/home/forge/forgenet_recovery.sh
u0_a449  26272 26257  0  1970 pts/1    00:00:00 bash /data/data/com.termux/files/home/forge/forgeall.sh
u0_a449  26331 26272  0  1970 pts/1    00:00:00 bash /data/data/com.termux/files/home/forge/forgenet_recovery.sh
u0_a449  26346 26331  0  1970 pts/1    00:00:00 bash /data/data/com.termux/files/home/forge/forgeall.sh
u0_a449  26406 26346  0  1970 pts/1    00:00:00 bash /data/data/com.termux/files/home/forge/forgenet_recovery.sh
u0_a449  26423 26406  0  1970 pts/1    00:00:00 bash /data/data/com.termux/files/home/forge/forgeall.sh
u0_a449  26517 26423  0  1970 pts/1    00:00:00 bash /data/data/com.termux/files/home/forge/forgenet_recovery.sh
u0_a449  26532 26517  0  1970 pts/1    00:00:00 bash /data/data/com.termux/files/home/forge/forgeall.sh
u0_a449  26595 26532  0  1970 pts/1    00:00:00 bash /data/data/com.termux/files/home/forge/forgenet_recovery.sh
u0_a449  26610 26595  0  1970 pts/1    00:00:00 bash /data/data/com.termux/files/home/forge/forgeall.sh
u0_a449  26673 26610  0  1970 pts/1    00:00:00 bash /data/data/com.termux/files/home/forge/forgenet_recovery.sh
u0_a449  26689 26673  0  1970 pts/1    00:00:00 bash /data/data/com.termux/files/home/forge/forgeall.sh
u0_a449  26749 26689  0  1970 pts/1    00:00:00 bash /data/data/com.termux/files/home/forge/forgenet_recovery.sh
u0_a449  26765 26749  0  1970 pts/1    00:00:00 bash /data/data/com.termux/files/home/forge/forgeall.sh
u0_a449  26838 26765  1  1970 pts/1    00:00:00 tee -a /data/data/com.termux/files/home/forge/forgeall_master.log
u0_a449  29049     1  0  1970 ?        00:00:00 bash /data/data/com.termux/files/home/forge/forgenet_watchdog.sh
------------------------------------------------------------
📊 Logs located in: /data/data/com.termux/files/home/forge
🌐 Web UI: http://127.0.0.1:8080
============================================================
🩺 Checking system integrity...
============================================================
🔁 ForgeNet Recovery Run — 2026-01-05_120105
============================================================
✅ All essential components verified.
🚀 Relaunching ForgeAll Master Stack...
============================================================
🚀 ForgeAll Master Command Stack — 2026-01-05 12:01:05
============================================================
✅ Found: forgenet_overwatch_command.sh
✅ Found: forgenet_cognitive_loop.py
✅ Found: forgenet_guardian.sh
✅ Found: forgenet_mobile_ui.sh
✅ Found: forgenet_creativity_timeline.py
✅ Found: forgenet_decode_engine.py
🧩 Starting Cognitive Loop...
🛰️  Overwatch already running.
🛡️  Guardian already active.
💻 Mobile Web UI already active on port 8080.

============================================================
✅ Active Services Summary:
------------------------------------------------------------
u0_a449  20009     1  0  1970 ?        00:00:00 python /data/data/com.termux/files/home/forge/forgenet_autopilot_loop.py
u0_a449  20010     1  0  1970 ?        00:00:00 python /data/data/com.termux/files/home/forge/forgenet_autopilot_visual.py
u0_a449  24040     1  0  1970 pts/1    00:00:00 bash /data/data/com.termux/files/home/forge/forgenet_overwatch_command.sh
u0_a449  24045     1  0  1970 pts/1    00:00:00 bash /data/data/com.termux/files/home/forge/forgenet_guardian.sh
u0_a449  24056     1  0  1970 pts/1    00:00:00 bash /data/data/com.termux/files/home/forge/forgenet_mobile_ui.sh
u0_a449  24076 24056  0  1970 pts/1    00:00:00 tee -a /data/data/com.termux/files/home/forge/forgenet_mobile_ui.log
u0_a449  24082 24045  0  1970 pts/1    00:00:00 bash /data/data/com.termux/files/home/forge/forgenet_autocycle_publisher.sh
u0_a449  24526 24946  0  1970 pts/1    00:00:00 bash /data/data/com.termux/files/home/forge/forgeall.sh
u0_a449  24585 24526  0  1970 pts/1    00:00:00 bash /data/data/com.termux/files/home/forge/forgenet_recovery.sh
u0_a449  24600 24585  0  1970 pts/1    00:00:00 bash /data/data/com.termux/files/home/forge/forgeall.sh
u0_a449  24658 24600  0  1970 pts/1    00:00:00 bash /data/data/com.termux/files/home/forge/forgenet_recovery.sh
u0_a449  24674 24658  0  1970 pts/1    00:00:00 bash /data/data/com.termux/files/home/forge/forgeall.sh
u0_a449  24697     1  0  1970 pts/3    00:00:00 bash /data/data/com.termux/files/home/forge/ForgeNet_Restore_20260105_104652/forge/forgenet_watchdog.sh
u0_a449  24737 24674  0  1970 pts/1    00:00:00 bash /data/data/com.termux/files/home/forge/forgenet_recovery.sh
u0_a449  24752 24737  0  1970 pts/1    00:00:00 bash /data/data/com.termux/files/home/forge/forgeall.sh
u0_a449  24809 24752  0  1970 pts/1    00:00:00 bash /data/data/com.termux/files/home/forge/forgenet_recovery.sh
u0_a449  24824 24809  0  1970 pts/1    00:00:00 bash /data/data/com.termux/files/home/forge/forgeall.sh
u0_a449  24897 24824  0  1970 pts/1    00:00:00 bash /data/data/com.termux/files/home/forge/forgenet_recovery.sh
u0_a449  24912 24897  0  1970 pts/1    00:00:00 bash /data/data/com.termux/files/home/forge/forgeall.sh
u0_a449  24989 24912  0  1970 pts/1    00:00:00 bash /data/data/com.termux/files/home/forge/forgenet_recovery.sh
u0_a449  25006 24989  0  1970 pts/1    00:00:00 bash /data/data/com.termux/files/home/forge/forgeall.sh
u0_a449  25188 25006  0  1970 pts/1    00:00:00 bash /data/data/com.termux/files/home/forge/forgenet_recovery.sh
u0_a449  25203 25188  0  1970 pts/1    00:00:00 bash /data/data/com.termux/files/home/forge/forgeall.sh
u0_a449  25309 25203  0  1970 pts/1    00:00:00 bash /data/data/com.termux/files/home/forge/forgenet_recovery.sh
u0_a449  25324 25309  0  1970 pts/1    00:00:00 bash /data/data/com.termux/files/home/forge/forgeall.sh
u0_a449  25383 25324  0  1970 pts/1    00:00:00 bash /data/data/com.termux/files/home/forge/forgenet_recovery.sh
u0_a449  25400 25383  0  1970 pts/1    00:00:00 bash /data/data/com.termux/files/home/forge/forgeall.sh
u0_a449  25459 25400  0  1970 pts/1    00:00:00 bash /data/data/com.termux/files/home/forge/forgenet_recovery.sh
u0_a449  25474 25459  0  1970 pts/1    00:00:00 bash /data/data/com.termux/files/home/forge/forgeall.sh
u0_a449  25763 25474  0  1970 pts/1    00:00:00 bash /data/data/com.termux/files/home/forge/forgenet_recovery.sh
u0_a449  25778 25763  0  1970 pts/1    00:00:00 bash /data/data/com.termux/files/home/forge/forgeall.sh
u0_a449  25841 25778  0  1970 pts/1    00:00:00 bash /data/data/com.termux/files/home/forge/forgenet_recovery.sh
u0_a449  25856 25841  0  1970 pts/1    00:00:00 bash /data/data/com.termux/files/home/forge/forgeall.sh
u0_a449  25928 25856  0  1970 pts/1    00:00:00 bash /data/data/com.termux/files/home/forge/forgenet_recovery.sh
u0_a449  25943 25928  0  1970 pts/1    00:00:00 bash /data/data/com.termux/files/home/forge/forgeall.sh
u0_a449  26003 25943  0  1970 pts/1    00:00:00 bash /data/data/com.termux/files/home/forge/forgenet_recovery.sh
u0_a449  26020 26003  0  1970 pts/1    00:00:00 bash /data/data/com.termux/files/home/forge/forgeall.sh
u0_a449  26085 26020  0  1970 pts/1    00:00:00 bash /data/data/com.termux/files/home/forge/forgenet_recovery.sh
u0_a449  26104 26085  0  1970 pts/1    00:00:00 bash /data/data/com.termux/files/home/forge/forgeall.sh
u0_a449  26182 26104  0  1970 pts/1    00:00:00 bash /data/data/com.termux/files/home/forge/forgenet_recovery.sh
u0_a449  26197 26182  0  1970 pts/1    00:00:00 bash /data/data/com.termux/files/home/forge/forgeall.sh
u0_a449  26257 26197  0  1970 pts/1    00:00:00 bash /data/data/com.termux/files/home/forge/forgenet_recovery.sh
u0_a449  26272 26257  0  1970 pts/1    00:00:00 bash /data/data/com.termux/files/home/forge/forgeall.sh
u0_a449  26331 26272  0  1970 pts/1    00:00:00 bash /data/data/com.termux/files/home/forge/forgenet_recovery.sh
u0_a449  26346 26331  0  1970 pts/1    00:00:00 bash /data/data/com.termux/files/home/forge/forgeall.sh
u0_a449  26406 26346  0  1970 pts/1    00:00:00 bash /data/data/com.termux/files/home/forge/forgenet_recovery.sh
u0_a449  26423 26406  0  1970 pts/1    00:00:00 bash /data/data/com.termux/files/home/forge/forgeall.sh
u0_a449  26517 26423  0  1970 pts/1    00:00:00 bash /data/data/com.termux/files/home/forge/forgenet_recovery.sh
u0_a449  26532 26517  0  1970 pts/1    00:00:00 bash /data/data/com.termux/files/home/forge/forgeall.sh
u0_a449  26595 26532  0  1970 pts/1    00:00:00 bash /data/data/com.termux/files/home/forge/forgenet_recovery.sh
u0_a449  26610 26595  0  1970 pts/1    00:00:00 bash /data/data/com.termux/files/home/forge/forgeall.sh
u0_a449  26673 26610  0  1970 pts/1    00:00:00 bash /data/data/com.termux/files/home/forge/forgenet_recovery.sh
u0_a449  26689 26673  0  1970 pts/1    00:00:00 bash /data/data/com.termux/files/home/forge/forgeall.sh
u0_a449  26749 26689  0  1970 pts/1    00:00:00 bash /data/data/com.termux/files/home/forge/forgenet_recovery.sh
u0_a449  26765 26749  0  1970 pts/1    00:00:00 bash /data/data/com.termux/files/home/forge/forgeall.sh
u0_a449  26849 26765  0  1970 pts/1    00:00:00 bash /data/data/com.termux/files/home/forge/forgenet_recovery.sh
u0_a449  26864 26849  1  1970 pts/1    00:00:00 bash /data/data/com.termux/files/home/forge/forgeall.sh
u0_a449  26950 26864  1  1970 pts/1    00:00:00 tee -a /data/data/com.termux/files/home/forge/forgeall_master.log
u0_a449  29049     1  0  1970 ?        00:00:00 bash /data/data/com.termux/files/home/forge/forgenet_watchdog.sh
------------------------------------------------------------
📊 Logs located in: /data/data/com.termux/files/home/forge
🌐 Web UI: http://127.0.0.1:8080
============================================================
🩺 Checking system integrity...
============================================================
🔁 ForgeNet Recovery Run — 2026-01-05_120109
============================================================
✅ All essential components verified.
🚀 Relaunching ForgeAll Master Stack...
============================================================
🚀 ForgeAll Master Command Stack — 2026-01-05 12:01:09
============================================================
✅ Found: forgenet_overwatch_command.sh
✅ Found: forgenet_cognitive_loop.py
✅ Found: forgenet_guardian.sh
✅ Found: forgenet_mobile_ui.sh
✅ Found: forgenet_creativity_timeline.py
✅ Found: forgenet_decode_engine.py
🧩 Starting Cognitive Loop...
🛰️  Overwatch already running.
🛡️  Guardian already active.
💻 Mobile Web UI already active on port 8080.

============================================================
✅ Active Services Summary:
------------------------------------------------------------
u0_a449  20009     1  0  1970 ?        00:00:00 python /data/data/com.termux/files/home/forge/forgenet_autopilot_loop.py
u0_a449  20010     1  0  1970 ?        00:00:00 python /data/data/com.termux/files/home/forge/forgenet_autopilot_visual.py
u0_a449  24040     1  0  1970 pts/1    00:00:00 bash /data/data/com.termux/files/home/forge/forgenet_overwatch_command.sh
u0_a449  24045     1  0  1970 pts/1    00:00:00 bash /data/data/com.termux/files/home/forge/forgenet_guardian.sh
u0_a449  24056     1  0  1970 pts/1    00:00:00 bash /data/data/com.termux/files/home/forge/forgenet_mobile_ui.sh
u0_a449  24076 24056  0  1970 pts/1    00:00:00 tee -a /data/data/com.termux/files/home/forge/forgenet_mobile_ui.log
u0_a449  24082 24045  0  1970 pts/1    00:00:00 bash /data/data/com.termux/files/home/forge/forgenet_autocycle_publisher.sh
u0_a449  24526 24946  0  1970 pts/1    00:00:00 bash /data/data/com.termux/files/home/forge/forgeall.sh
u0_a449  24585 24526  0  1970 pts/1    00:00:00 bash /data/data/com.termux/files/home/forge/forgenet_recovery.sh
u0_a449  24600 24585  0  1970 pts/1    00:00:00 bash /data/data/com.termux/files/home/forge/forgeall.sh
u0_a449  24658 24600  0  1970 pts/1    00:00:00 bash /data/data/com.termux/files/home/forge/forgenet_recovery.sh
u0_a449  24674 24658  0  1970 pts/1    00:00:00 bash /data/data/com.termux/files/home/forge/forgeall.sh
u0_a449  24697     1  0  1970 pts/3    00:00:00 bash /data/data/com.termux/files/home/forge/ForgeNet_Restore_20260105_104652/forge/forgenet_watchdog.sh
u0_a449  24737 24674  0  1970 pts/1    00:00:00 bash /data/data/com.termux/files/home/forge/forgenet_recovery.sh
u0_a449  24752 24737  0  1970 pts/1    00:00:00 bash /data/data/com.termux/files/home/forge/forgeall.sh
u0_a449  24809 24752  0  1970 pts/1    00:00:00 bash /data/data/com.termux/files/home/forge/forgenet_recovery.sh
u0_a449  24824 24809  0  1970 pts/1    00:00:00 bash /data/data/com.termux/files/home/forge/forgeall.sh
u0_a449  24897 24824  0  1970 pts/1    00:00:00 bash /data/data/com.termux/files/home/forge/forgenet_recovery.sh
u0_a449  24912 24897  0  1970 pts/1    00:00:00 bash /data/data/com.termux/files/home/forge/forgeall.sh
u0_a449  24989 24912  0  1970 pts/1    00:00:00 bash /data/data/com.termux/files/home/forge/forgenet_recovery.sh
u0_a449  25006 24989  0  1970 pts/1    00:00:00 bash /data/data/com.termux/files/home/forge/forgeall.sh
u0_a449  25188 25006  0  1970 pts/1    00:00:00 bash /data/data/com.termux/files/home/forge/forgenet_recovery.sh
u0_a449  25203 25188  0  1970 pts/1    00:00:00 bash /data/data/com.termux/files/home/forge/forgeall.sh
u0_a449  25309 25203  0  1970 pts/1    00:00:00 bash /data/data/com.termux/files/home/forge/forgenet_recovery.sh
u0_a449  25324 25309  0  1970 pts/1    00:00:00 bash /data/data/com.termux/files/home/forge/forgeall.sh
u0_a449  25383 25324  0  1970 pts/1    00:00:00 bash /data/data/com.termux/files/home/forge/forgenet_recovery.sh
u0_a449  25400 25383  0  1970 pts/1    00:00:00 bash /data/data/com.termux/files/home/forge/forgeall.sh
u0_a449  25459 25400  0  1970 pts/1    00:00:00 bash /data/data/com.termux/files/home/forge/forgenet_recovery.sh
u0_a449  25474 25459  0  1970 pts/1    00:00:00 bash /data/data/com.termux/files/home/forge/forgeall.sh
u0_a449  25763 25474  0  1970 pts/1    00:00:00 bash /data/data/com.termux/files/home/forge/forgenet_recovery.sh
u0_a449  25778 25763  0  1970 pts/1    00:00:00 bash /data/data/com.termux/files/home/forge/forgeall.sh
u0_a449  25841 25778  0  1970 pts/1    00:00:00 bash /data/data/com.termux/files/home/forge/forgenet_recovery.sh
u0_a449  25856 25841  0  1970 pts/1    00:00:00 bash /data/data/com.termux/files/home/forge/forgeall.sh
u0_a449  25928 25856  0  1970 pts/1    00:00:00 bash /data/data/com.termux/files/home/forge/forgenet_recovery.sh
u0_a449  25943 25928  0  1970 pts/1    00:00:00 bash /data/data/com.termux/files/home/forge/forgeall.sh
u0_a449  26003 25943  0  1970 pts/1    00:00:00 bash /data/data/com.termux/files/home/forge/forgenet_recovery.sh
u0_a449  26020 26003  0  1970 pts/1    00:00:00 bash /data/data/com.termux/files/home/forge/forgeall.sh
u0_a449  26085 26020  0  1970 pts/1    00:00:00 bash /data/data/com.termux/files/home/forge/forgenet_recovery.sh
u0_a449  26104 26085  0  1970 pts/1    00:00:00 bash /data/data/com.termux/files/home/forge/forgeall.sh
u0_a449  26182 26104  0  1970 pts/1    00:00:00 bash /data/data/com.termux/files/home/forge/forgenet_recovery.sh
u0_a449  26197 26182  0  1970 pts/1    00:00:00 bash /data/data/com.termux/files/home/forge/forgeall.sh
u0_a449  26257 26197  0  1970 pts/1    00:00:00 bash /data/data/com.termux/files/home/forge/forgenet_recovery.sh
u0_a449  26272 26257  0  1970 pts/1    00:00:00 bash /data/data/com.termux/files/home/forge/forgeall.sh
u0_a449  26331 26272  0  1970 pts/1    00:00:00 bash /data/data/com.termux/files/home/forge/forgenet_recovery.sh
u0_a449  26346 26331  0  1970 pts/1    00:00:00 bash /data/data/com.termux/files/home/forge/forgeall.sh
u0_a449  26406 26346  0  1970 pts/1    00:00:00 bash /data/data/com.termux/files/home/forge/forgenet_recovery.sh
u0_a449  26423 26406  0  1970 pts/1    00:00:00 bash /data/data/com.termux/files/home/forge/forgeall.sh
u0_a449  26517 26423  0  1970 pts/1    00:00:00 bash /data/data/com.termux/files/home/forge/forgenet_recovery.sh
u0_a449  26532 26517  0  1970 pts/1    00:00:00 bash /data/data/com.termux/files/home/forge/forgeall.sh
u0_a449  26595 26532  0  1970 pts/1    00:00:00 bash /data/data/com.termux/files/home/forge/forgenet_recovery.sh
u0_a449  26610 26595  0  1970 pts/1    00:00:00 bash /data/data/com.termux/files/home/forge/forgeall.sh
u0_a449  26673 26610  0  1970 pts/1    00:00:00 bash /data/data/com.termux/files/home/forge/forgenet_recovery.sh
u0_a449  26689 26673  0  1970 pts/1    00:00:00 bash /data/data/com.termux/files/home/forge/forgeall.sh
u0_a449  26749 26689  0  1970 pts/1    00:00:00 bash /data/data/com.termux/files/home/forge/forgenet_recovery.sh
u0_a449  26765 26749  0  1970 pts/1    00:00:00 bash /data/data/com.termux/files/home/forge/forgeall.sh
u0_a449  26849 26765  0  1970 pts/1    00:00:00 bash /data/data/com.termux/files/home/forge/forgenet_recovery.sh
u0_a449  26864 26849  0  1970 pts/1    00:00:00 bash /data/data/com.termux/files/home/forge/forgeall.sh
u0_a449  26961 26864  0  1970 pts/1    00:00:00 bash /data/data/com.termux/files/home/forge/forgenet_recovery.sh
u0_a449  26976 26961  1  1970 pts/1    00:00:00 bash /data/data/com.termux/files/home/forge/forgeall.sh
u0_a449  27110 26976  0  1970 pts/1    00:00:00 tee -a /data/data/com.termux/files/home/forge/forgeall_master.log
u0_a449  29049     1  0  1970 ?        00:00:01 bash /data/data/com.termux/files/home/forge/forgenet_watchdog.sh
------------------------------------------------------------
📊 Logs located in: /data/data/com.termux/files/home/forge
🌐 Web UI: http://127.0.0.1:8080
============================================================
🩺 Checking system integrity...
============================================================
🔁 ForgeNet Recovery Run — 2026-01-05_120113
============================================================
✅ All essential components verified.
🚀 Relaunching ForgeAll Master Stack...
============================================================
🚀 ForgeAll Master Command Stack — 2026-01-05 12:01:13
============================================================
✅ Found: forgenet_overwatch_command.sh
✅ Found: forgenet_cognitive_loop.py
✅ Found: forgenet_guardian.sh
✅ Found: forgenet_mobile_ui.sh
✅ Found: forgenet_creativity_timeline.py
✅ Found: forgenet_decode_engine.py
🧩 Starting Cognitive Loop...
🛰️  Overwatch already running.
🛡️  Guardian already active.
💻 Mobile Web UI already active on port 8080.

============================================================
✅ Active Services Summary:
------------------------------------------------------------
u0_a449  20009     1  0  1970 ?        00:00:00 python /data/data/com.termux/files/home/forge/forgenet_autopilot_loop.py
u0_a449  20010     1  0  1970 ?        00:00:00 python /data/data/com.termux/files/home/forge/forgenet_autopilot_visual.py
u0_a449  24040     1  0  1970 pts/1    00:00:00 bash /data/data/com.termux/files/home/forge/forgenet_overwatch_command.sh
u0_a449  24045     1  0  1970 pts/1    00:00:00 bash /data/data/com.termux/files/home/forge/forgenet_guardian.sh
u0_a449  24056     1  0  1970 pts/1    00:00:00 bash /data/data/com.termux/files/home/forge/forgenet_mobile_ui.sh
u0_a449  24076 24056  0  1970 pts/1    00:00:00 tee -a /data/data/com.termux/files/home/forge/forgenet_mobile_ui.log
u0_a449  24082 24045  0  1970 pts/1    00:00:00 bash /data/data/com.termux/files/home/forge/forgenet_autocycle_publisher.sh
u0_a449  24526 24946  0  1970 pts/1    00:00:00 bash /data/data/com.termux/files/home/forge/forgeall.sh
u0_a449  24585 24526  0  1970 pts/1    00:00:00 bash /data/data/com.termux/files/home/forge/forgenet_recovery.sh
u0_a449  24600 24585  0  1970 pts/1    00:00:00 bash /data/data/com.termux/files/home/forge/forgeall.sh
u0_a449  24658 24600  0  1970 pts/1    00:00:00 bash /data/data/com.termux/files/home/forge/forgenet_recovery.sh
u0_a449  24674 24658  0  1970 pts/1    00:00:00 bash /data/data/com.termux/files/home/forge/forgeall.sh
u0_a449  24697     1  0  1970 pts/3    00:00:00 bash /data/data/com.termux/files/home/forge/ForgeNet_Restore_20260105_104652/forge/forgenet_watchdog.sh
u0_a449  24737 24674  0  1970 pts/1    00:00:00 bash /data/data/com.termux/files/home/forge/forgenet_recovery.sh
u0_a449  24752 24737  0  1970 pts/1    00:00:00 bash /data/data/com.termux/files/home/forge/forgeall.sh
u0_a449  24809 24752  0  1970 pts/1    00:00:00 bash /data/data/com.termux/files/home/forge/forgenet_recovery.sh
u0_a449  24824 24809  0  1970 pts/1    00:00:00 bash /data/data/com.termux/files/home/forge/forgeall.sh
u0_a449  24897 24824  0  1970 pts/1    00:00:00 bash /data/data/com.termux/files/home/forge/forgenet_recovery.sh
u0_a449  24912 24897  0  1970 pts/1    00:00:00 bash /data/data/com.termux/files/home/forge/forgeall.sh
u0_a449  24989 24912  0  1970 pts/1    00:00:00 bash /data/data/com.termux/files/home/forge/forgenet_recovery.sh
u0_a449  25006 24989  0  1970 pts/1    00:00:00 bash /data/data/com.termux/files/home/forge/forgeall.sh
u0_a449  25188 25006  0  1970 pts/1    00:00:00 bash /data/data/com.termux/files/home/forge/forgenet_recovery.sh
u0_a449  25203 25188  0  1970 pts/1    00:00:00 bash /data/data/com.termux/files/home/forge/forgeall.sh
u0_a449  25309 25203  0  1970 pts/1    00:00:00 bash /data/data/com.termux/files/home/forge/forgenet_recovery.sh
u0_a449  25324 25309  0  1970 pts/1    00:00:00 bash /data/data/com.termux/files/home/forge/forgeall.sh
u0_a449  25383 25324  0  1970 pts/1    00:00:00 bash /data/data/com.termux/files/home/forge/forgenet_recovery.sh
u0_a449  25400 25383  0  1970 pts/1    00:00:00 bash /data/data/com.termux/files/home/forge/forgeall.sh
u0_a449  25459 25400  0  1970 pts/1    00:00:00 bash /data/data/com.termux/files/home/forge/forgenet_recovery.sh
u0_a449  25474 25459  0  1970 pts/1    00:00:00 bash /data/data/com.termux/files/home/forge/forgeall.sh
u0_a449  25763 25474  0  1970 pts/1    00:00:00 bash /data/data/com.termux/files/home/forge/forgenet_recovery.sh
u0_a449  25778 25763  0  1970 pts/1    00:00:00 bash /data/data/com.termux/files/home/forge/forgeall.sh
u0_a449  25841 25778  0  1970 pts/1    00:00:00 bash /data/data/com.termux/files/home/forge/forgenet_recovery.sh
u0_a449  25856 25841  0  1970 pts/1    00:00:00 bash /data/data/com.termux/files/home/forge/forgeall.sh
u0_a449  25928 25856  0  1970 pts/1    00:00:00 bash /data/data/com.termux/files/home/forge/forgenet_recovery.sh
u0_a449  25943 25928  0  1970 pts/1    00:00:00 bash /data/data/com.termux/files/home/forge/forgeall.sh
u0_a449  26003 25943  0  1970 pts/1    00:00:00 bash /data/data/com.termux/files/home/forge/forgenet_recovery.sh
u0_a449  26020 26003  0  1970 pts/1    00:00:00 bash /data/data/com.termux/files/home/forge/forgeall.sh
u0_a449  26085 26020  0  1970 pts/1    00:00:00 bash /data/data/com.termux/files/home/forge/forgenet_recovery.sh
u0_a449  26104 26085  0  1970 pts/1    00:00:00 bash /data/data/com.termux/files/home/forge/forgeall.sh
u0_a449  26182 26104  0  1970 pts/1    00:00:00 bash /data/data/com.termux/files/home/forge/forgenet_recovery.sh
u0_a449  26197 26182  0  1970 pts/1    00:00:00 bash /data/data/com.termux/files/home/forge/forgeall.sh
u0_a449  26257 26197  0  1970 pts/1    00:00:00 bash /data/data/com.termux/files/home/forge/forgenet_recovery.sh
u0_a449  26272 26257  0  1970 pts/1    00:00:00 bash /data/data/com.termux/files/home/forge/forgeall.sh
u0_a449  26331 26272  0  1970 pts/1    00:00:00 bash /data/data/com.termux/files/home/forge/forgenet_recovery.sh
u0_a449  26346 26331  0  1970 pts/1    00:00:00 bash /data/data/com.termux/files/home/forge/forgeall.sh
u0_a449  26406 26346  0  1970 pts/1    00:00:00 bash /data/data/com.termux/files/home/forge/forgenet_recovery.sh
u0_a449  26423 26406  0  1970 pts/1    00:00:00 bash /data/data/com.termux/files/home/forge/forgeall.sh
u0_a449  26517 26423  0  1970 pts/1    00:00:00 bash /data/data/com.termux/files/home/forge/forgenet_recovery.sh
u0_a449  26532 26517  0  1970 pts/1    00:00:00 bash /data/data/com.termux/files/home/forge/forgeall.sh
u0_a449  26595 26532  0  1970 pts/1    00:00:00 bash /data/data/com.termux/files/home/forge/forgenet_recovery.sh
u0_a449  26610 26595  0  1970 pts/1    00:00:00 bash /data/data/com.termux/files/home/forge/forgeall.sh
u0_a449  26673 26610  0  1970 pts/1    00:00:00 bash /data/data/com.termux/files/home/forge/forgenet_recovery.sh
u0_a449  26689 26673  0  1970 pts/1    00:00:00 bash /data/data/com.termux/files/home/forge/forgeall.sh
u0_a449  26749 26689  0  1970 pts/1    00:00:00 bash /data/data/com.termux/files/home/forge/forgenet_recovery.sh
u0_a449  26765 26749  0  1970 pts/1    00:00:00 bash /data/data/com.termux/files/home/forge/forgeall.sh
u0_a449  26849 26765  0  1970 pts/1    00:00:00 bash /data/data/com.termux/files/home/forge/forgenet_recovery.sh
u0_a449  26864 26849  0  1970 pts/1    00:00:00 bash /data/data/com.termux/files/home/forge/forgeall.sh
u0_a449  26961 26864  0  1970 pts/1    00:00:00 bash /data/data/com.termux/files/home/forge/forgenet_recovery.sh
u0_a449  26976 26961  0  1970 pts/1    00:00:00 bash /data/data/com.termux/files/home/forge/forgeall.sh
u0_a449  27123 26976  0  1970 pts/1    00:00:00 bash /data/data/com.termux/files/home/forge/forgenet_recovery.sh
u0_a449  27143 27123  0  1970 pts/1    00:00:00 bash /data/data/com.termux/files/home/forge/forgeall.sh
u0_a449  27225 27143  1  1970 pts/1    00:00:00 tee -a /data/data/com.termux/files/home/forge/forgeall_master.log
u0_a449  29049     1  0  1970 ?        00:00:01 bash /data/data/com.termux/files/home/forge/forgenet_watchdog.sh
------------------------------------------------------------
📊 Logs located in: /data/data/com.termux/files/home/forge
🌐 Web UI: http://127.0.0.1:8080
============================================================
🩺 Checking system integrity...
============================================================
🔁 ForgeNet Recovery Run — 2026-01-05_120116
============================================================
✅ All essential components verified.
🚀 Relaunching ForgeAll Master Stack...
============================================================
🚀 ForgeAll Master Command Stack — 2026-01-05 12:01:16
============================================================
✅ Found: forgenet_overwatch_command.sh
✅ Found: forgenet_cognitive_loop.py
✅ Found: forgenet_guardian.sh
✅ Found: forgenet_mobile_ui.sh
✅ Found: forgenet_creativity_timeline.py
✅ Found: forgenet_decode_engine.py
🧩 Starting Cognitive Loop...
🛰️  Overwatch already running.
🛡️  Guardian already active.
💻 Mobile Web UI already active on port 8080.

============================================================
✅ Active Services Summary:
------------------------------------------------------------
u0_a449  20009     1  0  1970 ?        00:00:00 python /data/data/com.termux/files/home/forge/forgenet_autopilot_loop.py
u0_a449  20010     1  0  1970 ?        00:00:00 python /data/data/com.termux/files/home/forge/forgenet_autopilot_visual.py
u0_a449  24040     1  0  1970 pts/1    00:00:00 bash /data/data/com.termux/files/home/forge/forgenet_overwatch_command.sh
u0_a449  24045     1  0  1970 pts/1    00:00:00 bash /data/data/com.termux/files/home/forge/forgenet_guardian.sh
u0_a449  24056     1  0  1970 pts/1    00:00:00 bash /data/data/com.termux/files/home/forge/forgenet_mobile_ui.sh
u0_a449  24076 24056  0  1970 pts/1    00:00:00 tee -a /data/data/com.termux/files/home/forge/forgenet_mobile_ui.log
u0_a449  24082 24045  0  1970 pts/1    00:00:00 bash /data/data/com.termux/files/home/forge/forgenet_autocycle_publisher.sh
u0_a449  24526 24946  0  1970 pts/1    00:00:00 bash /data/data/com.termux/files/home/forge/forgeall.sh
u0_a449  24585 24526  0  1970 pts/1    00:00:00 bash /data/data/com.termux/files/home/forge/forgenet_recovery.sh
u0_a449  24600 24585  0  1970 pts/1    00:00:00 bash /data/data/com.termux/files/home/forge/forgeall.sh
u0_a449  24658 24600  0  1970 pts/1    00:00:00 bash /data/data/com.termux/files/home/forge/forgenet_recovery.sh
u0_a449  24674 24658  0  1970 pts/1    00:00:00 bash /data/data/com.termux/files/home/forge/forgeall.sh
u0_a449  24697     1  0  1970 pts/3    00:00:00 bash /data/data/com.termux/files/home/forge/ForgeNet_Restore_20260105_104652/forge/forgenet_watchdog.sh
u0_a449  24737 24674  0  1970 pts/1    00:00:00 bash /data/data/com.termux/files/home/forge/forgenet_recovery.sh
u0_a449  24752 24737  0  1970 pts/1    00:00:00 bash /data/data/com.termux/files/home/forge/forgeall.sh
u0_a449  24809 24752  0  1970 pts/1    00:00:00 bash /data/data/com.termux/files/home/forge/forgenet_recovery.sh
u0_a449  24824 24809  0  1970 pts/1    00:00:00 bash /data/data/com.termux/files/home/forge/forgeall.sh
u0_a449  24897 24824  0  1970 pts/1    00:00:00 bash /data/data/com.termux/files/home/forge/forgenet_recovery.sh
u0_a449  24912 24897  0  1970 pts/1    00:00:00 bash /data/data/com.termux/files/home/forge/forgeall.sh
u0_a449  24989 24912  0  1970 pts/1    00:00:00 bash /data/data/com.termux/files/home/forge/forgenet_recovery.sh
u0_a449  25006 24989  0  1970 pts/1    00:00:00 bash /data/data/com.termux/files/home/forge/forgeall.sh
u0_a449  25188 25006  0  1970 pts/1    00:00:00 bash /data/data/com.termux/files/home/forge/forgenet_recovery.sh
u0_a449  25203 25188  0  1970 pts/1    00:00:00 bash /data/data/com.termux/files/home/forge/forgeall.sh
u0_a449  25309 25203  0  1970 pts/1    00:00:00 bash /data/data/com.termux/files/home/forge/forgenet_recovery.sh
u0_a449  25324 25309  0  1970 pts/1    00:00:00 bash /data/data/com.termux/files/home/forge/forgeall.sh
u0_a449  25383 25324  0  1970 pts/1    00:00:00 bash /data/data/com.termux/files/home/forge/forgenet_recovery.sh
u0_a449  25400 25383  0  1970 pts/1    00:00:00 bash /data/data/com.termux/files/home/forge/forgeall.sh
u0_a449  25459 25400  0  1970 pts/1    00:00:00 bash /data/data/com.termux/files/home/forge/forgenet_recovery.sh
u0_a449  25474 25459  0  1970 pts/1    00:00:00 bash /data/data/com.termux/files/home/forge/forgeall.sh
u0_a449  25763 25474  0  1970 pts/1    00:00:00 bash /data/data/com.termux/files/home/forge/forgenet_recovery.sh
u0_a449  25778 25763  0  1970 pts/1    00:00:00 bash /data/data/com.termux/files/home/forge/forgeall.sh
u0_a449  25841 25778  0  1970 pts/1    00:00:00 bash /data/data/com.termux/files/home/forge/forgenet_recovery.sh
u0_a449  25856 25841  0  1970 pts/1    00:00:00 bash /data/data/com.termux/files/home/forge/forgeall.sh
u0_a449  25928 25856  0  1970 pts/1    00:00:00 bash /data/data/com.termux/files/home/forge/forgenet_recovery.sh
u0_a449  25943 25928  0  1970 pts/1    00:00:00 bash /data/data/com.termux/files/home/forge/forgeall.sh
u0_a449  26003 25943  0  1970 pts/1    00:00:00 bash /data/data/com.termux/files/home/forge/forgenet_recovery.sh
u0_a449  26020 26003  0  1970 pts/1    00:00:00 bash /data/data/com.termux/files/home/forge/forgeall.sh
u0_a449  26085 26020  0  1970 pts/1    00:00:00 bash /data/data/com.termux/files/home/forge/forgenet_recovery.sh
u0_a449  26104 26085  0  1970 pts/1    00:00:00 bash /data/data/com.termux/files/home/forge/forgeall.sh
u0_a449  26182 26104  0  1970 pts/1    00:00:00 bash /data/data/com.termux/files/home/forge/forgenet_recovery.sh
u0_a449  26197 26182  0  1970 pts/1    00:00:00 bash /data/data/com.termux/files/home/forge/forgeall.sh
u0_a449  26257 26197  0  1970 pts/1    00:00:00 bash /data/data/com.termux/files/home/forge/forgenet_recovery.sh
u0_a449  26272 26257  0  1970 pts/1    00:00:00 bash /data/data/com.termux/files/home/forge/forgeall.sh
u0_a449  26331 26272  0  1970 pts/1    00:00:00 bash /data/data/com.termux/files/home/forge/forgenet_recovery.sh
u0_a449  26346 26331  0  1970 pts/1    00:00:00 bash /data/data/com.termux/files/home/forge/forgeall.sh
u0_a449  26406 26346  0  1970 pts/1    00:00:00 bash /data/data/com.termux/files/home/forge/forgenet_recovery.sh
u0_a449  26423 26406  0  1970 pts/1    00:00:00 bash /data/data/com.termux/files/home/forge/forgeall.sh
u0_a449  26517 26423  0  1970 pts/1    00:00:00 bash /data/data/com.termux/files/home/forge/forgenet_recovery.sh
u0_a449  26532 26517  0  1970 pts/1    00:00:00 bash /data/data/com.termux/files/home/forge/forgeall.sh
u0_a449  26595 26532  0  1970 pts/1    00:00:00 bash /data/data/com.termux/files/home/forge/forgenet_recovery.sh
u0_a449  26610 26595  0  1970 pts/1    00:00:00 bash /data/data/com.termux/files/home/forge/forgeall.sh
u0_a449  26673 26610  0  1970 pts/1    00:00:00 bash /data/data/com.termux/files/home/forge/forgenet_recovery.sh
u0_a449  26689 26673  0  1970 pts/1    00:00:00 bash /data/data/com.termux/files/home/forge/forgeall.sh
u0_a449  26749 26689  0  1970 pts/1    00:00:00 bash /data/data/com.termux/files/home/forge/forgenet_recovery.sh
u0_a449  26765 26749  0  1970 pts/1    00:00:00 bash /data/data/com.termux/files/home/forge/forgeall.sh
u0_a449  26849 26765  0  1970 pts/1    00:00:00 bash /data/data/com.termux/files/home/forge/forgenet_recovery.sh
u0_a449  26864 26849  0  1970 pts/1    00:00:00 bash /data/data/com.termux/files/home/forge/forgeall.sh
u0_a449  26961 26864  0  1970 pts/1    00:00:00 bash /data/data/com.termux/files/home/forge/forgenet_recovery.sh
u0_a449  26976 26961  0  1970 pts/1    00:00:00 bash /data/data/com.termux/files/home/forge/forgeall.sh
u0_a449  27123 26976  0  1970 pts/1    00:00:00 bash /data/data/com.termux/files/home/forge/forgenet_recovery.sh
u0_a449  27143 27123  0  1970 pts/1    00:00:00 bash /data/data/com.termux/files/home/forge/forgeall.sh
u0_a449  27236 27143  0  1970 pts/1    00:00:00 bash /data/data/com.termux/files/home/forge/forgenet_recovery.sh
u0_a449  27252 27236  1  1970 pts/1    00:00:00 bash /data/data/com.termux/files/home/forge/forgeall.sh
u0_a449  27342 27252  0  1970 pts/1    00:00:00 tee -a /data/data/com.termux/files/home/forge/forgeall_master.log
u0_a449  29049     1  0  1970 ?        00:00:01 bash /data/data/com.termux/files/home/forge/forgenet_watchdog.sh
------------------------------------------------------------
📊 Logs located in: /data/data/com.termux/files/home/forge
🌐 Web UI: http://127.0.0.1:8080
============================================================
🩺 Checking system integrity...
============================================================
🔁 ForgeNet Recovery Run — 2026-01-05_120120
============================================================
✅ All essential components verified.
🚀 Relaunching ForgeAll Master Stack...
============================================================
🚀 ForgeAll Master Command Stack — 2026-01-05 12:01:20
============================================================
✅ Found: forgenet_overwatch_command.sh
✅ Found: forgenet_cognitive_loop.py
✅ Found: forgenet_guardian.sh
✅ Found: forgenet_mobile_ui.sh
✅ Found: forgenet_creativity_timeline.py
✅ Found: forgenet_decode_engine.py
🧩 Starting Cognitive Loop...
🛰️  Overwatch already running.
🛡️  Guardian already active.
💻 Mobile Web UI already active on port 8080.
============================================================
🔁 ForgeNet Recovery Run — 2026-01-05_120144
============================================================
✅ All essential components verified.
🚀 Relaunching ForgeAll Master Stack...
============================================================
🚀 ForgeAll Master Command Stack — 2026-01-05 12:01:44
============================================================
✅ Found: forgenet_overwatch_command.sh
✅ Found: forgenet_cognitive_loop.py
✅ Found: forgenet_guardian.sh
✅ Found: forgenet_mobile_ui.sh
✅ Found: forgenet_creativity_timeline.py
✅ Found: forgenet_decode_engine.py
🧩 Starting Cognitive Loop...
🛰️  Overwatch already running.
🛡️  Guardian already active.
💻 Mobile Web UI already active on port 8080.

============================================================
✅ Active Services Summary:
------------------------------------------------------------
u0_a449  20009     1  0  1970 ?        00:00:00 python /data/data/com.termux/files/home/forge/forgenet_autopilot_loop.py
u0_a449  20010     1  0  1970 ?        00:00:00 python /data/data/com.termux/files/home/forge/forgenet_autopilot_visual.py
u0_a449  24040     1  0  1970 pts/1    00:00:00 bash /data/data/com.termux/files/home/forge/forgenet_overwatch_command.sh
u0_a449  24045     1  0  1970 pts/1    00:00:00 bash /data/data/com.termux/files/home/forge/forgenet_guardian.sh
u0_a449  24056     1  0  1970 pts/1    00:00:00 bash /data/data/com.termux/files/home/forge/forgenet_mobile_ui.sh
u0_a449  24076 24056  0  1970 pts/1    00:00:00 tee -a /data/data/com.termux/files/home/forge/forgenet_mobile_ui.log
u0_a449  24082 24045  0  1970 pts/1    00:00:00 bash /data/data/com.termux/files/home/forge/forgenet_autocycle_publisher.sh
u0_a449  24697     1  0  1970 pts/3    00:00:00 bash /data/data/com.termux/files/home/forge/ForgeNet_Restore_20260105_104652/forge/forgenet_watchdog.sh
u0_a449  27521 24946  0  1970 pts/1    00:00:00 bash /data/data/com.termux/files/home/forge/forgeall.sh
u0_a449  27591 27521  0  1970 pts/1    00:00:00 bash /data/data/com.termux/files/home/forge/forgenet_recovery.sh
u0_a449  27606 27591  0  1970 pts/1    00:00:00 bash /data/data/com.termux/files/home/forge/forgeall.sh
u0_a449  27654 27606  1  1970 pts/1    00:00:00 tee -a /data/data/com.termux/files/home/forge/forgeall_master.log
u0_a449  29049     1  0  1970 ?        00:00:01 bash /data/data/com.termux/files/home/forge/forgenet_watchdog.sh
------------------------------------------------------------
📊 Logs located in: /data/data/com.termux/files/home/forge
🌐 Web UI: http://127.0.0.1:8080
============================================================
🩺 Checking system integrity...
============================================================
🔁 ForgeNet Recovery Run — 2026-01-05_120148
============================================================
✅ All essential components verified.
🚀 Relaunching ForgeAll Master Stack...
============================================================
🚀 ForgeAll Master Command Stack — 2026-01-05 12:01:48
============================================================
✅ Found: forgenet_overwatch_command.sh
✅ Found: forgenet_cognitive_loop.py
✅ Found: forgenet_guardian.sh
✅ Found: forgenet_mobile_ui.sh
✅ Found: forgenet_creativity_timeline.py
✅ Found: forgenet_decode_engine.py
🧩 Starting Cognitive Loop...
🛰️  Overwatch already running.
🛡️  Guardian already active.
💻 Mobile Web UI already active on port 8080.

============================================================
✅ Active Services Summary:
------------------------------------------------------------
u0_a449  20009     1  0  1970 ?        00:00:00 python /data/data/com.termux/files/home/forge/forgenet_autopilot_loop.py
u0_a449  20010     1  0  1970 ?        00:00:00 python /data/data/com.termux/files/home/forge/forgenet_autopilot_visual.py
u0_a449  24040     1  0  1970 pts/1    00:00:00 bash /data/data/com.termux/files/home/forge/forgenet_overwatch_command.sh
u0_a449  24045     1  0  1970 pts/1    00:00:00 bash /data/data/com.termux/files/home/forge/forgenet_guardian.sh
u0_a449  24056     1  0  1970 pts/1    00:00:00 bash /data/data/com.termux/files/home/forge/forgenet_mobile_ui.sh
u0_a449  24076 24056  0  1970 pts/1    00:00:00 tee -a /data/data/com.termux/files/home/forge/forgenet_mobile_ui.log
u0_a449  24082 24045  0  1970 pts/1    00:00:00 bash /data/data/com.termux/files/home/forge/forgenet_autocycle_publisher.sh
u0_a449  24697     1  0  1970 pts/3    00:00:00 bash /data/data/com.termux/files/home/forge/ForgeNet_Restore_20260105_104652/forge/forgenet_watchdog.sh
u0_a449  27521 24946  0  1970 pts/1    00:00:00 bash /data/data/com.termux/files/home/forge/forgeall.sh
u0_a449  27591 27521  0  1970 pts/1    00:00:00 bash /data/data/com.termux/files/home/forge/forgenet_recovery.sh
u0_a449  27606 27591  0  1970 pts/1    00:00:00 bash /data/data/com.termux/files/home/forge/forgeall.sh
u0_a449  27665 27606  0  1970 pts/1    00:00:00 bash /data/data/com.termux/files/home/forge/forgenet_recovery.sh
u0_a449  27680 27665  0  1970 pts/1    00:00:00 bash /data/data/com.termux/files/home/forge/forgeall.sh
u0_a449  27737 27680  0  1970 pts/1    00:00:00 tee -a /data/data/com.termux/files/home/forge/forgeall_master.log
u0_a449  29049     1  0  1970 ?        00:00:01 bash /data/data/com.termux/files/home/forge/forgenet_watchdog.sh
------------------------------------------------------------
📊 Logs located in: /data/data/com.termux/files/home/forge
🌐 Web UI: http://127.0.0.1:8080
============================================================
🩺 Checking system integrity...
============================================================
🔁 ForgeNet Recovery Run — 2026-01-05_120151
============================================================
✅ All essential components verified.
🚀 Relaunching ForgeAll Master Stack...
============================================================
🚀 ForgeAll Master Command Stack — 2026-01-05 12:01:52
============================================================
✅ Found: forgenet_overwatch_command.sh
✅ Found: forgenet_cognitive_loop.py
✅ Found: forgenet_guardian.sh
✅ Found: forgenet_mobile_ui.sh
✅ Found: forgenet_creativity_timeline.py
✅ Found: forgenet_decode_engine.py
🧩 Starting Cognitive Loop...
🛰️  Overwatch already running.
🛡️  Guardian already active.
💻 Mobile Web UI already active on port 8080.

============================================================
✅ Active Services Summary:
------------------------------------------------------------
u0_a449  20009     1  0  1970 ?        00:00:00 python /data/data/com.termux/files/home/forge/forgenet_autopilot_loop.py
u0_a449  20010     1  0  1970 ?        00:00:00 python /data/data/com.termux/files/home/forge/forgenet_autopilot_visual.py
u0_a449  24040     1  0  1970 pts/1    00:00:00 bash /data/data/com.termux/files/home/forge/forgenet_overwatch_command.sh
u0_a449  24045     1  0  1970 pts/1    00:00:00 bash /data/data/com.termux/files/home/forge/forgenet_guardian.sh
u0_a449  24056     1  0  1970 pts/1    00:00:00 bash /data/data/com.termux/files/home/forge/forgenet_mobile_ui.sh
u0_a449  24076 24056  0  1970 pts/1    00:00:00 tee -a /data/data/com.termux/files/home/forge/forgenet_mobile_ui.log
u0_a449  24082 24045  0  1970 pts/1    00:00:00 bash /data/data/com.termux/files/home/forge/forgenet_autocycle_publisher.sh
u0_a449  24697     1  0  1970 pts/3    00:00:00 bash /data/data/com.termux/files/home/forge/ForgeNet_Restore_20260105_104652/forge/forgenet_watchdog.sh
u0_a449  27521 24946  0  1970 pts/1    00:00:00 bash /data/data/com.termux/files/home/forge/forgeall.sh
u0_a449  27591 27521  0  1970 pts/1    00:00:00 bash /data/data/com.termux/files/home/forge/forgenet_recovery.sh
u0_a449  27606 27591  0  1970 pts/1    00:00:00 bash /data/data/com.termux/files/home/forge/forgeall.sh
u0_a449  27665 27606  0  1970 pts/1    00:00:00 bash /data/data/com.termux/files/home/forge/forgenet_recovery.sh
u0_a449  27680 27665  0  1970 pts/1    00:00:00 bash /data/data/com.termux/files/home/forge/forgeall.sh
u0_a449  27748 27680  0  1970 pts/1    00:00:00 bash /data/data/com.termux/files/home/forge/forgenet_recovery.sh
u0_a449  27763 27748  0  1970 pts/1    00:00:00 bash /data/data/com.termux/files/home/forge/forgeall.sh
u0_a449  27812 27763  0  1970 pts/1    00:00:00 tee -a /data/data/com.termux/files/home/forge/forgeall_master.log
u0_a449  29049     1  0  1970 ?        00:00:01 bash /data/data/com.termux/files/home/forge/forgenet_watchdog.sh
------------------------------------------------------------
📊 Logs located in: /data/data/com.termux/files/home/forge
🌐 Web UI: http://127.0.0.1:8080
============================================================
🩺 Checking system integrity...
============================================================
🔁 ForgeNet Recovery Run — 2026-01-05_120155
============================================================
✅ All essential components verified.
🚀 Relaunching ForgeAll Master Stack...
============================================================
🚀 ForgeAll Master Command Stack — 2026-01-05 12:01:55
============================================================
✅ Found: forgenet_overwatch_command.sh
✅ Found: forgenet_cognitive_loop.py
✅ Found: forgenet_guardian.sh
✅ Found: forgenet_mobile_ui.sh
✅ Found: forgenet_creativity_timeline.py
✅ Found: forgenet_decode_engine.py
🧩 Starting Cognitive Loop...
🛰️  Overwatch already running.
🛡️  Guardian already active.
💻 Mobile Web UI already active on port 8080.

============================================================
✅ Active Services Summary:
------------------------------------------------------------
u0_a449  20009     1  0  1970 ?        00:00:00 python /data/data/com.termux/files/home/forge/forgenet_autopilot_loop.py
u0_a449  20010     1  0  1970 ?        00:00:00 python /data/data/com.termux/files/home/forge/forgenet_autopilot_visual.py
u0_a449  24040     1  0  1970 pts/1    00:00:00 bash /data/data/com.termux/files/home/forge/forgenet_overwatch_command.sh
u0_a449  24045     1  0  1970 pts/1    00:00:00 bash /data/data/com.termux/files/home/forge/forgenet_guardian.sh
u0_a449  24056     1  0  1970 pts/1    00:00:00 bash /data/data/com.termux/files/home/forge/forgenet_mobile_ui.sh
u0_a449  24076 24056  0  1970 pts/1    00:00:00 tee -a /data/data/com.termux/files/home/forge/forgenet_mobile_ui.log
u0_a449  24082 24045  0  1970 pts/1    00:00:00 bash /data/data/com.termux/files/home/forge/forgenet_autocycle_publisher.sh
u0_a449  24697     1  0  1970 pts/3    00:00:00 bash /data/data/com.termux/files/home/forge/ForgeNet_Restore_20260105_104652/forge/forgenet_watchdog.sh
u0_a449  27521 24946  0  1970 pts/1    00:00:00 bash /data/data/com.termux/files/home/forge/forgeall.sh
u0_a449  27591 27521  0  1970 pts/1    00:00:00 bash /data/data/com.termux/files/home/forge/forgenet_recovery.sh
u0_a449  27606 27591  0  1970 pts/1    00:00:00 bash /data/data/com.termux/files/home/forge/forgeall.sh
u0_a449  27665 27606  0  1970 pts/1    00:00:00 bash /data/data/com.termux/files/home/forge/forgenet_recovery.sh
u0_a449  27680 27665  0  1970 pts/1    00:00:00 bash /data/data/com.termux/files/home/forge/forgeall.sh
u0_a449  27748 27680  0  1970 pts/1    00:00:00 bash /data/data/com.termux/files/home/forge/forgenet_recovery.sh
u0_a449  27763 27748  0  1970 pts/1    00:00:00 bash /data/data/com.termux/files/home/forge/forgeall.sh
u0_a449  27823 27763  0  1970 pts/1    00:00:00 bash /data/data/com.termux/files/home/forge/forgenet_recovery.sh
u0_a449  27843 27823  0  1970 pts/1    00:00:00 bash /data/data/com.termux/files/home/forge/forgeall.sh
u0_a449  27908 27843  1  1970 pts/1    00:00:00 tee -a /data/data/com.termux/files/home/forge/forgeall_master.log
u0_a449  29049     1  0  1970 ?        00:00:01 bash /data/data/com.termux/files/home/forge/forgenet_watchdog.sh
------------------------------------------------------------
📊 Logs located in: /data/data/com.termux/files/home/forge
🌐 Web UI: http://127.0.0.1:8080
============================================================
🩺 Checking system integrity...
============================================================
🔁 ForgeNet Recovery Run — 2026-01-05_120158
============================================================
✅ All essential components verified.
🚀 Relaunching ForgeAll Master Stack...
============================================================
🚀 ForgeAll Master Command Stack — 2026-01-05 12:01:59
============================================================
✅ Found: forgenet_overwatch_command.sh
✅ Found: forgenet_cognitive_loop.py
✅ Found: forgenet_guardian.sh
✅ Found: forgenet_mobile_ui.sh
✅ Found: forgenet_creativity_timeline.py
✅ Found: forgenet_decode_engine.py
🧩 Starting Cognitive Loop...
🛰️  Overwatch already running.
🛡️  Guardian already active.
💻 Mobile Web UI already active on port 8080.

============================================================
✅ Active Services Summary:
------------------------------------------------------------
u0_a449  20009     1  0  1970 ?        00:00:00 python /data/data/com.termux/files/home/forge/forgenet_autopilot_loop.py
u0_a449  20010     1  0  1970 ?        00:00:00 python /data/data/com.termux/files/home/forge/forgenet_autopilot_visual.py
u0_a449  24040     1  0  1970 pts/1    00:00:00 bash /data/data/com.termux/files/home/forge/forgenet_overwatch_command.sh
u0_a449  24045     1  0  1970 pts/1    00:00:00 bash /data/data/com.termux/files/home/forge/forgenet_guardian.sh
u0_a449  24056     1  0  1970 pts/1    00:00:00 bash /data/data/com.termux/files/home/forge/forgenet_mobile_ui.sh
u0_a449  24076 24056  0  1970 pts/1    00:00:00 tee -a /data/data/com.termux/files/home/forge/forgenet_mobile_ui.log
u0_a449  24082 24045  0  1970 pts/1    00:00:00 bash /data/data/com.termux/files/home/forge/forgenet_autocycle_publisher.sh
u0_a449  24697     1  0  1970 pts/3    00:00:00 bash /data/data/com.termux/files/home/forge/ForgeNet_Restore_20260105_104652/forge/forgenet_watchdog.sh
u0_a449  27521 24946  0  1970 pts/1    00:00:00 bash /data/data/com.termux/files/home/forge/forgeall.sh
u0_a449  27591 27521  0  1970 pts/1    00:00:00 bash /data/data/com.termux/files/home/forge/forgenet_recovery.sh
u0_a449  27606 27591  0  1970 pts/1    00:00:00 bash /data/data/com.termux/files/home/forge/forgeall.sh
u0_a449  27665 27606  0  1970 pts/1    00:00:00 bash /data/data/com.termux/files/home/forge/forgenet_recovery.sh
u0_a449  27680 27665  0  1970 pts/1    00:00:00 bash /data/data/com.termux/files/home/forge/forgeall.sh
u0_a449  27748 27680  0  1970 pts/1    00:00:00 bash /data/data/com.termux/files/home/forge/forgenet_recovery.sh
u0_a449  27763 27748  0  1970 pts/1    00:00:00 bash /data/data/com.termux/files/home/forge/forgeall.sh
u0_a449  27823 27763  0  1970 pts/1    00:00:00 bash /data/data/com.termux/files/home/forge/forgenet_recovery.sh
u0_a449  27843 27823  0  1970 pts/1    00:00:00 bash /data/data/com.termux/files/home/forge/forgeall.sh
u0_a449  27919 27843  0  1970 pts/1    00:00:00 bash /data/data/com.termux/files/home/forge/forgenet_recovery.sh
u0_a449  27935 27919  0  1970 pts/1    00:00:00 bash /data/data/com.termux/files/home/forge/forgeall.sh
u0_a449  28006 27935  0  1970 pts/1    00:00:00 tee -a /data/data/com.termux/files/home/forge/forgeall_master.log
u0_a449  29049     1  0  1970 ?        00:00:01 bash /data/data/com.termux/files/home/forge/forgenet_watchdog.sh
------------------------------------------------------------
📊 Logs located in: /data/data/com.termux/files/home/forge
🌐 Web UI: http://127.0.0.1:8080
============================================================
🩺 Checking system integrity...
============================================================
🔁 ForgeNet Recovery Run — 2026-01-05_120202
============================================================
✅ All essential components verified.
🚀 Relaunching ForgeAll Master Stack...
============================================================
🚀 ForgeAll Master Command Stack — 2026-01-05 12:02:02
============================================================
✅ Found: forgenet_overwatch_command.sh
✅ Found: forgenet_cognitive_loop.py
✅ Found: forgenet_guardian.sh
✅ Found: forgenet_mobile_ui.sh
✅ Found: forgenet_creativity_timeline.py
✅ Found: forgenet_decode_engine.py
🧩 Starting Cognitive Loop...
🛰️  Overwatch already running.
🛡️  Guardian already active.
💻 Mobile Web UI already active on port 8080.

============================================================
✅ Active Services Summary:
------------------------------------------------------------
u0_a449  20009     1  0  1970 ?        00:00:00 python /data/data/com.termux/files/home/forge/forgenet_autopilot_loop.py
u0_a449  20010     1  0  1970 ?        00:00:00 python /data/data/com.termux/files/home/forge/forgenet_autopilot_visual.py
u0_a449  24040     1  0  1970 pts/1    00:00:00 bash /data/data/com.termux/files/home/forge/forgenet_overwatch_command.sh
u0_a449  24045     1  0  1970 pts/1    00:00:00 bash /data/data/com.termux/files/home/forge/forgenet_guardian.sh
u0_a449  24056     1  0  1970 pts/1    00:00:00 bash /data/data/com.termux/files/home/forge/forgenet_mobile_ui.sh
u0_a449  24076 24056  0  1970 pts/1    00:00:00 tee -a /data/data/com.termux/files/home/forge/forgenet_mobile_ui.log
u0_a449  24082 24045  0  1970 pts/1    00:00:00 bash /data/data/com.termux/files/home/forge/forgenet_autocycle_publisher.sh
u0_a449  24697     1  0  1970 pts/3    00:00:00 bash /data/data/com.termux/files/home/forge/ForgeNet_Restore_20260105_104652/forge/forgenet_watchdog.sh
u0_a449  27521 24946  0  1970 pts/1    00:00:00 bash /data/data/com.termux/files/home/forge/forgeall.sh
u0_a449  27591 27521  0  1970 pts/1    00:00:00 bash /data/data/com.termux/files/home/forge/forgenet_recovery.sh
u0_a449  27606 27591  0  1970 pts/1    00:00:00 bash /data/data/com.termux/files/home/forge/forgeall.sh
u0_a449  27665 27606  0  1970 pts/1    00:00:00 bash /data/data/com.termux/files/home/forge/forgenet_recovery.sh
u0_a449  27680 27665  0  1970 pts/1    00:00:00 bash /data/data/com.termux/files/home/forge/forgeall.sh
u0_a449  27748 27680  0  1970 pts/1    00:00:00 bash /data/data/com.termux/files/home/forge/forgenet_recovery.sh
u0_a449  27763 27748  0  1970 pts/1    00:00:00 bash /data/data/com.termux/files/home/forge/forgeall.sh
u0_a449  27823 27763  0  1970 pts/1    00:00:00 bash /data/data/com.termux/files/home/forge/forgenet_recovery.sh
u0_a449  27843 27823  0  1970 pts/1    00:00:00 bash /data/data/com.termux/files/home/forge/forgeall.sh
u0_a449  27919 27843  0  1970 pts/1    00:00:00 bash /data/data/com.termux/files/home/forge/forgenet_recovery.sh
u0_a449  27935 27919  0  1970 pts/1    00:00:00 bash /data/data/com.termux/files/home/forge/forgeall.sh
u0_a449  28017 27935  0  1970 pts/1    00:00:00 bash /data/data/com.termux/files/home/forge/forgenet_recovery.sh
u0_a449  28033 28017  0  1970 pts/1    00:00:00 bash /data/data/com.termux/files/home/forge/forgeall.sh
u0_a449  28113 28033  0  1970 pts/1    00:00:00 tee -a /data/data/com.termux/files/home/forge/forgeall_master.log
u0_a449  29049     1  0  1970 ?        00:00:01 bash /data/data/com.termux/files/home/forge/forgenet_watchdog.sh
------------------------------------------------------------
📊 Logs located in: /data/data/com.termux/files/home/forge
🌐 Web UI: http://127.0.0.1:8080
============================================================
🩺 Checking system integrity...
============================================================
🔁 ForgeNet Recovery Run — 2026-01-05_120205
============================================================
✅ All essential components verified.
🚀 Relaunching ForgeAll Master Stack...
============================================================
🚀 ForgeAll Master Command Stack — 2026-01-05 12:02:06
============================================================
✅ Found: forgenet_overwatch_command.sh
✅ Found: forgenet_cognitive_loop.py
✅ Found: forgenet_guardian.sh
✅ Found: forgenet_mobile_ui.sh
✅ Found: forgenet_creativity_timeline.py
✅ Found: forgenet_decode_engine.py
🧩 Starting Cognitive Loop...
🛰️  Overwatch already running.
🛡️  Guardian already active.
💻 Mobile Web UI already active on port 8080.

============================================================
✅ Active Services Summary:
------------------------------------------------------------
u0_a449  20009     1  0  1970 ?        00:00:00 python /data/data/com.termux/files/home/forge/forgenet_autopilot_loop.py
u0_a449  20010     1  0  1970 ?        00:00:00 python /data/data/com.termux/files/home/forge/forgenet_autopilot_visual.py
u0_a449  24040     1  0  1970 pts/1    00:00:00 bash /data/data/com.termux/files/home/forge/forgenet_overwatch_command.sh
u0_a449  24045     1  0  1970 pts/1    00:00:00 bash /data/data/com.termux/files/home/forge/forgenet_guardian.sh
u0_a449  24056     1  0  1970 pts/1    00:00:00 bash /data/data/com.termux/files/home/forge/forgenet_mobile_ui.sh
u0_a449  24076 24056  0  1970 pts/1    00:00:00 tee -a /data/data/com.termux/files/home/forge/forgenet_mobile_ui.log
u0_a449  24082 24045  0  1970 pts/1    00:00:00 bash /data/data/com.termux/files/home/forge/forgenet_autocycle_publisher.sh
u0_a449  24697     1  0  1970 pts/3    00:00:00 bash /data/data/com.termux/files/home/forge/ForgeNet_Restore_20260105_104652/forge/forgenet_watchdog.sh
u0_a449  27521 24946  0  1970 pts/1    00:00:00 bash /data/data/com.termux/files/home/forge/forgeall.sh
u0_a449  27591 27521  0  1970 pts/1    00:00:00 bash /data/data/com.termux/files/home/forge/forgenet_recovery.sh
u0_a449  27606 27591  0  1970 pts/1    00:00:00 bash /data/data/com.termux/files/home/forge/forgeall.sh
u0_a449  27665 27606  0  1970 pts/1    00:00:00 bash /data/data/com.termux/files/home/forge/forgenet_recovery.sh
u0_a449  27680 27665  0  1970 pts/1    00:00:00 bash /data/data/com.termux/files/home/forge/forgeall.sh
u0_a449  27748 27680  0  1970 pts/1    00:00:00 bash /data/data/com.termux/files/home/forge/forgenet_recovery.sh
u0_a449  27763 27748  0  1970 pts/1    00:00:00 bash /data/data/com.termux/files/home/forge/forgeall.sh
u0_a449  27823 27763  0  1970 pts/1    00:00:00 bash /data/data/com.termux/files/home/forge/forgenet_recovery.sh
u0_a449  27843 27823  0  1970 pts/1    00:00:00 bash /data/data/com.termux/files/home/forge/forgeall.sh
u0_a449  27919 27843  0  1970 pts/1    00:00:00 bash /data/data/com.termux/files/home/forge/forgenet_recovery.sh
u0_a449  27935 27919  0  1970 pts/1    00:00:00 bash /data/data/com.termux/files/home/forge/forgeall.sh
u0_a449  28017 27935  0  1970 pts/1    00:00:00 bash /data/data/com.termux/files/home/forge/forgenet_recovery.sh
u0_a449  28033 28017  0  1970 pts/1    00:00:00 bash /data/data/com.termux/files/home/forge/forgeall.sh
u0_a449  28125 28033  0  1970 pts/1    00:00:00 bash /data/data/com.termux/files/home/forge/forgenet_recovery.sh
u0_a449  28140 28125  0  1970 pts/1    00:00:00 bash /data/data/com.termux/files/home/forge/forgeall.sh
u0_a449  28220 28140  1  1970 pts/1    00:00:00 tee -a /data/data/com.termux/files/home/forge/forgeall_master.log
u0_a449  29049     1  0  1970 ?        00:00:01 bash /data/data/com.termux/files/home/forge/forgenet_watchdog.sh
------------------------------------------------------------
📊 Logs located in: /data/data/com.termux/files/home/forge
🌐 Web UI: http://127.0.0.1:8080
============================================================
🩺 Checking system integrity...
============================================================
🔁 ForgeNet Recovery Run — 2026-01-05_120209
============================================================
✅ All essential components verified.
🚀 Relaunching ForgeAll Master Stack...
============================================================
🚀 ForgeAll Master Command Stack — 2026-01-05 12:02:09
============================================================
✅ Found: forgenet_overwatch_command.sh
✅ Found: forgenet_cognitive_loop.py
✅ Found: forgenet_guardian.sh
✅ Found: forgenet_mobile_ui.sh
✅ Found: forgenet_creativity_timeline.py
✅ Found: forgenet_decode_engine.py
🧩 Starting Cognitive Loop...
🛰️  Overwatch already running.
🛡️  Guardian already active.
💻 Mobile Web UI already active on port 8080.

============================================================
✅ Active Services Summary:
------------------------------------------------------------
u0_a449  20009     1  0  1970 ?        00:00:00 python /data/data/com.termux/files/home/forge/forgenet_autopilot_loop.py
u0_a449  20010     1  0  1970 ?        00:00:00 python /data/data/com.termux/files/home/forge/forgenet_autopilot_visual.py
u0_a449  24040     1  0  1970 pts/1    00:00:00 bash /data/data/com.termux/files/home/forge/forgenet_overwatch_command.sh
u0_a449  24045     1  0  1970 pts/1    00:00:00 bash /data/data/com.termux/files/home/forge/forgenet_guardian.sh
u0_a449  24056     1  0  1970 pts/1    00:00:00 bash /data/data/com.termux/files/home/forge/forgenet_mobile_ui.sh
u0_a449  24076 24056  0  1970 pts/1    00:00:00 tee -a /data/data/com.termux/files/home/forge/forgenet_mobile_ui.log
u0_a449  24082 24045  0  1970 pts/1    00:00:00 bash /data/data/com.termux/files/home/forge/forgenet_autocycle_publisher.sh
u0_a449  24697     1  0  1970 pts/3    00:00:00 bash /data/data/com.termux/files/home/forge/ForgeNet_Restore_20260105_104652/forge/forgenet_watchdog.sh
u0_a449  27521 24946  0  1970 pts/1    00:00:00 bash /data/data/com.termux/files/home/forge/forgeall.sh
u0_a449  27591 27521  0  1970 pts/1    00:00:00 bash /data/data/com.termux/files/home/forge/forgenet_recovery.sh
u0_a449  27606 27591  0  1970 pts/1    00:00:00 bash /data/data/com.termux/files/home/forge/forgeall.sh
u0_a449  27665 27606  0  1970 pts/1    00:00:00 bash /data/data/com.termux/files/home/forge/forgenet_recovery.sh
u0_a449  27680 27665  0  1970 pts/1    00:00:00 bash /data/data/com.termux/files/home/forge/forgeall.sh
u0_a449  27748 27680  0  1970 pts/1    00:00:00 bash /data/data/com.termux/files/home/forge/forgenet_recovery.sh
u0_a449  27763 27748  0  1970 pts/1    00:00:00 bash /data/data/com.termux/files/home/forge/forgeall.sh
u0_a449  27823 27763  0  1970 pts/1    00:00:00 bash /data/data/com.termux/files/home/forge/forgenet_recovery.sh
u0_a449  27843 27823  0  1970 pts/1    00:00:00 bash /data/data/com.termux/files/home/forge/forgeall.sh
u0_a449  27919 27843  0  1970 pts/1    00:00:00 bash /data/data/com.termux/files/home/forge/forgenet_recovery.sh
u0_a449  27935 27919  0  1970 pts/1    00:00:00 bash /data/data/com.termux/files/home/forge/forgeall.sh
u0_a449  28017 27935  0  1970 pts/1    00:00:00 bash /data/data/com.termux/files/home/forge/forgenet_recovery.sh
u0_a449  28033 28017  0  1970 pts/1    00:00:00 bash /data/data/com.termux/files/home/forge/forgeall.sh
u0_a449  28125 28033  0  1970 pts/1    00:00:00 bash /data/data/com.termux/files/home/forge/forgenet_recovery.sh
u0_a449  28140 28125  0  1970 pts/1    00:00:00 bash /data/data/com.termux/files/home/forge/forgeall.sh
u0_a449  28232 28140  0  1970 pts/1    00:00:00 bash /data/data/com.termux/files/home/forge/forgenet_recovery.sh
u0_a449  28249 28232  0  1970 pts/1    00:00:00 bash /data/data/com.termux/files/home/forge/forgeall.sh
u0_a449  28298 28195 25  1970 pts/3    00:00:00 python /data/data/com.termux/files/home/forge/forgenet_search.py
u0_a449  28311 28249  0  1970 pts/1    00:00:00 tee -a /data/data/com.termux/files/home/forge/forgeall_master.log
u0_a449  29049     1  0  1970 ?        00:00:01 bash /data/data/com.termux/files/home/forge/forgenet_watchdog.sh
------------------------------------------------------------
📊 Logs located in: /data/data/com.termux/files/home/forge
🌐 Web UI: http://127.0.0.1:8080
============================================================
🩺 Checking system integrity...
============================================================
🔁 ForgeNet Recovery Run — 2026-01-05_120212
============================================================
✅ All essential components verified.
🚀 Relaunching ForgeAll Master Stack...
============================================================
🚀 ForgeAll Master Command Stack — 2026-01-05 12:02:13
============================================================
✅ Found: forgenet_overwatch_command.sh
✅ Found: forgenet_cognitive_loop.py
✅ Found: forgenet_guardian.sh
✅ Found: forgenet_mobile_ui.sh
✅ Found: forgenet_creativity_timeline.py
✅ Found: forgenet_decode_engine.py
🧩 Starting Cognitive Loop...
🛰️  Overwatch already running.
🛡️  Guardian already active.
💻 Mobile Web UI already active on port 8080.

============================================================
✅ Active Services Summary:
------------------------------------------------------------
u0_a449  20009     1  0  1970 ?        00:00:00 python /data/data/com.termux/files/home/forge/forgenet_autopilot_loop.py
u0_a449  20010     1  0  1970 ?        00:00:00 python /data/data/com.termux/files/home/forge/forgenet_autopilot_visual.py
u0_a449  24040     1  0  1970 pts/1    00:00:00 bash /data/data/com.termux/files/home/forge/forgenet_overwatch_command.sh
u0_a449  24045     1  0  1970 pts/1    00:00:00 bash /data/data/com.termux/files/home/forge/forgenet_guardian.sh
u0_a449  24056     1  0  1970 pts/1    00:00:00 bash /data/data/com.termux/files/home/forge/forgenet_mobile_ui.sh
u0_a449  24076 24056  0  1970 pts/1    00:00:00 tee -a /data/data/com.termux/files/home/forge/forgenet_mobile_ui.log
u0_a449  24082 24045  0  1970 pts/1    00:00:00 bash /data/data/com.termux/files/home/forge/forgenet_autocycle_publisher.sh
u0_a449  24697     1  0  1970 pts/3    00:00:00 bash /data/data/com.termux/files/home/forge/ForgeNet_Restore_20260105_104652/forge/forgenet_watchdog.sh
u0_a449  27521 24946  0  1970 pts/1    00:00:00 bash /data/data/com.termux/files/home/forge/forgeall.sh
u0_a449  27591 27521  0  1970 pts/1    00:00:00 bash /data/data/com.termux/files/home/forge/forgenet_recovery.sh
u0_a449  27606 27591  0  1970 pts/1    00:00:00 bash /data/data/com.termux/files/home/forge/forgeall.sh
u0_a449  27665 27606  0  1970 pts/1    00:00:00 bash /data/data/com.termux/files/home/forge/forgenet_recovery.sh
u0_a449  27680 27665  0  1970 pts/1    00:00:00 bash /data/data/com.termux/files/home/forge/forgeall.sh
u0_a449  27748 27680  0  1970 pts/1    00:00:00 bash /data/data/com.termux/files/home/forge/forgenet_recovery.sh
u0_a449  27763 27748  0  1970 pts/1    00:00:00 bash /data/data/com.termux/files/home/forge/forgeall.sh
u0_a449  27823 27763  0  1970 pts/1    00:00:00 bash /data/data/com.termux/files/home/forge/forgenet_recovery.sh
u0_a449  27843 27823  0  1970 pts/1    00:00:00 bash /data/data/com.termux/files/home/forge/forgeall.sh
u0_a449  27919 27843  0  1970 pts/1    00:00:00 bash /data/data/com.termux/files/home/forge/forgenet_recovery.sh
u0_a449  27935 27919  0  1970 pts/1    00:00:00 bash /data/data/com.termux/files/home/forge/forgeall.sh
u0_a449  28017 27935  0  1970 pts/1    00:00:00 bash /data/data/com.termux/files/home/forge/forgenet_recovery.sh
u0_a449  28033 28017  0  1970 pts/1    00:00:00 bash /data/data/com.termux/files/home/forge/forgeall.sh
u0_a449  28125 28033  0  1970 pts/1    00:00:00 bash /data/data/com.termux/files/home/forge/forgenet_recovery.sh
u0_a449  28140 28125  0  1970 pts/1    00:00:00 bash /data/data/com.termux/files/home/forge/forgeall.sh
u0_a449  28232 28140  0  1970 pts/1    00:00:00 bash /data/data/com.termux/files/home/forge/forgenet_recovery.sh
u0_a449  28249 28232  0  1970 pts/1    00:00:00 bash /data/data/com.termux/files/home/forge/forgeall.sh
u0_a449  28322 28249  0  1970 pts/1    00:00:00 bash /data/data/com.termux/files/home/forge/forgenet_recovery.sh
u0_a449  28346 28322  1  1970 pts/1    00:00:00 bash /data/data/com.termux/files/home/forge/forgeall.sh
u0_a449  28478 28346  0  1970 pts/1    00:00:00 tee -a /data/data/com.termux/files/home/forge/forgeall_master.log
u0_a449  29049     1  0  1970 ?        00:00:01 bash /data/data/com.termux/files/home/forge/forgenet_watchdog.sh
------------------------------------------------------------
📊 Logs located in: /data/data/com.termux/files/home/forge
🌐 Web UI: http://127.0.0.1:8080
============================================================
🩺 Checking system integrity...
============================================================
🔁 ForgeNet Recovery Run — 2026-01-05_120216
============================================================
✅ All essential components verified.
🚀 Relaunching ForgeAll Master Stack...
============================================================
🚀 ForgeAll Master Command Stack — 2026-01-05 12:02:16
============================================================
✅ Found: forgenet_overwatch_command.sh
✅ Found: forgenet_cognitive_loop.py
✅ Found: forgenet_guardian.sh
✅ Found: forgenet_mobile_ui.sh
✅ Found: forgenet_creativity_timeline.py
✅ Found: forgenet_decode_engine.py
🧩 Starting Cognitive Loop...
🛰️  Overwatch already running.
🛡️  Guardian already active.
💻 Mobile Web UI already active on port 8080.

============================================================
✅ Active Services Summary:
------------------------------------------------------------
u0_a449  20009     1  0  1970 ?        00:00:00 python /data/data/com.termux/files/home/forge/forgenet_autopilot_loop.py
u0_a449  20010     1  0  1970 ?        00:00:00 python /data/data/com.termux/files/home/forge/forgenet_autopilot_visual.py
u0_a449  24040     1  0  1970 pts/1    00:00:00 bash /data/data/com.termux/files/home/forge/forgenet_overwatch_command.sh
u0_a449  24045     1  0  1970 pts/1    00:00:00 bash /data/data/com.termux/files/home/forge/forgenet_guardian.sh
u0_a449  24056     1  0  1970 pts/1    00:00:00 bash /data/data/com.termux/files/home/forge/forgenet_mobile_ui.sh
u0_a449  24076 24056  0  1970 pts/1    00:00:00 tee -a /data/data/com.termux/files/home/forge/forgenet_mobile_ui.log
u0_a449  24082 24045  0  1970 pts/1    00:00:00 bash /data/data/com.termux/files/home/forge/forgenet_autocycle_publisher.sh
u0_a449  24697     1  0  1970 pts/3    00:00:00 bash /data/data/com.termux/files/home/forge/ForgeNet_Restore_20260105_104652/forge/forgenet_watchdog.sh
u0_a449  27521 24946  0  1970 pts/1    00:00:00 bash /data/data/com.termux/files/home/forge/forgeall.sh
u0_a449  27591 27521  0  1970 pts/1    00:00:00 bash /data/data/com.termux/files/home/forge/forgenet_recovery.sh
u0_a449  27606 27591  0  1970 pts/1    00:00:00 bash /data/data/com.termux/files/home/forge/forgeall.sh
u0_a449  27665 27606  0  1970 pts/1    00:00:00 bash /data/data/com.termux/files/home/forge/forgenet_recovery.sh
u0_a449  27680 27665  0  1970 pts/1    00:00:00 bash /data/data/com.termux/files/home/forge/forgeall.sh
u0_a449  27748 27680  0  1970 pts/1    00:00:00 bash /data/data/com.termux/files/home/forge/forgenet_recovery.sh
u0_a449  27763 27748  0  1970 pts/1    00:00:00 bash /data/data/com.termux/files/home/forge/forgeall.sh
u0_a449  27823 27763  0  1970 pts/1    00:00:00 bash /data/data/com.termux/files/home/forge/forgenet_recovery.sh
u0_a449  27843 27823  0  1970 pts/1    00:00:00 bash /data/data/com.termux/files/home/forge/forgeall.sh
u0_a449  27919 27843  0  1970 pts/1    00:00:00 bash /data/data/com.termux/files/home/forge/forgenet_recovery.sh
u0_a449  27935 27919  0  1970 pts/1    00:00:00 bash /data/data/com.termux/files/home/forge/forgeall.sh
u0_a449  28017 27935  0  1970 pts/1    00:00:00 bash /data/data/com.termux/files/home/forge/forgenet_recovery.sh
u0_a449  28033 28017  0  1970 pts/1    00:00:00 bash /data/data/com.termux/files/home/forge/forgeall.sh
u0_a449  28125 28033  0  1970 pts/1    00:00:00 bash /data/data/com.termux/files/home/forge/forgenet_recovery.sh
u0_a449  28140 28125  0  1970 pts/1    00:00:00 bash /data/data/com.termux/files/home/forge/forgeall.sh
u0_a449  28232 28140  0  1970 pts/1    00:00:00 bash /data/data/com.termux/files/home/forge/forgenet_recovery.sh
u0_a449  28249 28232  0  1970 pts/1    00:00:00 bash /data/data/com.termux/files/home/forge/forgeall.sh
u0_a449  28322 28249  0  1970 pts/1    00:00:00 bash /data/data/com.termux/files/home/forge/forgenet_recovery.sh
u0_a449  28346 28322  0  1970 pts/1    00:00:00 bash /data/data/com.termux/files/home/forge/forgeall.sh
u0_a449  28492 28346  0  1970 pts/1    00:00:00 bash /data/data/com.termux/files/home/forge/forgenet_recovery.sh
u0_a449  28516 28492  0  1970 pts/1    00:00:00 bash /data/data/com.termux/files/home/forge/forgeall.sh
u0_a449  28618 28516  1  1970 pts/1    00:00:00 tee -a /data/data/com.termux/files/home/forge/forgeall_master.log
u0_a449  29049     1  0  1970 ?        00:00:01 bash /data/data/com.termux/files/home/forge/forgenet_watchdog.sh
------------------------------------------------------------
📊 Logs located in: /data/data/com.termux/files/home/forge
🌐 Web UI: http://127.0.0.1:8080
============================================================
🩺 Checking system integrity...
============================================================
🔁 ForgeNet Recovery Run — 2026-01-05_120220
============================================================
✅ All essential components verified.
🚀 Relaunching ForgeAll Master Stack...
============================================================
🚀 ForgeAll Master Command Stack — 2026-01-05 12:02:20
============================================================
✅ Found: forgenet_overwatch_command.sh
✅ Found: forgenet_cognitive_loop.py
✅ Found: forgenet_guardian.sh
✅ Found: forgenet_mobile_ui.sh
✅ Found: forgenet_creativity_timeline.py
✅ Found: forgenet_decode_engine.py
🧩 Starting Cognitive Loop...
🛰️  Overwatch already running.
🛡️  Guardian already active.
💻 Mobile Web UI already active on port 8080.

============================================================
✅ Active Services Summary:
------------------------------------------------------------
u0_a449  20009     1  0  1970 ?        00:00:00 python /data/data/com.termux/files/home/forge/forgenet_autopilot_loop.py
u0_a449  20010     1  0  1970 ?        00:00:00 python /data/data/com.termux/files/home/forge/forgenet_autopilot_visual.py
u0_a449  24040     1  0  1970 pts/1    00:00:00 bash /data/data/com.termux/files/home/forge/forgenet_overwatch_command.sh
u0_a449  24045     1  0  1970 pts/1    00:00:00 bash /data/data/com.termux/files/home/forge/forgenet_guardian.sh
u0_a449  24056     1  0  1970 pts/1    00:00:00 bash /data/data/com.termux/files/home/forge/forgenet_mobile_ui.sh
u0_a449  24076 24056  0  1970 pts/1    00:00:00 tee -a /data/data/com.termux/files/home/forge/forgenet_mobile_ui.log
u0_a449  24082 24045  0  1970 pts/1    00:00:00 bash /data/data/com.termux/files/home/forge/forgenet_autocycle_publisher.sh
u0_a449  24697     1  0  1970 pts/3    00:00:00 bash /data/data/com.termux/files/home/forge/ForgeNet_Restore_20260105_104652/forge/forgenet_watchdog.sh
u0_a449  27521 24946  0  1970 pts/1    00:00:00 bash /data/data/com.termux/files/home/forge/forgeall.sh
u0_a449  27591 27521  0  1970 pts/1    00:00:00 bash /data/data/com.termux/files/home/forge/forgenet_recovery.sh
u0_a449  27606 27591  0  1970 pts/1    00:00:00 bash /data/data/com.termux/files/home/forge/forgeall.sh
u0_a449  27665 27606  0  1970 pts/1    00:00:00 bash /data/data/com.termux/files/home/forge/forgenet_recovery.sh
u0_a449  27680 27665  0  1970 pts/1    00:00:00 bash /data/data/com.termux/files/home/forge/forgeall.sh
u0_a449  27748 27680  0  1970 pts/1    00:00:00 bash /data/data/com.termux/files/home/forge/forgenet_recovery.sh
u0_a449  27763 27748  0  1970 pts/1    00:00:00 bash /data/data/com.termux/files/home/forge/forgeall.sh
u0_a449  27823 27763  0  1970 pts/1    00:00:00 bash /data/data/com.termux/files/home/forge/forgenet_recovery.sh
u0_a449  27843 27823  0  1970 pts/1    00:00:00 bash /data/data/com.termux/files/home/forge/forgeall.sh
u0_a449  27919 27843  0  1970 pts/1    00:00:00 bash /data/data/com.termux/files/home/forge/forgenet_recovery.sh
u0_a449  27935 27919  0  1970 pts/1    00:00:00 bash /data/data/com.termux/files/home/forge/forgeall.sh
u0_a449  28017 27935  0  1970 pts/1    00:00:00 bash /data/data/com.termux/files/home/forge/forgenet_recovery.sh
u0_a449  28033 28017  0  1970 pts/1    00:00:00 bash /data/data/com.termux/files/home/forge/forgeall.sh
u0_a449  28125 28033  0  1970 pts/1    00:00:00 bash /data/data/com.termux/files/home/forge/forgenet_recovery.sh
u0_a449  28140 28125  0  1970 pts/1    00:00:00 bash /data/data/com.termux/files/home/forge/forgeall.sh
u0_a449  28232 28140  0  1970 pts/1    00:00:00 bash /data/data/com.termux/files/home/forge/forgenet_recovery.sh
u0_a449  28249 28232  0  1970 pts/1    00:00:00 bash /data/data/com.termux/files/home/forge/forgeall.sh
u0_a449  28322 28249  0  1970 pts/1    00:00:00 bash /data/data/com.termux/files/home/forge/forgenet_recovery.sh
u0_a449  28346 28322  0  1970 pts/1    00:00:00 bash /data/data/com.termux/files/home/forge/forgeall.sh
u0_a449  28492 28346  0  1970 pts/1    00:00:00 bash /data/data/com.termux/files/home/forge/forgenet_recovery.sh
u0_a449  28516 28492  0  1970 pts/1    00:00:00 bash /data/data/com.termux/files/home/forge/forgeall.sh
u0_a449  28632 28516  0  1970 pts/1    00:00:00 bash /data/data/com.termux/files/home/forge/forgenet_recovery.sh
u0_a449  28647 28632  0  1970 pts/1    00:00:00 bash /data/data/com.termux/files/home/forge/forgeall.sh
u0_a449  28699 28647  0  1970 pts/1    00:00:00 tee -a /data/data/com.termux/files/home/forge/forgeall_master.log
u0_a449  29049     1  0  1970 ?        00:00:01 bash /data/data/com.termux/files/home/forge/forgenet_watchdog.sh
------------------------------------------------------------
📊 Logs located in: /data/data/com.termux/files/home/forge
🌐 Web UI: http://127.0.0.1:8080
============================================================
🩺 Checking system integrity...
============================================================
🔁 ForgeNet Recovery Run — 2026-01-05_120223
============================================================
✅ All essential components verified.
🚀 Relaunching ForgeAll Master Stack...
============================================================
🚀 ForgeAll Master Command Stack — 2026-01-05 12:02:23
============================================================
✅ Found: forgenet_overwatch_command.sh
✅ Found: forgenet_cognitive_loop.py
✅ Found: forgenet_guardian.sh
✅ Found: forgenet_mobile_ui.sh
✅ Found: forgenet_creativity_timeline.py
✅ Found: forgenet_decode_engine.py
🧩 Starting Cognitive Loop...
🛰️  Overwatch already running.
🛡️  Guardian already active.
💻 Mobile Web UI already active on port 8080.

============================================================
✅ Active Services Summary:
------------------------------------------------------------
u0_a449  20009     1  0  1970 ?        00:00:00 python /data/data/com.termux/files/home/forge/forgenet_autopilot_loop.py
u0_a449  20010     1  0  1970 ?        00:00:00 python /data/data/com.termux/files/home/forge/forgenet_autopilot_visual.py
u0_a449  24040     1  0  1970 pts/1    00:00:00 bash /data/data/com.termux/files/home/forge/forgenet_overwatch_command.sh
u0_a449  24045     1  0  1970 pts/1    00:00:00 bash /data/data/com.termux/files/home/forge/forgenet_guardian.sh
u0_a449  24056     1  0  1970 pts/1    00:00:00 bash /data/data/com.termux/files/home/forge/forgenet_mobile_ui.sh
u0_a449  24076 24056  0  1970 pts/1    00:00:00 tee -a /data/data/com.termux/files/home/forge/forgenet_mobile_ui.log
u0_a449  24082 24045  0  1970 pts/1    00:00:00 bash /data/data/com.termux/files/home/forge/forgenet_autocycle_publisher.sh
u0_a449  24697     1  0  1970 pts/3    00:00:00 bash /data/data/com.termux/files/home/forge/ForgeNet_Restore_20260105_104652/forge/forgenet_watchdog.sh
u0_a449  27521 24946  0  1970 pts/1    00:00:00 bash /data/data/com.termux/files/home/forge/forgeall.sh
u0_a449  27591 27521  0  1970 pts/1    00:00:00 bash /data/data/com.termux/files/home/forge/forgenet_recovery.sh
u0_a449  27606 27591  0  1970 pts/1    00:00:00 bash /data/data/com.termux/files/home/forge/forgeall.sh
u0_a449  27665 27606  0  1970 pts/1    00:00:00 bash /data/data/com.termux/files/home/forge/forgenet_recovery.sh
u0_a449  27680 27665  0  1970 pts/1    00:00:00 bash /data/data/com.termux/files/home/forge/forgeall.sh
u0_a449  27748 27680  0  1970 pts/1    00:00:00 bash /data/data/com.termux/files/home/forge/forgenet_recovery.sh
u0_a449  27763 27748  0  1970 pts/1    00:00:00 bash /data/data/com.termux/files/home/forge/forgeall.sh
u0_a449  27823 27763  0  1970 pts/1    00:00:00 bash /data/data/com.termux/files/home/forge/forgenet_recovery.sh
u0_a449  27843 27823  0  1970 pts/1    00:00:00 bash /data/data/com.termux/files/home/forge/forgeall.sh
u0_a449  27919 27843  0  1970 pts/1    00:00:00 bash /data/data/com.termux/files/home/forge/forgenet_recovery.sh
u0_a449  27935 27919  0  1970 pts/1    00:00:00 bash /data/data/com.termux/files/home/forge/forgeall.sh
u0_a449  28017 27935  0  1970 pts/1    00:00:00 bash /data/data/com.termux/files/home/forge/forgenet_recovery.sh
u0_a449  28033 28017  0  1970 pts/1    00:00:00 bash /data/data/com.termux/files/home/forge/forgeall.sh
u0_a449  28125 28033  0  1970 pts/1    00:00:00 bash /data/data/com.termux/files/home/forge/forgenet_recovery.sh
u0_a449  28140 28125  0  1970 pts/1    00:00:00 bash /data/data/com.termux/files/home/forge/forgeall.sh
u0_a449  28232 28140  0  1970 pts/1    00:00:00 bash /data/data/com.termux/files/home/forge/forgenet_recovery.sh
u0_a449  28249 28232  0  1970 pts/1    00:00:00 bash /data/data/com.termux/files/home/forge/forgeall.sh
u0_a449  28322 28249  0  1970 pts/1    00:00:00 bash /data/data/com.termux/files/home/forge/forgenet_recovery.sh
u0_a449  28346 28322  0  1970 pts/1    00:00:00 bash /data/data/com.termux/files/home/forge/forgeall.sh
u0_a449  28492 28346  0  1970 pts/1    00:00:00 bash /data/data/com.termux/files/home/forge/forgenet_recovery.sh
u0_a449  28516 28492  0  1970 pts/1    00:00:00 bash /data/data/com.termux/files/home/forge/forgeall.sh
u0_a449  28632 28516  0  1970 pts/1    00:00:00 bash /data/data/com.termux/files/home/forge/forgenet_recovery.sh
u0_a449  28647 28632  0  1970 pts/1    00:00:00 bash /data/data/com.termux/files/home/forge/forgeall.sh
u0_a449  28710 28647  0  1970 pts/1    00:00:00 bash /data/data/com.termux/files/home/forge/forgenet_recovery.sh
u0_a449  28725 28710  0  1970 pts/1    00:00:00 bash /data/data/com.termux/files/home/forge/forgeall.sh
u0_a449  28795 28725  1  1970 pts/1    00:00:00 tee -a /data/data/com.termux/files/home/forge/forgeall_master.log
u0_a449  29049     1  0  1970 ?        00:00:01 bash /data/data/com.termux/files/home/forge/forgenet_watchdog.sh
------------------------------------------------------------
📊 Logs located in: /data/data/com.termux/files/home/forge
🌐 Web UI: http://127.0.0.1:8080
============================================================
🩺 Checking system integrity...
============================================================
🔁 ForgeNet Recovery Run — 2026-01-05_120227
============================================================
✅ All essential components verified.
🚀 Relaunching ForgeAll Master Stack...
============================================================
🚀 ForgeAll Master Command Stack — 2026-01-05 12:02:27
============================================================
✅ Found: forgenet_overwatch_command.sh
✅ Found: forgenet_cognitive_loop.py
✅ Found: forgenet_guardian.sh
✅ Found: forgenet_mobile_ui.sh
✅ Found: forgenet_creativity_timeline.py
✅ Found: forgenet_decode_engine.py
🧩 Starting Cognitive Loop...
🛰️  Overwatch already running.
🛡️  Guardian already active.
💻 Mobile Web UI already active on port 8080.

============================================================
✅ Active Services Summary:
------------------------------------------------------------
u0_a449  20009     1  0  1970 ?        00:00:00 python /data/data/com.termux/files/home/forge/forgenet_autopilot_loop.py
u0_a449  20010     1  0  1970 ?        00:00:00 python /data/data/com.termux/files/home/forge/forgenet_autopilot_visual.py
u0_a449  24040     1  0  1970 pts/1    00:00:00 bash /data/data/com.termux/files/home/forge/forgenet_overwatch_command.sh
u0_a449  24045     1  0  1970 pts/1    00:00:00 bash /data/data/com.termux/files/home/forge/forgenet_guardian.sh
u0_a449  24056     1  0  1970 pts/1    00:00:00 bash /data/data/com.termux/files/home/forge/forgenet_mobile_ui.sh
u0_a449  24076 24056  0  1970 pts/1    00:00:00 tee -a /data/data/com.termux/files/home/forge/forgenet_mobile_ui.log
u0_a449  24082 24045  0  1970 pts/1    00:00:00 bash /data/data/com.termux/files/home/forge/forgenet_autocycle_publisher.sh
u0_a449  24697     1  0  1970 pts/3    00:00:00 bash /data/data/com.termux/files/home/forge/ForgeNet_Restore_20260105_104652/forge/forgenet_watchdog.sh
u0_a449  27521 24946  0  1970 pts/1    00:00:00 bash /data/data/com.termux/files/home/forge/forgeall.sh
u0_a449  27591 27521  0  1970 pts/1    00:00:00 bash /data/data/com.termux/files/home/forge/forgenet_recovery.sh
u0_a449  27606 27591  0  1970 pts/1    00:00:00 bash /data/data/com.termux/files/home/forge/forgeall.sh
u0_a449  27665 27606  0  1970 pts/1    00:00:00 bash /data/data/com.termux/files/home/forge/forgenet_recovery.sh
u0_a449  27680 27665  0  1970 pts/1    00:00:00 bash /data/data/com.termux/files/home/forge/forgeall.sh
u0_a449  27748 27680  0  1970 pts/1    00:00:00 bash /data/data/com.termux/files/home/forge/forgenet_recovery.sh
u0_a449  27763 27748  0  1970 pts/1    00:00:00 bash /data/data/com.termux/files/home/forge/forgeall.sh
u0_a449  27823 27763  0  1970 pts/1    00:00:00 bash /data/data/com.termux/files/home/forge/forgenet_recovery.sh
u0_a449  27843 27823  0  1970 pts/1    00:00:00 bash /data/data/com.termux/files/home/forge/forgeall.sh
u0_a449  27919 27843  0  1970 pts/1    00:00:00 bash /data/data/com.termux/files/home/forge/forgenet_recovery.sh
u0_a449  27935 27919  0  1970 pts/1    00:00:00 bash /data/data/com.termux/files/home/forge/forgeall.sh
u0_a449  28017 27935  0  1970 pts/1    00:00:00 bash /data/data/com.termux/files/home/forge/forgenet_recovery.sh
u0_a449  28033 28017  0  1970 pts/1    00:00:00 bash /data/data/com.termux/files/home/forge/forgeall.sh
u0_a449  28125 28033  0  1970 pts/1    00:00:00 bash /data/data/com.termux/files/home/forge/forgenet_recovery.sh
u0_a449  28140 28125  0  1970 pts/1    00:00:00 bash /data/data/com.termux/files/home/forge/forgeall.sh
u0_a449  28232 28140  0  1970 pts/1    00:00:00 bash /data/data/com.termux/files/home/forge/forgenet_recovery.sh
u0_a449  28249 28232  0  1970 pts/1    00:00:00 bash /data/data/com.termux/files/home/forge/forgeall.sh
u0_a449  28322 28249  0  1970 pts/1    00:00:00 bash /data/data/com.termux/files/home/forge/forgenet_recovery.sh
u0_a449  28346 28322  0  1970 pts/1    00:00:00 bash /data/data/com.termux/files/home/forge/forgeall.sh
u0_a449  28492 28346  0  1970 pts/1    00:00:00 bash /data/data/com.termux/files/home/forge/forgenet_recovery.sh
u0_a449  28516 28492  0  1970 pts/1    00:00:00 bash /data/data/com.termux/files/home/forge/forgeall.sh
u0_a449  28632 28516  0  1970 pts/1    00:00:00 bash /data/data/com.termux/files/home/forge/forgenet_recovery.sh
u0_a449  28647 28632  0  1970 pts/1    00:00:00 bash /data/data/com.termux/files/home/forge/forgeall.sh
u0_a449  28710 28647  0  1970 pts/1    00:00:00 bash /data/data/com.termux/files/home/forge/forgenet_recovery.sh
u0_a449  28725 28710  0  1970 pts/1    00:00:00 bash /data/data/com.termux/files/home/forge/forgeall.sh
u0_a449  28806 28725  0  1970 pts/1    00:00:00 bash /data/data/com.termux/files/home/forge/forgenet_recovery.sh
u0_a449  28821 28806  0  1970 pts/1    00:00:00 bash /data/data/com.termux/files/home/forge/forgeall.sh
u0_a449  28872 28821  1  1970 pts/1    00:00:00 tee -a /data/data/com.termux/files/home/forge/forgeall_master.log
u0_a449  29049     1  0  1970 ?        00:00:01 bash /data/data/com.termux/files/home/forge/forgenet_watchdog.sh
------------------------------------------------------------
📊 Logs located in: /data/data/com.termux/files/home/forge
🌐 Web UI: http://127.0.0.1:8080
============================================================
🩺 Checking system integrity...
============================================================
🔁 ForgeNet Recovery Run — 2026-01-05_120230
============================================================
✅ All essential components verified.
🚀 Relaunching ForgeAll Master Stack...
============================================================
🚀 ForgeAll Master Command Stack — 2026-01-05 12:02:30
============================================================
✅ Found: forgenet_overwatch_command.sh
✅ Found: forgenet_cognitive_loop.py
✅ Found: forgenet_guardian.sh
✅ Found: forgenet_mobile_ui.sh
✅ Found: forgenet_creativity_timeline.py
✅ Found: forgenet_decode_engine.py
🧩 Starting Cognitive Loop...
🛰️  Overwatch already running.
🛡️  Guardian already active.
💻 Mobile Web UI already active on port 8080.
============================================================
🔁 ForgeNet Recovery Run — 2026-01-05_120317
============================================================
✅ All essential components verified.
🚀 Relaunching ForgeAll Master Stack...
============================================================
🚀 ForgeAll Master Command Stack — 2026-01-05 12:03:17
============================================================
✅ Found: forgenet_overwatch_command.sh
✅ Found: forgenet_cognitive_loop.py
✅ Found: forgenet_guardian.sh
✅ Found: forgenet_mobile_ui.sh
✅ Found: forgenet_creativity_timeline.py
✅ Found: forgenet_decode_engine.py
🧩 Starting Cognitive Loop...
🛰️  Overwatch already running.
🛡️  Guardian already active.
💻 Mobile Web UI already active on port 8080.

============================================================
✅ Active Services Summary:
------------------------------------------------------------
u0_a449  20009     1  0  1970 ?        00:00:00 python /data/data/com.termux/files/home/forge/forgenet_autopilot_loop.py
u0_a449  20010     1  0  1970 ?        00:00:00 python /data/data/com.termux/files/home/forge/forgenet_autopilot_visual.py
u0_a449  24040     1  0  1970 pts/1    00:00:00 bash /data/data/com.termux/files/home/forge/forgenet_overwatch_command.sh
u0_a449  24045     1  0  1970 pts/1    00:00:00 bash /data/data/com.termux/files/home/forge/forgenet_guardian.sh
u0_a449  24056     1  0  1970 pts/1    00:00:00 bash /data/data/com.termux/files/home/forge/forgenet_mobile_ui.sh
u0_a449  24076 24056  0  1970 pts/1    00:00:00 tee -a /data/data/com.termux/files/home/forge/forgenet_mobile_ui.log
u0_a449  24082 24045  0  1970 pts/1    00:00:00 bash /data/data/com.termux/files/home/forge/forgenet_autocycle_publisher.sh
u0_a449  24697     1  0  1970 pts/3    00:00:00 bash /data/data/com.termux/files/home/forge/ForgeNet_Restore_20260105_104652/forge/forgenet_watchdog.sh
u0_a449  29049     1  0  1970 ?        00:00:01 bash /data/data/com.termux/files/home/forge/forgenet_watchdog.sh
u0_a449  30643 24946  0  1970 pts/1    00:00:00 bash /data/data/com.termux/files/home/forge/forgeall.sh
u0_a449  30776 30643  0  1970 pts/1    00:00:00 bash /data/data/com.termux/files/home/forge/forgenet_recovery.sh
u0_a449  30791 30776  1  1970 pts/1    00:00:00 bash /data/data/com.termux/files/home/forge/forgeall.sh
u0_a449  30948 30941 20  1970 ?        00:00:00 python /data/data/com.termux/files/home/forge/forgenet_research_assist.py
u0_a449  30954 30731  6  1970 ?        00:00:00 python /data/data/com.termux/files/home/forge/forgenet_cognitive_loop.py
u0_a449  30962 30791  2  1970 pts/1    00:00:00 tee -a /data/data/com.termux/files/home/forge/forgeall_master.log
------------------------------------------------------------
📊 Logs located in: /data/data/com.termux/files/home/forge
🌐 Web UI: http://127.0.0.1:8080
============================================================
🩺 Checking system integrity...
============================================================
🔁 ForgeNet Recovery Run — 2026-01-05_120321
============================================================
✅ All essential components verified.
🚀 Relaunching ForgeAll Master Stack...
============================================================
🚀 ForgeAll Master Command Stack — 2026-01-05 12:03:21
============================================================
✅ Found: forgenet_overwatch_command.sh
✅ Found: forgenet_cognitive_loop.py
✅ Found: forgenet_guardian.sh
✅ Found: forgenet_mobile_ui.sh
✅ Found: forgenet_creativity_timeline.py
✅ Found: forgenet_decode_engine.py
🧩 Starting Cognitive Loop...
🛰️  Overwatch already running.
🛡️  Guardian already active.
💻 Mobile Web UI already active on port 8080.

============================================================
✅ Active Services Summary:
------------------------------------------------------------
u0_a449  20009     1  0  1970 ?        00:00:00 python /data/data/com.termux/files/home/forge/forgenet_autopilot_loop.py
u0_a449  20010     1  0  1970 ?        00:00:00 python /data/data/com.termux/files/home/forge/forgenet_autopilot_visual.py
u0_a449  24040     1  0  1970 pts/1    00:00:00 bash /data/data/com.termux/files/home/forge/forgenet_overwatch_command.sh
u0_a449  24045     1  0  1970 pts/1    00:00:00 bash /data/data/com.termux/files/home/forge/forgenet_guardian.sh
u0_a449  24056     1  0  1970 pts/1    00:00:00 bash /data/data/com.termux/files/home/forge/forgenet_mobile_ui.sh
u0_a449  24076 24056  0  1970 pts/1    00:00:00 tee -a /data/data/com.termux/files/home/forge/forgenet_mobile_ui.log
u0_a449  24082 24045  0  1970 pts/1    00:00:00 bash /data/data/com.termux/files/home/forge/forgenet_autocycle_publisher.sh
u0_a449  24697     1  0  1970 pts/3    00:00:00 bash /data/data/com.termux/files/home/forge/ForgeNet_Restore_20260105_104652/forge/forgenet_watchdog.sh
u0_a449  29049     1  0  1970 ?        00:00:01 bash /data/data/com.termux/files/home/forge/forgenet_watchdog.sh
u0_a449  30643 24946  0  1970 pts/1    00:00:00 bash /data/data/com.termux/files/home/forge/forgeall.sh
u0_a449  30776 30643  0  1970 pts/1    00:00:00 bash /data/data/com.termux/files/home/forge/forgenet_recovery.sh
u0_a449  30791 30776  0  1970 pts/1    00:00:00 bash /data/data/com.termux/files/home/forge/forgeall.sh
u0_a449  30976 30791  0  1970 pts/1    00:00:00 bash /data/data/com.termux/files/home/forge/forgenet_recovery.sh
u0_a449  31003 30976  1  1970 pts/1    00:00:00 bash /data/data/com.termux/files/home/forge/forgeall.sh
u0_a449  31137 31003  1  1970 pts/1    00:00:00 tee -a /data/data/com.termux/files/home/forge/forgeall_master.log
------------------------------------------------------------
📊 Logs located in: /data/data/com.termux/files/home/forge
🌐 Web UI: http://127.0.0.1:8080
============================================================
🩺 Checking system integrity...
============================================================
🔁 ForgeNet Recovery Run — 2026-01-05_120324
============================================================
✅ All essential components verified.
🚀 Relaunching ForgeAll Master Stack...
============================================================
🚀 ForgeAll Master Command Stack — 2026-01-05 12:03:25
============================================================
✅ Found: forgenet_overwatch_command.sh
✅ Found: forgenet_cognitive_loop.py
✅ Found: forgenet_guardian.sh
✅ Found: forgenet_mobile_ui.sh
✅ Found: forgenet_creativity_timeline.py
✅ Found: forgenet_decode_engine.py
🧩 Starting Cognitive Loop...
🛰️  Overwatch already running.
🛡️  Guardian already active.
💻 Mobile Web UI already active on port 8080.

============================================================
✅ Active Services Summary:
------------------------------------------------------------
u0_a449  20009     1  0  1970 ?        00:00:00 python /data/data/com.termux/files/home/forge/forgenet_autopilot_loop.py
u0_a449  20010     1  0  1970 ?        00:00:00 python /data/data/com.termux/files/home/forge/forgenet_autopilot_visual.py
u0_a449  24040     1  0  1970 pts/1    00:00:00 bash /data/data/com.termux/files/home/forge/forgenet_overwatch_command.sh
u0_a449  24045     1  0  1970 pts/1    00:00:00 bash /data/data/com.termux/files/home/forge/forgenet_guardian.sh
u0_a449  24056     1  0  1970 pts/1    00:00:00 bash /data/data/com.termux/files/home/forge/forgenet_mobile_ui.sh
u0_a449  24076 24056  0  1970 pts/1    00:00:00 tee -a /data/data/com.termux/files/home/forge/forgenet_mobile_ui.log
u0_a449  24082 24045  0  1970 pts/1    00:00:00 bash /data/data/com.termux/files/home/forge/forgenet_autocycle_publisher.sh
u0_a449  24697     1  0  1970 pts/3    00:00:00 bash /data/data/com.termux/files/home/forge/ForgeNet_Restore_20260105_104652/forge/forgenet_watchdog.sh
u0_a449  29049     1  0  1970 ?        00:00:01 bash /data/data/com.termux/files/home/forge/forgenet_watchdog.sh
u0_a449  30643 24946  0  1970 pts/1    00:00:00 bash /data/data/com.termux/files/home/forge/forgeall.sh
u0_a449  30776 30643  0  1970 pts/1    00:00:00 bash /data/data/com.termux/files/home/forge/forgenet_recovery.sh
u0_a449  30791 30776  0  1970 pts/1    00:00:00 bash /data/data/com.termux/files/home/forge/forgeall.sh
u0_a449  30976 30791  0  1970 pts/1    00:00:00 bash /data/data/com.termux/files/home/forge/forgenet_recovery.sh
u0_a449  31003 30976  0  1970 pts/1    00:00:00 bash /data/data/com.termux/files/home/forge/forgeall.sh
u0_a449  31149 31003  0  1970 pts/1    00:00:00 bash /data/data/com.termux/files/home/forge/forgenet_recovery.sh
u0_a449  31171 31149  1  1970 pts/1    00:00:00 bash /data/data/com.termux/files/home/forge/forgeall.sh
u0_a449  31275 31171  0  1970 pts/1    00:00:00 tee -a /data/data/com.termux/files/home/forge/forgeall_master.log
------------------------------------------------------------
📊 Logs located in: /data/data/com.termux/files/home/forge
🌐 Web UI: http://127.0.0.1:8080
============================================================
🩺 Checking system integrity...
============================================================
🔁 ForgeNet Recovery Run — 2026-01-05_120328
============================================================
✅ All essential components verified.
🚀 Relaunching ForgeAll Master Stack...
============================================================
🚀 ForgeAll Master Command Stack — 2026-01-05 12:03:28
============================================================
✅ Found: forgenet_overwatch_command.sh
✅ Found: forgenet_cognitive_loop.py
✅ Found: forgenet_guardian.sh
✅ Found: forgenet_mobile_ui.sh
✅ Found: forgenet_creativity_timeline.py
✅ Found: forgenet_decode_engine.py
🧩 Starting Cognitive Loop...
🛰️  Overwatch already running.
🛡️  Guardian already active.
💻 Mobile Web UI already active on port 8080.

============================================================
✅ Active Services Summary:
------------------------------------------------------------
u0_a449  20009     1  0  1970 ?        00:00:00 python /data/data/com.termux/files/home/forge/forgenet_autopilot_loop.py
u0_a449  20010     1  0  1970 ?        00:00:00 python /data/data/com.termux/files/home/forge/forgenet_autopilot_visual.py
u0_a449  24040     1  0  1970 pts/1    00:00:00 bash /data/data/com.termux/files/home/forge/forgenet_overwatch_command.sh
u0_a449  24045     1  0  1970 pts/1    00:00:00 bash /data/data/com.termux/files/home/forge/forgenet_guardian.sh
u0_a449  24056     1  0  1970 pts/1    00:00:00 bash /data/data/com.termux/files/home/forge/forgenet_mobile_ui.sh
u0_a449  24076 24056  0  1970 pts/1    00:00:00 tee -a /data/data/com.termux/files/home/forge/forgenet_mobile_ui.log
u0_a449  24082 24045  0  1970 pts/1    00:00:00 bash /data/data/com.termux/files/home/forge/forgenet_autocycle_publisher.sh
u0_a449  24697     1  0  1970 pts/3    00:00:00 bash /data/data/com.termux/files/home/forge/ForgeNet_Restore_20260105_104652/forge/forgenet_watchdog.sh
u0_a449  29049     1  0  1970 ?        00:00:01 bash /data/data/com.termux/files/home/forge/forgenet_watchdog.sh
u0_a449  30643 24946  0  1970 pts/1    00:00:00 bash /data/data/com.termux/files/home/forge/forgeall.sh
u0_a449  30776 30643  0  1970 pts/1    00:00:00 bash /data/data/com.termux/files/home/forge/forgenet_recovery.sh
u0_a449  30791 30776  0  1970 pts/1    00:00:00 bash /data/data/com.termux/files/home/forge/forgeall.sh
u0_a449  30976 30791  0  1970 pts/1    00:00:00 bash /data/data/com.termux/files/home/forge/forgenet_recovery.sh
u0_a449  31003 30976  0  1970 pts/1    00:00:00 bash /data/data/com.termux/files/home/forge/forgeall.sh
u0_a449  31149 31003  0  1970 pts/1    00:00:00 bash /data/data/com.termux/files/home/forge/forgenet_recovery.sh
u0_a449  31171 31149  0  1970 pts/1    00:00:00 bash /data/data/com.termux/files/home/forge/forgeall.sh
u0_a449  31286 31171  0  1970 pts/1    00:00:00 bash /data/data/com.termux/files/home/forge/forgenet_recovery.sh
u0_a449  31301 31286  1  1970 pts/1    00:00:00 bash /data/data/com.termux/files/home/forge/forgeall.sh
u0_a449  31409 31301  1  1970 pts/1    00:00:00 tee -a /data/data/com.termux/files/home/forge/forgeall_master.log
------------------------------------------------------------
📊 Logs located in: /data/data/com.termux/files/home/forge
🌐 Web UI: http://127.0.0.1:8080
============================================================
🩺 Checking system integrity...
============================================================
🔁 ForgeNet Recovery Run — 2026-01-05_120332
============================================================
✅ All essential components verified.
🚀 Relaunching ForgeAll Master Stack...
============================================================
🚀 ForgeAll Master Command Stack — 2026-01-05 12:03:32
============================================================
✅ Found: forgenet_overwatch_command.sh
✅ Found: forgenet_cognitive_loop.py
✅ Found: forgenet_guardian.sh
✅ Found: forgenet_mobile_ui.sh
✅ Found: forgenet_creativity_timeline.py
✅ Found: forgenet_decode_engine.py
🧩 Starting Cognitive Loop...
🛰️  Overwatch already running.
🛡️  Guardian already active.
💻 Mobile Web UI already active on port 8080.

============================================================
✅ Active Services Summary:
------------------------------------------------------------
u0_a449  20009     1  0  1970 ?        00:00:00 python /data/data/com.termux/files/home/forge/forgenet_autopilot_loop.py
u0_a449  20010     1  0  1970 ?        00:00:00 python /data/data/com.termux/files/home/forge/forgenet_autopilot_visual.py
u0_a449  24040     1  0  1970 pts/1    00:00:00 bash /data/data/com.termux/files/home/forge/forgenet_overwatch_command.sh
u0_a449  24045     1  0  1970 pts/1    00:00:00 bash /data/data/com.termux/files/home/forge/forgenet_guardian.sh
u0_a449  24056     1  0  1970 pts/1    00:00:00 bash /data/data/com.termux/files/home/forge/forgenet_mobile_ui.sh
u0_a449  24076 24056  0  1970 pts/1    00:00:00 tee -a /data/data/com.termux/files/home/forge/forgenet_mobile_ui.log
u0_a449  24082 24045  0  1970 pts/1    00:00:00 bash /data/data/com.termux/files/home/forge/forgenet_autocycle_publisher.sh
u0_a449  24697     1  0  1970 pts/3    00:00:00 bash /data/data/com.termux/files/home/forge/ForgeNet_Restore_20260105_104652/forge/forgenet_watchdog.sh
u0_a449  29049     1  0  1970 ?        00:00:01 bash /data/data/com.termux/files/home/forge/forgenet_watchdog.sh
u0_a449  30643 24946  0  1970 pts/1    00:00:00 bash /data/data/com.termux/files/home/forge/forgeall.sh
u0_a449  30776 30643  0  1970 pts/1    00:00:00 bash /data/data/com.termux/files/home/forge/forgenet_recovery.sh
u0_a449  30791 30776  0  1970 pts/1    00:00:00 bash /data/data/com.termux/files/home/forge/forgeall.sh
u0_a449  30976 30791  0  1970 pts/1    00:00:00 bash /data/data/com.termux/files/home/forge/forgenet_recovery.sh
u0_a449  31003 30976  0  1970 pts/1    00:00:00 bash /data/data/com.termux/files/home/forge/forgeall.sh
u0_a449  31149 31003  0  1970 pts/1    00:00:00 bash /data/data/com.termux/files/home/forge/forgenet_recovery.sh
u0_a449  31171 31149  0  1970 pts/1    00:00:00 bash /data/data/com.termux/files/home/forge/forgeall.sh
u0_a449  31286 31171  0  1970 pts/1    00:00:00 bash /data/data/com.termux/files/home/forge/forgenet_recovery.sh
u0_a449  31301 31286  0  1970 pts/1    00:00:00 bash /data/data/com.termux/files/home/forge/forgeall.sh
u0_a449  31420 31301  0  1970 pts/1    00:00:00 bash /data/data/com.termux/files/home/forge/forgenet_recovery.sh
u0_a449  31435 31420  0  1970 pts/1    00:00:00 bash /data/data/com.termux/files/home/forge/forgeall.sh
u0_a449  31520 31510 69  1970 ?        00:00:02 python /data/data/com.termux/files/home/forge/forgenet_research_assist.py
u0_a449  31547 31435  0  1970 pts/1    00:00:00 tee -a /data/data/com.termux/files/home/forge/forgeall_master.log
------------------------------------------------------------
📊 Logs located in: /data/data/com.termux/files/home/forge
🌐 Web UI: http://127.0.0.1:8080
============================================================
🩺 Checking system integrity...
============================================================
🔁 ForgeNet Recovery Run — 2026-01-05_120335
============================================================
✅ All essential components verified.
🚀 Relaunching ForgeAll Master Stack...
============================================================
🚀 ForgeAll Master Command Stack — 2026-01-05 12:03:36
============================================================
✅ Found: forgenet_overwatch_command.sh
✅ Found: forgenet_cognitive_loop.py
✅ Found: forgenet_guardian.sh
✅ Found: forgenet_mobile_ui.sh
✅ Found: forgenet_creativity_timeline.py
✅ Found: forgenet_decode_engine.py
🧩 Starting Cognitive Loop...
🛰️  Overwatch already running.
🛡️  Guardian already active.
💻 Mobile Web UI already active on port 8080.

============================================================
✅ Active Services Summary:
------------------------------------------------------------
u0_a449  20009     1  0  1970 ?        00:00:00 python /data/data/com.termux/files/home/forge/forgenet_autopilot_loop.py
u0_a449  20010     1  0  1970 ?        00:00:00 python /data/data/com.termux/files/home/forge/forgenet_autopilot_visual.py
u0_a449  24040     1  0  1970 pts/1    00:00:00 bash /data/data/com.termux/files/home/forge/forgenet_overwatch_command.sh
u0_a449  24045     1  0  1970 pts/1    00:00:00 bash /data/data/com.termux/files/home/forge/forgenet_guardian.sh
u0_a449  24056     1  0  1970 pts/1    00:00:00 bash /data/data/com.termux/files/home/forge/forgenet_mobile_ui.sh
u0_a449  24076 24056  0  1970 pts/1    00:00:00 tee -a /data/data/com.termux/files/home/forge/forgenet_mobile_ui.log
u0_a449  24082 24045  0  1970 pts/1    00:00:00 bash /data/data/com.termux/files/home/forge/forgenet_autocycle_publisher.sh
u0_a449  24697     1  0  1970 pts/3    00:00:00 bash /data/data/com.termux/files/home/forge/ForgeNet_Restore_20260105_104652/forge/forgenet_watchdog.sh
u0_a449  29049     1  0  1970 ?        00:00:01 bash /data/data/com.termux/files/home/forge/forgenet_watchdog.sh
u0_a449  30643 24946  0  1970 pts/1    00:00:00 bash /data/data/com.termux/files/home/forge/forgeall.sh
u0_a449  30776 30643  0  1970 pts/1    00:00:00 bash /data/data/com.termux/files/home/forge/forgenet_recovery.sh
u0_a449  30791 30776  0  1970 pts/1    00:00:00 bash /data/data/com.termux/files/home/forge/forgeall.sh
u0_a449  30976 30791  0  1970 pts/1    00:00:00 bash /data/data/com.termux/files/home/forge/forgenet_recovery.sh
u0_a449  31003 30976  0  1970 pts/1    00:00:00 bash /data/data/com.termux/files/home/forge/forgeall.sh
u0_a449  31149 31003  0  1970 pts/1    00:00:00 bash /data/data/com.termux/files/home/forge/forgenet_recovery.sh
u0_a449  31171 31149  0  1970 pts/1    00:00:00 bash /data/data/com.termux/files/home/forge/forgeall.sh
u0_a449  31286 31171  0  1970 pts/1    00:00:00 bash /data/data/com.termux/files/home/forge/forgenet_recovery.sh
u0_a449  31301 31286  0  1970 pts/1    00:00:00 bash /data/data/com.termux/files/home/forge/forgeall.sh
u0_a449  31420 31301  0  1970 pts/1    00:00:00 bash /data/data/com.termux/files/home/forge/forgenet_recovery.sh
u0_a449  31435 31420  0  1970 pts/1    00:00:00 bash /data/data/com.termux/files/home/forge/forgeall.sh
u0_a449  31558 31435  0  1970 pts/1    00:00:00 bash /data/data/com.termux/files/home/forge/forgenet_recovery.sh
u0_a449  31576 31558  0  1970 pts/1    00:00:00 bash /data/data/com.termux/files/home/forge/forgeall.sh
u0_a449  31658 31651 81  1970 ?        00:00:01 python /data/data/com.termux/files/home/forge/forgenet_research_assist.py
u0_a449  31675 31576  1  1970 pts/1    00:00:00 tee -a /data/data/com.termux/files/home/forge/forgeall_master.log
------------------------------------------------------------
📊 Logs located in: /data/data/com.termux/files/home/forge
🌐 Web UI: http://127.0.0.1:8080
============================================================
🩺 Checking system integrity...
============================================================
🔁 ForgeNet Recovery Run — 2026-01-05_120339
============================================================
✅ All essential components verified.
🚀 Relaunching ForgeAll Master Stack...
============================================================
🚀 ForgeAll Master Command Stack — 2026-01-05 12:03:39
============================================================
✅ Found: forgenet_overwatch_command.sh
✅ Found: forgenet_cognitive_loop.py
✅ Found: forgenet_guardian.sh
✅ Found: forgenet_mobile_ui.sh
✅ Found: forgenet_creativity_timeline.py
✅ Found: forgenet_decode_engine.py
🧩 Starting Cognitive Loop...
🛰️  Overwatch already running.
🛡️  Guardian already active.
💻 Mobile Web UI already active on port 8080.

============================================================
✅ Active Services Summary:
------------------------------------------------------------
u0_a449  20009     1  0  1970 ?        00:00:00 python /data/data/com.termux/files/home/forge/forgenet_autopilot_loop.py
u0_a449  20010     1  0  1970 ?        00:00:00 python /data/data/com.termux/files/home/forge/forgenet_autopilot_visual.py
u0_a449  24040     1  0  1970 pts/1    00:00:00 bash /data/data/com.termux/files/home/forge/forgenet_overwatch_command.sh
u0_a449  24045     1  0  1970 pts/1    00:00:00 bash /data/data/com.termux/files/home/forge/forgenet_guardian.sh
u0_a449  24056     1  0  1970 pts/1    00:00:00 bash /data/data/com.termux/files/home/forge/forgenet_mobile_ui.sh
u0_a449  24076 24056  0  1970 pts/1    00:00:00 tee -a /data/data/com.termux/files/home/forge/forgenet_mobile_ui.log
u0_a449  24082 24045  0  1970 pts/1    00:00:00 bash /data/data/com.termux/files/home/forge/forgenet_autocycle_publisher.sh
u0_a449  24697     1  0  1970 pts/3    00:00:00 bash /data/data/com.termux/files/home/forge/ForgeNet_Restore_20260105_104652/forge/forgenet_watchdog.sh
u0_a449  29049     1  0  1970 ?        00:00:01 bash /data/data/com.termux/files/home/forge/forgenet_watchdog.sh
u0_a449  30643 24946  0  1970 pts/1    00:00:00 bash /data/data/com.termux/files/home/forge/forgeall.sh
u0_a449  30776 30643  0  1970 pts/1    00:00:00 bash /data/data/com.termux/files/home/forge/forgenet_recovery.sh
u0_a449  30791 30776  0  1970 pts/1    00:00:00 bash /data/data/com.termux/files/home/forge/forgeall.sh
u0_a449  30976 30791  0  1970 pts/1    00:00:00 bash /data/data/com.termux/files/home/forge/forgenet_recovery.sh
u0_a449  31003 30976  0  1970 pts/1    00:00:00 bash /data/data/com.termux/files/home/forge/forgeall.sh
u0_a449  31149 31003  0  1970 pts/1    00:00:00 bash /data/data/com.termux/files/home/forge/forgenet_recovery.sh
u0_a449  31171 31149  0  1970 pts/1    00:00:00 bash /data/data/com.termux/files/home/forge/forgeall.sh
u0_a449  31286 31171  0  1970 pts/1    00:00:00 bash /data/data/com.termux/files/home/forge/forgenet_recovery.sh
u0_a449  31301 31286  0  1970 pts/1    00:00:00 bash /data/data/com.termux/files/home/forge/forgeall.sh
u0_a449  31420 31301  0  1970 pts/1    00:00:00 bash /data/data/com.termux/files/home/forge/forgenet_recovery.sh
u0_a449  31435 31420  0  1970 pts/1    00:00:00 bash /data/data/com.termux/files/home/forge/forgeall.sh
u0_a449  31558 31435  0  1970 pts/1    00:00:00 bash /data/data/com.termux/files/home/forge/forgenet_recovery.sh
u0_a449  31576 31558  0  1970 pts/1    00:00:00 bash /data/data/com.termux/files/home/forge/forgeall.sh
u0_a449  31686 31576  0  1970 pts/1    00:00:00 bash /data/data/com.termux/files/home/forge/forgenet_recovery.sh
u0_a449  31701 31686  1  1970 pts/1    00:00:00 bash /data/data/com.termux/files/home/forge/forgeall.sh
u0_a449  31790 31783 61  1970 ?        00:00:01 python /data/data/com.termux/files/home/forge/forgenet_research_assist.py
u0_a449  31809 31701  0  1970 pts/1    00:00:00 tee -a /data/data/com.termux/files/home/forge/forgeall_master.log
------------------------------------------------------------
📊 Logs located in: /data/data/com.termux/files/home/forge
🌐 Web UI: http://127.0.0.1:8080
============================================================
🩺 Checking system integrity...
============================================================
🔁 ForgeNet Recovery Run — 2026-01-05_120343
============================================================
✅ All essential components verified.
🚀 Relaunching ForgeAll Master Stack...
============================================================
🚀 ForgeAll Master Command Stack — 2026-01-05 12:03:43
============================================================
✅ Found: forgenet_overwatch_command.sh
✅ Found: forgenet_cognitive_loop.py
✅ Found: forgenet_guardian.sh
✅ Found: forgenet_mobile_ui.sh
✅ Found: forgenet_creativity_timeline.py
✅ Found: forgenet_decode_engine.py
🧩 Starting Cognitive Loop...
🛰️  Overwatch already running.
🛡️  Guardian already active.
💻 Mobile Web UI already active on port 8080.

============================================================
✅ Active Services Summary:
------------------------------------------------------------
u0_a449  20009     1  0  1970 ?        00:00:00 python /data/data/com.termux/files/home/forge/forgenet_autopilot_loop.py
u0_a449  20010     1  0  1970 ?        00:00:00 python /data/data/com.termux/files/home/forge/forgenet_autopilot_visual.py
u0_a449  24040     1  0  1970 pts/1    00:00:00 bash /data/data/com.termux/files/home/forge/forgenet_overwatch_command.sh
u0_a449  24045     1  0  1970 pts/1    00:00:00 bash /data/data/com.termux/files/home/forge/forgenet_guardian.sh
u0_a449  24056     1  0  1970 pts/1    00:00:00 bash /data/data/com.termux/files/home/forge/forgenet_mobile_ui.sh
u0_a449  24076 24056  0  1970 pts/1    00:00:00 tee -a /data/data/com.termux/files/home/forge/forgenet_mobile_ui.log
u0_a449  24082 24045  0  1970 pts/1    00:00:00 bash /data/data/com.termux/files/home/forge/forgenet_autocycle_publisher.sh
u0_a449  24697     1  0  1970 pts/3    00:00:00 bash /data/data/com.termux/files/home/forge/ForgeNet_Restore_20260105_104652/forge/forgenet_watchdog.sh
u0_a449  29049     1  0  1970 ?        00:00:01 bash /data/data/com.termux/files/home/forge/forgenet_watchdog.sh
u0_a449  30643 24946  0  1970 pts/1    00:00:00 bash /data/data/com.termux/files/home/forge/forgeall.sh
u0_a449  30776 30643  0  1970 pts/1    00:00:00 bash /data/data/com.termux/files/home/forge/forgenet_recovery.sh
u0_a449  30791 30776  0  1970 pts/1    00:00:00 bash /data/data/com.termux/files/home/forge/forgeall.sh
u0_a449  30976 30791  0  1970 pts/1    00:00:00 bash /data/data/com.termux/files/home/forge/forgenet_recovery.sh
u0_a449  31003 30976  0  1970 pts/1    00:00:00 bash /data/data/com.termux/files/home/forge/forgeall.sh
u0_a449  31149 31003  0  1970 pts/1    00:00:00 bash /data/data/com.termux/files/home/forge/forgenet_recovery.sh
u0_a449  31171 31149  0  1970 pts/1    00:00:00 bash /data/data/com.termux/files/home/forge/forgeall.sh
u0_a449  31286 31171  0  1970 pts/1    00:00:00 bash /data/data/com.termux/files/home/forge/forgenet_recovery.sh
u0_a449  31301 31286  0  1970 pts/1    00:00:00 bash /data/data/com.termux/files/home/forge/forgeall.sh
u0_a449  31420 31301  0  1970 pts/1    00:00:00 bash /data/data/com.termux/files/home/forge/forgenet_recovery.sh
u0_a449  31435 31420  0  1970 pts/1    00:00:00 bash /data/data/com.termux/files/home/forge/forgeall.sh
u0_a449  31558 31435  0  1970 pts/1    00:00:00 bash /data/data/com.termux/files/home/forge/forgenet_recovery.sh
u0_a449  31576 31558  0  1970 pts/1    00:00:00 bash /data/data/com.termux/files/home/forge/forgeall.sh
u0_a449  31686 31576  0  1970 pts/1    00:00:00 bash /data/data/com.termux/files/home/forge/forgenet_recovery.sh
u0_a449  31701 31686  0  1970 pts/1    00:00:00 bash /data/data/com.termux/files/home/forge/forgeall.sh
u0_a449  31820 31701  0  1970 pts/1    00:00:00 bash /data/data/com.termux/files/home/forge/forgenet_recovery.sh
u0_a449  31836 31820  0  1970 pts/1    00:00:00 bash /data/data/com.termux/files/home/forge/forgeall.sh
u0_a449  31941 31934 15  1970 ?        00:00:00 python /data/data/com.termux/files/home/forge/forgenet_research_assist.py
u0_a449  31952 31773  0  1970 ?        00:00:00 python /data/data/com.termux/files/home/forge/forgenet_linguistic_visualizer.py
u0_a449  31956 31836  1  1970 pts/1    00:00:00 tee -a /data/data/com.termux/files/home/forge/forgeall_master.log
------------------------------------------------------------
📊 Logs located in: /data/data/com.termux/files/home/forge
🌐 Web UI: http://127.0.0.1:8080
============================================================
🩺 Checking system integrity...
============================================================
🔁 ForgeNet Recovery Run — 2026-01-05_120346
============================================================
✅ All essential components verified.
🚀 Relaunching ForgeAll Master Stack...
============================================================
🚀 ForgeAll Master Command Stack — 2026-01-05 12:03:46
============================================================
✅ Found: forgenet_overwatch_command.sh
✅ Found: forgenet_cognitive_loop.py
✅ Found: forgenet_guardian.sh
✅ Found: forgenet_mobile_ui.sh
✅ Found: forgenet_creativity_timeline.py
✅ Found: forgenet_decode_engine.py
🧩 Starting Cognitive Loop...
🛰️  Overwatch already running.
🛡️  Guardian already active.
💻 Mobile Web UI already active on port 8080.
============================================================
🔁 ForgeNet Recovery Run — 2026-01-05_120413
============================================================
✅ All essential components verified.
🚀 Relaunching ForgeAll Master Stack...
============================================================
🚀 ForgeAll Master Command Stack — 2026-01-05 12:04:13
============================================================
✅ Found: forgenet_overwatch_command.sh
✅ Found: forgenet_cognitive_loop.py
✅ Found: forgenet_guardian.sh
✅ Found: forgenet_mobile_ui.sh
✅ Found: forgenet_creativity_timeline.py
✅ Found: forgenet_decode_engine.py
🔁 Cognitive Loop already running.
🛰️  Overwatch already running.
🛡️  Guardian already active.
💻 Mobile Web UI already active on port 8080.

============================================================
✅ Active Services Summary:
------------------------------------------------------------
u0_a449  20009     1  0  1970 ?        00:00:00 python /data/data/com.termux/files/home/forge/forgenet_autopilot_loop.py
u0_a449  20010     1  0  1970 ?        00:00:00 python /data/data/com.termux/files/home/forge/forgenet_autopilot_visual.py
u0_a449  24040     1  0  1970 pts/1    00:00:00 bash /data/data/com.termux/files/home/forge/forgenet_overwatch_command.sh
u0_a449  24045     1  0  1970 pts/1    00:00:00 bash /data/data/com.termux/files/home/forge/forgenet_guardian.sh
u0_a449  24056     1  0  1970 pts/1    00:00:00 bash /data/data/com.termux/files/home/forge/forgenet_mobile_ui.sh
u0_a449  24076 24056  0  1970 pts/1    00:00:00 tee -a /data/data/com.termux/files/home/forge/forgenet_mobile_ui.log
u0_a449  24082 24045  0  1970 pts/1    00:00:00 bash /data/data/com.termux/files/home/forge/forgenet_autocycle_publisher.sh
u0_a449  24697     1  0  1970 pts/3    00:00:00 bash /data/data/com.termux/files/home/forge/ForgeNet_Restore_20260105_104652/forge/forgenet_watchdog.sh
u0_a449  29049     1  0  1970 ?        00:00:01 bash /data/data/com.termux/files/home/forge/forgenet_watchdog.sh
u0_a449  32457 24946  0  1970 pts/1    00:00:00 bash /data/data/com.termux/files/home/forge/forgeall.sh
u0_a449  32548 32457  0  1970 pts/1    00:00:00 bash /data/data/com.termux/files/home/forge/forgenet_recovery.sh
u0_a449  32577 32548  0  1970 pts/1    00:00:00 bash /data/data/com.termux/files/home/forge/forgeall.sh
u0_a449  32662 32577  0  1970 pts/1    00:00:00 tee -a /data/data/com.termux/files/home/forge/forgeall_master.log
------------------------------------------------------------
📊 Logs located in: /data/data/com.termux/files/home/forge
🌐 Web UI: http://127.0.0.1:8080
============================================================
🩺 Checking system integrity...
============================================================
🔁 ForgeNet Recovery Run — 2026-01-05_120416
============================================================
✅ All essential components verified.
🚀 Relaunching ForgeAll Master Stack...
============================================================
🚀 ForgeAll Master Command Stack — 2026-01-05 12:04:17
============================================================
✅ Found: forgenet_overwatch_command.sh
✅ Found: forgenet_cognitive_loop.py
✅ Found: forgenet_guardian.sh
✅ Found: forgenet_mobile_ui.sh
✅ Found: forgenet_creativity_timeline.py
✅ Found: forgenet_decode_engine.py
🧩 Starting Cognitive Loop...
🛰️  Overwatch already running.
🛡️  Guardian already active.
💻 Mobile Web UI already active on port 8080.

============================================================
✅ Active Services Summary:
------------------------------------------------------------
u0_a449    371 32698  0  1970 pts/1    00:00:00 tee -a /data/data/com.termux/files/home/forge/forgeall_master.log
u0_a449  20009     1  0  1970 ?        00:00:00 python /data/data/com.termux/files/home/forge/forgenet_autopilot_loop.py
u0_a449  20010     1  0  1970 ?        00:00:00 python /data/data/com.termux/files/home/forge/forgenet_autopilot_visual.py
u0_a449  24040     1  0  1970 pts/1    00:00:00 bash /data/data/com.termux/files/home/forge/forgenet_overwatch_command.sh
u0_a449  24045     1  0  1970 pts/1    00:00:00 bash /data/data/com.termux/files/home/forge/forgenet_guardian.sh
u0_a449  24056     1  0  1970 pts/1    00:00:00 bash /data/data/com.termux/files/home/forge/forgenet_mobile_ui.sh
u0_a449  24076 24056  0  1970 pts/1    00:00:00 tee -a /data/data/com.termux/files/home/forge/forgenet_mobile_ui.log
u0_a449  24082 24045  0  1970 pts/1    00:00:00 bash /data/data/com.termux/files/home/forge/forgenet_autocycle_publisher.sh
u0_a449  24697     1  0  1970 pts/3    00:00:00 bash /data/data/com.termux/files/home/forge/ForgeNet_Restore_20260105_104652/forge/forgenet_watchdog.sh
u0_a449  29049     1  0  1970 ?        00:00:01 bash /data/data/com.termux/files/home/forge/forgenet_watchdog.sh
u0_a449  32457 24946  0  1970 pts/1    00:00:00 bash /data/data/com.termux/files/home/forge/forgeall.sh
u0_a449  32548 32457  0  1970 pts/1    00:00:00 bash /data/data/com.termux/files/home/forge/forgenet_recovery.sh
u0_a449  32577 32548  0  1970 pts/1    00:00:00 bash /data/data/com.termux/files/home/forge/forgeall.sh
u0_a449  32674 32577  0  1970 pts/1    00:00:00 bash /data/data/com.termux/files/home/forge/forgenet_recovery.sh
u0_a449  32698 32674  1  1970 pts/1    00:00:00 bash /data/data/com.termux/files/home/forge/forgeall.sh
------------------------------------------------------------
📊 Logs located in: /data/data/com.termux/files/home/forge
🌐 Web UI: http://127.0.0.1:8080
============================================================
🩺 Checking system integrity...
============================================================
🔁 ForgeNet Recovery Run — 2026-01-05_120420
============================================================
✅ All essential components verified.
🚀 Relaunching ForgeAll Master Stack...
============================================================
🚀 ForgeAll Master Command Stack — 2026-01-05 12:04:20
============================================================
✅ Found: forgenet_overwatch_command.sh
✅ Found: forgenet_cognitive_loop.py
✅ Found: forgenet_guardian.sh
✅ Found: forgenet_mobile_ui.sh
✅ Found: forgenet_creativity_timeline.py
✅ Found: forgenet_decode_engine.py
🧩 Starting Cognitive Loop...
🛰️  Overwatch already running.
🛡️  Guardian already active.
💻 Mobile Web UI already active on port 8080.

============================================================
✅ Active Services Summary:
------------------------------------------------------------
u0_a449    382 32698  0  1970 pts/1    00:00:00 bash /data/data/com.termux/files/home/forge/forgenet_recovery.sh
u0_a449    406   382  1  1970 pts/1    00:00:00 bash /data/data/com.termux/files/home/forge/forgeall.sh
u0_a449    709   406  1  1970 pts/1    00:00:00 tee -a /data/data/com.termux/files/home/forge/forgeall_master.log
u0_a449  20009     1  0  1970 ?        00:00:00 python /data/data/com.termux/files/home/forge/forgenet_autopilot_loop.py
u0_a449  20010     1  0  1970 ?        00:00:00 python /data/data/com.termux/files/home/forge/forgenet_autopilot_visual.py
u0_a449  24040     1  0  1970 pts/1    00:00:00 bash /data/data/com.termux/files/home/forge/forgenet_overwatch_command.sh
u0_a449  24045     1  0  1970 pts/1    00:00:00 bash /data/data/com.termux/files/home/forge/forgenet_guardian.sh
u0_a449  24056     1  0  1970 pts/1    00:00:00 bash /data/data/com.termux/files/home/forge/forgenet_mobile_ui.sh
u0_a449  24076 24056  0  1970 pts/1    00:00:00 tee -a /data/data/com.termux/files/home/forge/forgenet_mobile_ui.log
u0_a449  24082 24045  0  1970 pts/1    00:00:00 bash /data/data/com.termux/files/home/forge/forgenet_autocycle_publisher.sh
u0_a449  24697     1  0  1970 pts/3    00:00:00 bash /data/data/com.termux/files/home/forge/ForgeNet_Restore_20260105_104652/forge/forgenet_watchdog.sh
u0_a449  29049     1  0  1970 ?        00:00:01 bash /data/data/com.termux/files/home/forge/forgenet_watchdog.sh
u0_a449  32457 24946  0  1970 pts/1    00:00:00 bash /data/data/com.termux/files/home/forge/forgeall.sh
u0_a449  32548 32457  0  1970 pts/1    00:00:00 bash /data/data/com.termux/files/home/forge/forgenet_recovery.sh
u0_a449  32577 32548  0  1970 pts/1    00:00:00 bash /data/data/com.termux/files/home/forge/forgeall.sh
u0_a449  32674 32577  0  1970 pts/1    00:00:00 bash /data/data/com.termux/files/home/forge/forgenet_recovery.sh
u0_a449  32698 32674  0  1970 pts/1    00:00:00 bash /data/data/com.termux/files/home/forge/forgeall.sh
------------------------------------------------------------
📊 Logs located in: /data/data/com.termux/files/home/forge
🌐 Web UI: http://127.0.0.1:8080
============================================================
🩺 Checking system integrity...
============================================================
🔁 ForgeNet Recovery Run — 2026-01-05_120424
============================================================
✅ All essential components verified.
🚀 Relaunching ForgeAll Master Stack...
============================================================
🚀 ForgeAll Master Command Stack — 2026-01-05 12:04:24
============================================================
✅ Found: forgenet_overwatch_command.sh
✅ Found: forgenet_cognitive_loop.py
✅ Found: forgenet_guardian.sh
✅ Found: forgenet_mobile_ui.sh
✅ Found: forgenet_creativity_timeline.py
✅ Found: forgenet_decode_engine.py
🧩 Starting Cognitive Loop...
🛰️  Overwatch already running.
🛡️  Guardian already active.
💻 Mobile Web UI already active on port 8080.

============================================================
✅ Active Services Summary:
------------------------------------------------------------
u0_a449    382 32698  0  1970 pts/1    00:00:00 bash /data/data/com.termux/files/home/forge/forgenet_recovery.sh
u0_a449    406   382  0  1970 pts/1    00:00:00 bash /data/data/com.termux/files/home/forge/forgeall.sh
u0_a449    732   406  0  1970 pts/1    00:00:00 bash /data/data/com.termux/files/home/forge/forgenet_recovery.sh
u0_a449    757   732  2  1970 pts/1    00:00:00 bash /data/data/com.termux/files/home/forge/forgeall.sh
u0_a449   1053   962  4  1970 ?        00:00:00 python /data/data/com.termux/files/home/forge/forgenet_pattern_visualizer.py
u0_a449   1068   757  0  1970 pts/1    00:00:00 tee -a /data/data/com.termux/files/home/forge/forgeall_master.log
u0_a449  20009     1  0  1970 ?        00:00:00 python /data/data/com.termux/files/home/forge/forgenet_autopilot_loop.py
u0_a449  20010     1  0  1970 ?        00:00:00 python /data/data/com.termux/files/home/forge/forgenet_autopilot_visual.py
u0_a449  24040     1  0  1970 pts/1    00:00:00 bash /data/data/com.termux/files/home/forge/forgenet_overwatch_command.sh
u0_a449  24045     1  0  1970 pts/1    00:00:00 bash /data/data/com.termux/files/home/forge/forgenet_guardian.sh
u0_a449  24056     1  0  1970 pts/1    00:00:00 bash /data/data/com.termux/files/home/forge/forgenet_mobile_ui.sh
u0_a449  24076 24056  0  1970 pts/1    00:00:00 tee -a /data/data/com.termux/files/home/forge/forgenet_mobile_ui.log
u0_a449  24082 24045  0  1970 pts/1    00:00:00 bash /data/data/com.termux/files/home/forge/forgenet_autocycle_publisher.sh
u0_a449  24697     1  0  1970 pts/3    00:00:00 bash /data/data/com.termux/files/home/forge/ForgeNet_Restore_20260105_104652/forge/forgenet_watchdog.sh
u0_a449  29049     1  0  1970 ?        00:00:01 bash /data/data/com.termux/files/home/forge/forgenet_watchdog.sh
u0_a449  32457 24946  0  1970 pts/1    00:00:00 bash /data/data/com.termux/files/home/forge/forgeall.sh
u0_a449  32548 32457  0  1970 pts/1    00:00:00 bash /data/data/com.termux/files/home/forge/forgenet_recovery.sh
u0_a449  32577 32548  0  1970 pts/1    00:00:00 bash /data/data/com.termux/files/home/forge/forgeall.sh
u0_a449  32674 32577  0  1970 pts/1    00:00:00 bash /data/data/com.termux/files/home/forge/forgenet_recovery.sh
u0_a449  32698 32674  0  1970 pts/1    00:00:00 bash /data/data/com.termux/files/home/forge/forgeall.sh
------------------------------------------------------------
📊 Logs located in: /data/data/com.termux/files/home/forge
🌐 Web UI: http://127.0.0.1:8080
============================================================
🩺 Checking system integrity...
============================================================
🔁 ForgeNet Recovery Run — 2026-01-05_120428
============================================================
✅ All essential components verified.
🚀 Relaunching ForgeAll Master Stack...
============================================================
🚀 ForgeAll Master Command Stack — 2026-01-05 12:04:28
============================================================
✅ Found: forgenet_overwatch_command.sh
✅ Found: forgenet_cognitive_loop.py
✅ Found: forgenet_guardian.sh
✅ Found: forgenet_mobile_ui.sh
✅ Found: forgenet_creativity_timeline.py
✅ Found: forgenet_decode_engine.py
🧩 Starting Cognitive Loop...
🛰️  Overwatch already running.
🛡️  Guardian already active.
💻 Mobile Web UI already active on port 8080.

============================================================
✅ Active Services Summary:
------------------------------------------------------------
u0_a449    382 32698  0  1970 pts/1    00:00:00 bash /data/data/com.termux/files/home/forge/forgenet_recovery.sh
u0_a449    406   382  0  1970 pts/1    00:00:00 bash /data/data/com.termux/files/home/forge/forgeall.sh
u0_a449    732   406  0  1970 pts/1    00:00:00 bash /data/data/com.termux/files/home/forge/forgenet_recovery.sh
u0_a449    757   732  1  1970 pts/1    00:00:00 bash /data/data/com.termux/files/home/forge/forgeall.sh
u0_a449   1145   757  0  1970 pts/1    00:00:00 bash /data/data/com.termux/files/home/forge/forgenet_recovery.sh
u0_a449   1233  1145  1  1970 pts/1    00:00:00 bash /data/data/com.termux/files/home/forge/forgeall.sh
u0_a449   1387  1380 61  1970 ?        00:00:01 python /data/data/com.termux/files/home/forge/forgenet_research_assist.py
u0_a449   1423  1233  0  1970 pts/1    00:00:00 tee -a /data/data/com.termux/files/home/forge/forgeall_master.log
u0_a449  20009     1  0  1970 ?        00:00:00 python /data/data/com.termux/files/home/forge/forgenet_autopilot_loop.py
u0_a449  20010     1  0  1970 ?        00:00:00 python /data/data/com.termux/files/home/forge/forgenet_autopilot_visual.py
u0_a449  24040     1  0  1970 pts/1    00:00:00 bash /data/data/com.termux/files/home/forge/forgenet_overwatch_command.sh
u0_a449  24045     1  0  1970 pts/1    00:00:00 bash /data/data/com.termux/files/home/forge/forgenet_guardian.sh
u0_a449  24056     1  0  1970 pts/1    00:00:00 bash /data/data/com.termux/files/home/forge/forgenet_mobile_ui.sh
u0_a449  24076 24056  0  1970 pts/1    00:00:00 tee -a /data/data/com.termux/files/home/forge/forgenet_mobile_ui.log
u0_a449  24082 24045  0  1970 pts/1    00:00:00 bash /data/data/com.termux/files/home/forge/forgenet_autocycle_publisher.sh
u0_a449  24697     1  0  1970 pts/3    00:00:00 bash /data/data/com.termux/files/home/forge/ForgeNet_Restore_20260105_104652/forge/forgenet_watchdog.sh
u0_a449  29049     1  0  1970 ?        00:00:01 bash /data/data/com.termux/files/home/forge/forgenet_watchdog.sh
u0_a449  32457 24946  0  1970 pts/1    00:00:00 bash /data/data/com.termux/files/home/forge/forgeall.sh
u0_a449  32548 32457  0  1970 pts/1    00:00:00 bash /data/data/com.termux/files/home/forge/forgenet_recovery.sh
u0_a449  32577 32548  0  1970 pts/1    00:00:00 bash /data/data/com.termux/files/home/forge/forgeall.sh
u0_a449  32674 32577  0  1970 pts/1    00:00:00 bash /data/data/com.termux/files/home/forge/forgenet_recovery.sh
u0_a449  32698 32674  0  1970 pts/1    00:00:00 bash /data/data/com.termux/files/home/forge/forgeall.sh
------------------------------------------------------------
📊 Logs located in: /data/data/com.termux/files/home/forge
🌐 Web UI: http://127.0.0.1:8080
============================================================
🩺 Checking system integrity...
============================================================
🔁 ForgeNet Recovery Run — 2026-01-05_120431
============================================================
✅ All essential components verified.
🚀 Relaunching ForgeAll Master Stack...
============================================================
🚀 ForgeAll Master Command Stack — 2026-01-05 12:04:32
============================================================
✅ Found: forgenet_overwatch_command.sh
✅ Found: forgenet_cognitive_loop.py
✅ Found: forgenet_guardian.sh
✅ Found: forgenet_mobile_ui.sh
✅ Found: forgenet_creativity_timeline.py
✅ Found: forgenet_decode_engine.py
🧩 Starting Cognitive Loop...
🛰️  Overwatch already running.
🛡️  Guardian already active.
💻 Mobile Web UI already active on port 8080.

============================================================
✅ Active Services Summary:
------------------------------------------------------------
u0_a449    382 32698  0  1970 pts/1    00:00:00 bash /data/data/com.termux/files/home/forge/forgenet_recovery.sh
u0_a449    406   382  0  1970 pts/1    00:00:00 bash /data/data/com.termux/files/home/forge/forgeall.sh
u0_a449    732   406  0  1970 pts/1    00:00:00 bash /data/data/com.termux/files/home/forge/forgenet_recovery.sh
u0_a449    757   732  0  1970 pts/1    00:00:00 bash /data/data/com.termux/files/home/forge/forgeall.sh
u0_a449   1145   757  0  1970 pts/1    00:00:00 bash /data/data/com.termux/files/home/forge/forgenet_recovery.sh
u0_a449   1233  1145  0  1970 pts/1    00:00:00 bash /data/data/com.termux/files/home/forge/forgeall.sh
u0_a449   1446  1233  0  1970 pts/1    00:00:00 bash /data/data/com.termux/files/home/forge/forgenet_recovery.sh
u0_a449   1465  1446  0  1970 pts/1    00:00:00 bash /data/data/com.termux/files/home/forge/forgeall.sh
u0_a449   1682  1674 44  1970 ?        00:00:01 python /data/data/com.termux/files/home/forge/forgenet_research_assist.py
u0_a449   1756  1465  0  1970 pts/1    00:00:00 tee -a /data/data/com.termux/files/home/forge/forgeall_master.log
u0_a449  20009     1  0  1970 ?        00:00:00 python /data/data/com.termux/files/home/forge/forgenet_autopilot_loop.py
u0_a449  20010     1  0  1970 ?        00:00:00 python /data/data/com.termux/files/home/forge/forgenet_autopilot_visual.py
u0_a449  24040     1  0  1970 pts/1    00:00:00 bash /data/data/com.termux/files/home/forge/forgenet_overwatch_command.sh
u0_a449  24045     1  0  1970 pts/1    00:00:00 bash /data/data/com.termux/files/home/forge/forgenet_guardian.sh
u0_a449  24056     1  0  1970 pts/1    00:00:00 bash /data/data/com.termux/files/home/forge/forgenet_mobile_ui.sh
u0_a449  24076 24056  0  1970 pts/1    00:00:00 tee -a /data/data/com.termux/files/home/forge/forgenet_mobile_ui.log
u0_a449  24082 24045  0  1970 pts/1    00:00:00 bash /data/data/com.termux/files/home/forge/forgenet_autocycle_publisher.sh
u0_a449  24697     1  0  1970 pts/3    00:00:00 bash /data/data/com.termux/files/home/forge/ForgeNet_Restore_20260105_104652/forge/forgenet_watchdog.sh
u0_a449  29049     1  0  1970 ?        00:00:01 bash /data/data/com.termux/files/home/forge/forgenet_watchdog.sh
u0_a449  32457 24946  0  1970 pts/1    00:00:00 bash /data/data/com.termux/files/home/forge/forgeall.sh
u0_a449  32548 32457  0  1970 pts/1    00:00:00 bash /data/data/com.termux/files/home/forge/forgenet_recovery.sh
u0_a449  32577 32548  0  1970 pts/1    00:00:00 bash /data/data/com.termux/files/home/forge/forgeall.sh
u0_a449  32674 32577  0  1970 pts/1    00:00:00 bash /data/data/com.termux/files/home/forge/forgenet_recovery.sh
u0_a449  32698 32674  0  1970 pts/1    00:00:00 bash /data/data/com.termux/files/home/forge/forgeall.sh
------------------------------------------------------------
📊 Logs located in: /data/data/com.termux/files/home/forge
🌐 Web UI: http://127.0.0.1:8080
============================================================
🩺 Checking system integrity...
============================================================
🔁 ForgeNet Recovery Run — 2026-01-05_120435
============================================================
✅ All essential components verified.
🚀 Relaunching ForgeAll Master Stack...
============================================================
🚀 ForgeAll Master Command Stack — 2026-01-05 12:04:35
============================================================
✅ Found: forgenet_overwatch_command.sh
✅ Found: forgenet_cognitive_loop.py
✅ Found: forgenet_guardian.sh
✅ Found: forgenet_mobile_ui.sh
✅ Found: forgenet_creativity_timeline.py
✅ Found: forgenet_decode_engine.py
🧩 Starting Cognitive Loop...
🛰️  Overwatch already running.
🛡️  Guardian already active.
💻 Mobile Web UI already active on port 8080.

============================================================
✅ Active Services Summary:
------------------------------------------------------------
u0_a449    382 32698  0  1970 pts/1    00:00:00 bash /data/data/com.termux/files/home/forge/forgenet_recovery.sh
u0_a449    406   382  0  1970 pts/1    00:00:00 bash /data/data/com.termux/files/home/forge/forgeall.sh
u0_a449    732   406  0  1970 pts/1    00:00:00 bash /data/data/com.termux/files/home/forge/forgenet_recovery.sh
u0_a449    757   732  0  1970 pts/1    00:00:00 bash /data/data/com.termux/files/home/forge/forgeall.sh
u0_a449   1145   757  0  1970 pts/1    00:00:00 bash /data/data/com.termux/files/home/forge/forgenet_recovery.sh
u0_a449   1233  1145  0  1970 pts/1    00:00:00 bash /data/data/com.termux/files/home/forge/forgeall.sh
u0_a449   1446  1233  0  1970 pts/1    00:00:00 bash /data/data/com.termux/files/home/forge/forgenet_recovery.sh
u0_a449   1465  1446  0  1970 pts/1    00:00:00 bash /data/data/com.termux/files/home/forge/forgeall.sh
u0_a449   1772  1465  0  1970 pts/1    00:00:00 bash /data/data/com.termux/files/home/forge/forgenet_recovery.sh
u0_a449   1787  1772  1  1970 pts/1    00:00:00 bash /data/data/com.termux/files/home/forge/forgeall.sh
u0_a449   1984  1957 43  1970 ?        00:00:00 python /data/data/com.termux/files/home/forge/forgenet_research_assist.py
u0_a449   2006  1787  1  1970 pts/1    00:00:00 tee -a /data/data/com.termux/files/home/forge/forgeall_master.log
u0_a449  20009     1  0  1970 ?        00:00:00 python /data/data/com.termux/files/home/forge/forgenet_autopilot_loop.py
u0_a449  20010     1  0  1970 ?        00:00:00 python /data/data/com.termux/files/home/forge/forgenet_autopilot_visual.py
u0_a449  24040     1  0  1970 pts/1    00:00:00 bash /data/data/com.termux/files/home/forge/forgenet_overwatch_command.sh
u0_a449  24045     1  0  1970 pts/1    00:00:00 bash /data/data/com.termux/files/home/forge/forgenet_guardian.sh
u0_a449  24056     1  0  1970 pts/1    00:00:00 bash /data/data/com.termux/files/home/forge/forgenet_mobile_ui.sh
u0_a449  24076 24056  0  1970 pts/1    00:00:00 tee -a /data/data/com.termux/files/home/forge/forgenet_mobile_ui.log
u0_a449  24082 24045  0  1970 pts/1    00:00:00 bash /data/data/com.termux/files/home/forge/forgenet_autocycle_publisher.sh
u0_a449  24697     1  0  1970 pts/3    00:00:00 bash /data/data/com.termux/files/home/forge/ForgeNet_Restore_20260105_104652/forge/forgenet_watchdog.sh
u0_a449  29049     1  0  1970 ?        00:00:01 bash /data/data/com.termux/files/home/forge/forgenet_watchdog.sh
u0_a449  32457 24946  0  1970 pts/1    00:00:00 bash /data/data/com.termux/files/home/forge/forgeall.sh
u0_a449  32548 32457  0  1970 pts/1    00:00:00 bash /data/data/com.termux/files/home/forge/forgenet_recovery.sh
u0_a449  32577 32548  0  1970 pts/1    00:00:00 bash /data/data/com.termux/files/home/forge/forgeall.sh
u0_a449  32674 32577  0  1970 pts/1    00:00:00 bash /data/data/com.termux/files/home/forge/forgenet_recovery.sh
u0_a449  32698 32674  0  1970 pts/1    00:00:00 bash /data/data/com.termux/files/home/forge/forgeall.sh
------------------------------------------------------------
📊 Logs located in: /data/data/com.termux/files/home/forge
🌐 Web UI: http://127.0.0.1:8080
============================================================
🩺 Checking system integrity...
============================================================
🔁 ForgeNet Recovery Run — 2026-01-05_120439
============================================================
✅ All essential components verified.
🚀 Relaunching ForgeAll Master Stack...
============================================================
🚀 ForgeAll Master Command Stack — 2026-01-05 12:04:39
============================================================
✅ Found: forgenet_overwatch_command.sh
✅ Found: forgenet_cognitive_loop.py
✅ Found: forgenet_guardian.sh
✅ Found: forgenet_mobile_ui.sh
✅ Found: forgenet_creativity_timeline.py
✅ Found: forgenet_decode_engine.py
🧩 Starting Cognitive Loop...
🛰️  Overwatch already running.
🛡️  Guardian already active.
💻 Mobile Web UI already active on port 8080.

============================================================
✅ Active Services Summary:
------------------------------------------------------------
u0_a449    382 32698  0  1970 pts/1    00:00:00 bash /data/data/com.termux/files/home/forge/forgenet_recovery.sh
u0_a449    406   382  0  1970 pts/1    00:00:00 bash /data/data/com.termux/files/home/forge/forgeall.sh
u0_a449    732   406  0  1970 pts/1    00:00:00 bash /data/data/com.termux/files/home/forge/forgenet_recovery.sh
u0_a449    757   732  0  1970 pts/1    00:00:00 bash /data/data/com.termux/files/home/forge/forgeall.sh
u0_a449   1145   757  0  1970 pts/1    00:00:00 bash /data/data/com.termux/files/home/forge/forgenet_recovery.sh
u0_a449   1233  1145  0  1970 pts/1    00:00:00 bash /data/data/com.termux/files/home/forge/forgeall.sh
u0_a449   1446  1233  0  1970 pts/1    00:00:00 bash /data/data/com.termux/files/home/forge/forgenet_recovery.sh
u0_a449   1465  1446  0  1970 pts/1    00:00:00 bash /data/data/com.termux/files/home/forge/forgeall.sh
u0_a449   1772  1465  0  1970 pts/1    00:00:00 bash /data/data/com.termux/files/home/forge/forgenet_recovery.sh
u0_a449   1787  1772  0  1970 pts/1    00:00:00 bash /data/data/com.termux/files/home/forge/forgeall.sh
u0_a449   2018  1787  0  1970 pts/1    00:00:00 bash /data/data/com.termux/files/home/forge/forgenet_recovery.sh
u0_a449   2059  2018  1  1970 pts/1    00:00:00 bash /data/data/com.termux/files/home/forge/forgeall.sh
u0_a449   2303  2289 18  1970 ?        00:00:00 python /data/data/com.termux/files/home/forge/forgenet_research_assist.py
u0_a449   2311  1912  7  1970 ?        00:00:00 python /data/data/com.termux/files/home/forge/forgenet_genesis_interpreter.py
u0_a449   2327  2059  1  1970 pts/1    00:00:00 tee -a /data/data/com.termux/files/home/forge/forgeall_master.log
u0_a449  20009     1  0  1970 ?        00:00:00 python /data/data/com.termux/files/home/forge/forgenet_autopilot_loop.py
u0_a449  20010     1  0  1970 ?        00:00:00 python /data/data/com.termux/files/home/forge/forgenet_autopilot_visual.py
u0_a449  24040     1  0  1970 pts/1    00:00:00 bash /data/data/com.termux/files/home/forge/forgenet_overwatch_command.sh
u0_a449  24045     1  0  1970 pts/1    00:00:00 bash /data/data/com.termux/files/home/forge/forgenet_guardian.sh
u0_a449  24056     1  0  1970 pts/1    00:00:00 bash /data/data/com.termux/files/home/forge/forgenet_mobile_ui.sh
u0_a449  24076 24056  0  1970 pts/1    00:00:00 tee -a /data/data/com.termux/files/home/forge/forgenet_mobile_ui.log
u0_a449  24082 24045  0  1970 pts/1    00:00:00 bash /data/data/com.termux/files/home/forge/forgenet_autocycle_publisher.sh
u0_a449  24697     1  0  1970 pts/3    00:00:00 bash /data/data/com.termux/files/home/forge/ForgeNet_Restore_20260105_104652/forge/forgenet_watchdog.sh
u0_a449  29049     1  0  1970 ?        00:00:01 bash /data/data/com.termux/files/home/forge/forgenet_watchdog.sh
u0_a449  32457 24946  0  1970 pts/1    00:00:00 bash /data/data/com.termux/files/home/forge/forgeall.sh
u0_a449  32548 32457  0  1970 pts/1    00:00:00 bash /data/data/com.termux/files/home/forge/forgenet_recovery.sh
u0_a449  32577 32548  0  1970 pts/1    00:00:00 bash /data/data/com.termux/files/home/forge/forgeall.sh
u0_a449  32674 32577  0  1970 pts/1    00:00:00 bash /data/data/com.termux/files/home/forge/forgenet_recovery.sh
u0_a449  32698 32674  0  1970 pts/1    00:00:00 bash /data/data/com.termux/files/home/forge/forgeall.sh
------------------------------------------------------------
📊 Logs located in: /data/data/com.termux/files/home/forge
🌐 Web UI: http://127.0.0.1:8080
============================================================
🩺 Checking system integrity...
============================================================
🔁 ForgeNet Recovery Run — 2026-01-05_120442
============================================================
✅ All essential components verified.
🚀 Relaunching ForgeAll Master Stack...
============================================================
🚀 ForgeAll Master Command Stack — 2026-01-05 12:04:43
============================================================
✅ Found: forgenet_overwatch_command.sh
✅ Found: forgenet_cognitive_loop.py
✅ Found: forgenet_guardian.sh
✅ Found: forgenet_mobile_ui.sh
✅ Found: forgenet_creativity_timeline.py
✅ Found: forgenet_decode_engine.py
🧩 Starting Cognitive Loop...
🛰️  Overwatch already running.
🛡️  Guardian already active.
💻 Mobile Web UI already active on port 8080.

============================================================
✅ Active Services Summary:
------------------------------------------------------------
u0_a449    382 32698  0  1970 pts/1    00:00:00 bash /data/data/com.termux/files/home/forge/forgenet_recovery.sh
u0_a449    406   382  0  1970 pts/1    00:00:00 bash /data/data/com.termux/files/home/forge/forgeall.sh
u0_a449    732   406  0  1970 pts/1    00:00:00 bash /data/data/com.termux/files/home/forge/forgenet_recovery.sh
u0_a449    757   732  0  1970 pts/1    00:00:00 bash /data/data/com.termux/files/home/forge/forgeall.sh
u0_a449   1145   757  0  1970 pts/1    00:00:00 bash /data/data/com.termux/files/home/forge/forgenet_recovery.sh
u0_a449   1233  1145  0  1970 pts/1    00:00:00 bash /data/data/com.termux/files/home/forge/forgeall.sh
u0_a449   1446  1233  0  1970 pts/1    00:00:00 bash /data/data/com.termux/files/home/forge/forgenet_recovery.sh
u0_a449   1465  1446  0  1970 pts/1    00:00:00 bash /data/data/com.termux/files/home/forge/forgeall.sh
u0_a449   1772  1465  0  1970 pts/1    00:00:00 bash /data/data/com.termux/files/home/forge/forgenet_recovery.sh
u0_a449   1787  1772  0  1970 pts/1    00:00:00 bash /data/data/com.termux/files/home/forge/forgeall.sh
u0_a449   2018  1787  0  1970 pts/1    00:00:00 bash /data/data/com.termux/files/home/forge/forgenet_recovery.sh
u0_a449   2059  2018  0  1970 pts/1    00:00:00 bash /data/data/com.termux/files/home/forge/forgeall.sh
u0_a449   2339  2059  0  1970 pts/1    00:00:00 bash /data/data/com.termux/files/home/forge/forgenet_recovery.sh
u0_a449   2368  2339  0  1970 pts/1    00:00:00 bash /data/data/com.termux/files/home/forge/forgeall.sh
u0_a449   2634  2368  0  1970 pts/1    00:00:00 tee -a /data/data/com.termux/files/home/forge/forgeall_master.log
u0_a449  20009     1  0  1970 ?        00:00:00 python /data/data/com.termux/files/home/forge/forgenet_autopilot_loop.py
u0_a449  20010     1  0  1970 ?        00:00:00 python /data/data/com.termux/files/home/forge/forgenet_autopilot_visual.py
u0_a449  24040     1  0  1970 pts/1    00:00:00 bash /data/data/com.termux/files/home/forge/forgenet_overwatch_command.sh
u0_a449  24045     1  0  1970 pts/1    00:00:00 bash /data/data/com.termux/files/home/forge/forgenet_guardian.sh
u0_a449  24056     1  0  1970 pts/1    00:00:00 bash /data/data/com.termux/files/home/forge/forgenet_mobile_ui.sh
u0_a449  24076 24056  0  1970 pts/1    00:00:00 tee -a /data/data/com.termux/files/home/forge/forgenet_mobile_ui.log
u0_a449  24082 24045  0  1970 pts/1    00:00:00 bash /data/data/com.termux/files/home/forge/forgenet_autocycle_publisher.sh
u0_a449  24697     1  0  1970 pts/3    00:00:00 bash /data/data/com.termux/files/home/forge/ForgeNet_Restore_20260105_104652/forge/forgenet_watchdog.sh
u0_a449  29049     1  0  1970 ?        00:00:01 bash /data/data/com.termux/files/home/forge/forgenet_watchdog.sh
u0_a449  32457 24946  0  1970 pts/1    00:00:00 bash /data/data/com.termux/files/home/forge/forgeall.sh
u0_a449  32548 32457  0  1970 pts/1    00:00:00 bash /data/data/com.termux/files/home/forge/forgenet_recovery.sh
u0_a449  32577 32548  0  1970 pts/1    00:00:00 bash /data/data/com.termux/files/home/forge/forgeall.sh
u0_a449  32674 32577  0  1970 pts/1    00:00:00 bash /data/data/com.termux/files/home/forge/forgenet_recovery.sh
u0_a449  32698 32674  0  1970 pts/1    00:00:00 bash /data/data/com.termux/files/home/forge/forgeall.sh
------------------------------------------------------------
📊 Logs located in: /data/data/com.termux/files/home/forge
🌐 Web UI: http://127.0.0.1:8080
============================================================
🩺 Checking system integrity...
============================================================
🔁 ForgeNet Recovery Run — 2026-01-05_120446
============================================================
✅ All essential components verified.
🚀 Relaunching ForgeAll Master Stack...
============================================================
🚀 ForgeAll Master Command Stack — 2026-01-05 12:04:46
============================================================
✅ Found: forgenet_overwatch_command.sh
✅ Found: forgenet_cognitive_loop.py
✅ Found: forgenet_guardian.sh
✅ Found: forgenet_mobile_ui.sh
✅ Found: forgenet_creativity_timeline.py
✅ Found: forgenet_decode_engine.py
🧩 Starting Cognitive Loop...
🛰️  Overwatch already running.
🛡️  Guardian already active.
💻 Mobile Web UI already active on port 8080.

============================================================
✅ Active Services Summary:
------------------------------------------------------------
u0_a449    382 32698  0  1970 pts/1    00:00:00 bash /data/data/com.termux/files/home/forge/forgenet_recovery.sh
u0_a449    406   382  0  1970 pts/1    00:00:00 bash /data/data/com.termux/files/home/forge/forgeall.sh
u0_a449    732   406  0  1970 pts/1    00:00:00 bash /data/data/com.termux/files/home/forge/forgenet_recovery.sh
u0_a449    757   732  0  1970 pts/1    00:00:00 bash /data/data/com.termux/files/home/forge/forgeall.sh
u0_a449   1145   757  0  1970 pts/1    00:00:00 bash /data/data/com.termux/files/home/forge/forgenet_recovery.sh
u0_a449   1233  1145  0  1970 pts/1    00:00:00 bash /data/data/com.termux/files/home/forge/forgeall.sh
u0_a449   1446  1233  0  1970 pts/1    00:00:00 bash /data/data/com.termux/files/home/forge/forgenet_recovery.sh
u0_a449   1465  1446  0  1970 pts/1    00:00:00 bash /data/data/com.termux/files/home/forge/forgeall.sh
u0_a449   1772  1465  0  1970 pts/1    00:00:00 bash /data/data/com.termux/files/home/forge/forgenet_recovery.sh
u0_a449   1787  1772  0  1970 pts/1    00:00:00 bash /data/data/com.termux/files/home/forge/forgeall.sh
u0_a449   2018  1787  0  1970 pts/1    00:00:00 bash /data/data/com.termux/files/home/forge/forgenet_recovery.sh
u0_a449   2059  2018  0  1970 pts/1    00:00:00 bash /data/data/com.termux/files/home/forge/forgeall.sh
u0_a449   2339  2059  0  1970 pts/1    00:00:00 bash /data/data/com.termux/files/home/forge/forgenet_recovery.sh
u0_a449   2368  2339  0  1970 pts/1    00:00:00 bash /data/data/com.termux/files/home/forge/forgeall.sh
u0_a449   2659  2368  0  1970 pts/1    00:00:00 bash /data/data/com.termux/files/home/forge/forgenet_recovery.sh
u0_a449   2681  2659  0  1970 pts/1    00:00:00 bash /data/data/com.termux/files/home/forge/forgeall.sh
u0_a449   2949  2776 70  1970 ?        00:00:02 python /data/data/com.termux/files/home/forge/forgenet_research_assist.py
u0_a449   3140  2681  0  1970 pts/1    00:00:00 tee -a /data/data/com.termux/files/home/forge/forgeall_master.log
u0_a449  20009     1  0  1970 ?        00:00:00 python /data/data/com.termux/files/home/forge/forgenet_autopilot_loop.py
u0_a449  20010     1  0  1970 ?        00:00:00 python /data/data/com.termux/files/home/forge/forgenet_autopilot_visual.py
u0_a449  24040     1  0  1970 pts/1    00:00:00 bash /data/data/com.termux/files/home/forge/forgenet_overwatch_command.sh
u0_a449  24045     1  0  1970 pts/1    00:00:00 bash /data/data/com.termux/files/home/forge/forgenet_guardian.sh
u0_a449  24056     1  0  1970 pts/1    00:00:00 bash /data/data/com.termux/files/home/forge/forgenet_mobile_ui.sh
u0_a449  24076 24056  0  1970 pts/1    00:00:00 tee -a /data/data/com.termux/files/home/forge/forgenet_mobile_ui.log
u0_a449  24082 24045  0  1970 pts/1    00:00:00 bash /data/data/com.termux/files/home/forge/forgenet_autocycle_publisher.sh
u0_a449  24697     1  0  1970 pts/3    00:00:00 bash /data/data/com.termux/files/home/forge/ForgeNet_Restore_20260105_104652/forge/forgenet_watchdog.sh
u0_a449  29049     1  0  1970 ?        00:00:01 bash /data/data/com.termux/files/home/forge/forgenet_watchdog.sh
u0_a449  32457 24946  0  1970 pts/1    00:00:00 bash /data/data/com.termux/files/home/forge/forgeall.sh
u0_a449  32548 32457  0  1970 pts/1    00:00:00 bash /data/data/com.termux/files/home/forge/forgenet_recovery.sh
u0_a449  32577 32548  0  1970 pts/1    00:00:00 bash /data/data/com.termux/files/home/forge/forgeall.sh
u0_a449  32674 32577  0  1970 pts/1    00:00:00 bash /data/data/com.termux/files/home/forge/forgenet_recovery.sh
u0_a449  32698 32674  0  1970 pts/1    00:00:00 bash /data/data/com.termux/files/home/forge/forgeall.sh
------------------------------------------------------------
📊 Logs located in: /data/data/com.termux/files/home/forge
🌐 Web UI: http://127.0.0.1:8080
============================================================
🩺 Checking system integrity...
============================================================
🔁 ForgeNet Recovery Run — 2026-01-05_120449
============================================================
✅ All essential components verified.
🚀 Relaunching ForgeAll Master Stack...
============================================================
🚀 ForgeAll Master Command Stack — 2026-01-05 12:04:50
============================================================
✅ Found: forgenet_overwatch_command.sh
✅ Found: forgenet_cognitive_loop.py
✅ Found: forgenet_guardian.sh
✅ Found: forgenet_mobile_ui.sh
✅ Found: forgenet_creativity_timeline.py
✅ Found: forgenet_decode_engine.py
🧩 Starting Cognitive Loop...
🛰️  Overwatch already running.
🛡️  Guardian already active.
💻 Mobile Web UI already active on port 8080.

============================================================
✅ Active Services Summary:
------------------------------------------------------------
u0_a449    382 32698  0  1970 pts/1    00:00:00 bash /data/data/com.termux/files/home/forge/forgenet_recovery.sh
u0_a449    406   382  0  1970 pts/1    00:00:00 bash /data/data/com.termux/files/home/forge/forgeall.sh
u0_a449    732   406  0  1970 pts/1    00:00:00 bash /data/data/com.termux/files/home/forge/forgenet_recovery.sh
u0_a449    757   732  0  1970 pts/1    00:00:00 bash /data/data/com.termux/files/home/forge/forgeall.sh
u0_a449   1145   757  0  1970 pts/1    00:00:00 bash /data/data/com.termux/files/home/forge/forgenet_recovery.sh
u0_a449   1233  1145  0  1970 pts/1    00:00:00 bash /data/data/com.termux/files/home/forge/forgeall.sh
u0_a449   1446  1233  0  1970 pts/1    00:00:00 bash /data/data/com.termux/files/home/forge/forgenet_recovery.sh
u0_a449   1465  1446  0  1970 pts/1    00:00:00 bash /data/data/com.termux/files/home/forge/forgeall.sh
u0_a449   1772  1465  0  1970 pts/1    00:00:00 bash /data/data/com.termux/files/home/forge/forgenet_recovery.sh
u0_a449   1787  1772  0  1970 pts/1    00:00:00 bash /data/data/com.termux/files/home/forge/forgeall.sh
u0_a449   2018  1787  0  1970 pts/1    00:00:00 bash /data/data/com.termux/files/home/forge/forgenet_recovery.sh
u0_a449   2059  2018  0  1970 pts/1    00:00:00 bash /data/data/com.termux/files/home/forge/forgeall.sh
u0_a449   2339  2059  0  1970 pts/1    00:00:00 bash /data/data/com.termux/files/home/forge/forgenet_recovery.sh
u0_a449   2368  2339  0  1970 pts/1    00:00:00 bash /data/data/com.termux/files/home/forge/forgeall.sh
u0_a449   2659  2368  0  1970 pts/1    00:00:00 bash /data/data/com.termux/files/home/forge/forgenet_recovery.sh
u0_a449   2681  2659  0  1970 pts/1    00:00:00 bash /data/data/com.termux/files/home/forge/forgeall.sh
u0_a449   3154  2681  0  1970 pts/1    00:00:00 bash /data/data/com.termux/files/home/forge/forgenet_recovery.sh
u0_a449   3202  3154  0  1970 pts/1    00:00:00 bash /data/data/com.termux/files/home/forge/forgeall.sh
u0_a449   3368  3355 55  1970 ?        00:00:01 python /data/data/com.termux/files/home/forge/forgenet_research_assist.py
u0_a449   3404  3202  0  1970 pts/1    00:00:00 tee -a /data/data/com.termux/files/home/forge/forgeall_master.log
u0_a449  20009     1  0  1970 ?        00:00:00 python /data/data/com.termux/files/home/forge/forgenet_autopilot_loop.py
u0_a449  20010     1  0  1970 ?        00:00:00 python /data/data/com.termux/files/home/forge/forgenet_autopilot_visual.py
u0_a449  24040     1  0  1970 pts/1    00:00:00 bash /data/data/com.termux/files/home/forge/forgenet_overwatch_command.sh
u0_a449  24045     1  0  1970 pts/1    00:00:00 bash /data/data/com.termux/files/home/forge/forgenet_guardian.sh
u0_a449  24056     1  0  1970 pts/1    00:00:00 bash /data/data/com.termux/files/home/forge/forgenet_mobile_ui.sh
u0_a449  24076 24056  0  1970 pts/1    00:00:00 tee -a /data/data/com.termux/files/home/forge/forgenet_mobile_ui.log
u0_a449  24082 24045  0  1970 pts/1    00:00:00 bash /data/data/com.termux/files/home/forge/forgenet_autocycle_publisher.sh
u0_a449  24697     1  0  1970 pts/3    00:00:00 bash /data/data/com.termux/files/home/forge/ForgeNet_Restore_20260105_104652/forge/forgenet_watchdog.sh
u0_a449  29049     1  0  1970 ?        00:00:01 bash /data/data/com.termux/files/home/forge/forgenet_watchdog.sh
u0_a449  32457 24946  0  1970 pts/1    00:00:00 bash /data/data/com.termux/files/home/forge/forgeall.sh
u0_a449  32548 32457  0  1970 pts/1    00:00:00 bash /data/data/com.termux/files/home/forge/forgenet_recovery.sh
u0_a449  32577 32548  0  1970 pts/1    00:00:00 bash /data/data/com.termux/files/home/forge/forgeall.sh
u0_a449  32674 32577  0  1970 pts/1    00:00:00 bash /data/data/com.termux/files/home/forge/forgenet_recovery.sh
u0_a449  32698 32674  0  1970 pts/1    00:00:00 bash /data/data/com.termux/files/home/forge/forgeall.sh
------------------------------------------------------------
📊 Logs located in: /data/data/com.termux/files/home/forge
🌐 Web UI: http://127.0.0.1:8080
============================================================
🩺 Checking system integrity...
============================================================
🔁 ForgeNet Recovery Run — 2026-01-05_120453
============================================================
✅ All essential components verified.
🚀 Relaunching ForgeAll Master Stack...
============================================================
🚀 ForgeAll Master Command Stack — 2026-01-05 12:04:53
============================================================
✅ Found: forgenet_overwatch_command.sh
✅ Found: forgenet_cognitive_loop.py
✅ Found: forgenet_guardian.sh
✅ Found: forgenet_mobile_ui.sh
✅ Found: forgenet_creativity_timeline.py
✅ Found: forgenet_decode_engine.py
🧩 Starting Cognitive Loop...
🛰️  Overwatch already running.
🛡️  Guardian already active.
💻 Mobile Web UI already active on port 8080.

============================================================
✅ Active Services Summary:
------------------------------------------------------------
u0_a449    382 32698  0  1970 pts/1    00:00:00 bash /data/data/com.termux/files/home/forge/forgenet_recovery.sh
u0_a449    406   382  0  1970 pts/1    00:00:00 bash /data/data/com.termux/files/home/forge/forgeall.sh
u0_a449    732   406  0  1970 pts/1    00:00:00 bash /data/data/com.termux/files/home/forge/forgenet_recovery.sh
u0_a449    757   732  0  1970 pts/1    00:00:00 bash /data/data/com.termux/files/home/forge/forgeall.sh
u0_a449   1145   757  0  1970 pts/1    00:00:00 bash /data/data/com.termux/files/home/forge/forgenet_recovery.sh
u0_a449   1233  1145  0  1970 pts/1    00:00:00 bash /data/data/com.termux/files/home/forge/forgeall.sh
u0_a449   1446  1233  0  1970 pts/1    00:00:00 bash /data/data/com.termux/files/home/forge/forgenet_recovery.sh
u0_a449   1465  1446  0  1970 pts/1    00:00:00 bash /data/data/com.termux/files/home/forge/forgeall.sh
u0_a449   1772  1465  0  1970 pts/1    00:00:00 bash /data/data/com.termux/files/home/forge/forgenet_recovery.sh
u0_a449   1787  1772  0  1970 pts/1    00:00:00 bash /data/data/com.termux/files/home/forge/forgeall.sh
u0_a449   2018  1787  0  1970 pts/1    00:00:00 bash /data/data/com.termux/files/home/forge/forgenet_recovery.sh
u0_a449   2059  2018  0  1970 pts/1    00:00:00 bash /data/data/com.termux/files/home/forge/forgeall.sh
u0_a449   2339  2059  0  1970 pts/1    00:00:00 bash /data/data/com.termux/files/home/forge/forgenet_recovery.sh
u0_a449   2368  2339  0  1970 pts/1    00:00:00 bash /data/data/com.termux/files/home/forge/forgeall.sh
u0_a449   2659  2368  0  1970 pts/1    00:00:00 bash /data/data/com.termux/files/home/forge/forgenet_recovery.sh
u0_a449   2681  2659  0  1970 pts/1    00:00:00 bash /data/data/com.termux/files/home/forge/forgeall.sh
u0_a449   3154  2681  0  1970 pts/1    00:00:00 bash /data/data/com.termux/files/home/forge/forgenet_recovery.sh
u0_a449   3202  3154  0  1970 pts/1    00:00:00 bash /data/data/com.termux/files/home/forge/forgeall.sh
u0_a449   3419  3202  0  1970 pts/1    00:00:00 bash /data/data/com.termux/files/home/forge/forgenet_recovery.sh
u0_a449   3444  3419  0  1970 pts/1    00:00:00 bash /data/data/com.termux/files/home/forge/forgeall.sh
u0_a449   3606  3597 27  1970 ?        00:00:00 python /data/data/com.termux/files/home/forge/forgenet_research_assist.py
u0_a449   3631  3444  0  1970 pts/1    00:00:00 tee -a /data/data/com.termux/files/home/forge/forgeall_master.log
u0_a449  20009     1  0  1970 ?        00:00:00 python /data/data/com.termux/files/home/forge/forgenet_autopilot_loop.py
u0_a449  20010     1  0  1970 ?        00:00:00 python /data/data/com.termux/files/home/forge/forgenet_autopilot_visual.py
u0_a449  24040     1  0  1970 pts/1    00:00:00 bash /data/data/com.termux/files/home/forge/forgenet_overwatch_command.sh
u0_a449  24045     1  0  1970 pts/1    00:00:00 bash /data/data/com.termux/files/home/forge/forgenet_guardian.sh
u0_a449  24056     1  0  1970 pts/1    00:00:00 bash /data/data/com.termux/files/home/forge/forgenet_mobile_ui.sh
u0_a449  24076 24056  0  1970 pts/1    00:00:00 tee -a /data/data/com.termux/files/home/forge/forgenet_mobile_ui.log
u0_a449  24082 24045  0  1970 pts/1    00:00:00 bash /data/data/com.termux/files/home/forge/forgenet_autocycle_publisher.sh
u0_a449  24697     1  0  1970 pts/3    00:00:00 bash /data/data/com.termux/files/home/forge/ForgeNet_Restore_20260105_104652/forge/forgenet_watchdog.sh
u0_a449  29049     1  0  1970 ?        00:00:01 bash /data/data/com.termux/files/home/forge/forgenet_watchdog.sh
u0_a449  32457 24946  0  1970 pts/1    00:00:00 bash /data/data/com.termux/files/home/forge/forgeall.sh
u0_a449  32548 32457  0  1970 pts/1    00:00:00 bash /data/data/com.termux/files/home/forge/forgenet_recovery.sh
u0_a449  32577 32548  0  1970 pts/1    00:00:00 bash /data/data/com.termux/files/home/forge/forgeall.sh
u0_a449  32674 32577  0  1970 pts/1    00:00:00 bash /data/data/com.termux/files/home/forge/forgenet_recovery.sh
u0_a449  32698 32674  0  1970 pts/1    00:00:00 bash /data/data/com.termux/files/home/forge/forgeall.sh
------------------------------------------------------------
📊 Logs located in: /data/data/com.termux/files/home/forge
🌐 Web UI: http://127.0.0.1:8080
============================================================
🩺 Checking system integrity...
============================================================
🔁 ForgeNet Recovery Run — 2026-01-05_120457
============================================================
✅ All essential components verified.
🚀 Relaunching ForgeAll Master Stack...
============================================================
🚀 ForgeAll Master Command Stack — 2026-01-05 12:04:57
============================================================
✅ Found: forgenet_overwatch_command.sh
✅ Found: forgenet_cognitive_loop.py
✅ Found: forgenet_guardian.sh
✅ Found: forgenet_mobile_ui.sh
✅ Found: forgenet_creativity_timeline.py
✅ Found: forgenet_decode_engine.py
🧩 Starting Cognitive Loop...
🛰️  Overwatch already running.
🛡️  Guardian already active.
💻 Mobile Web UI already active on port 8080.

============================================================
✅ Active Services Summary:
------------------------------------------------------------
u0_a449    382 32698  0  1970 pts/1    00:00:00 bash /data/data/com.termux/files/home/forge/forgenet_recovery.sh
u0_a449    406   382  0  1970 pts/1    00:00:00 bash /data/data/com.termux/files/home/forge/forgeall.sh
u0_a449    732   406  0  1970 pts/1    00:00:00 bash /data/data/com.termux/files/home/forge/forgenet_recovery.sh
u0_a449    757   732  0  1970 pts/1    00:00:00 bash /data/data/com.termux/files/home/forge/forgeall.sh
u0_a449   1145   757  0  1970 pts/1    00:00:00 bash /data/data/com.termux/files/home/forge/forgenet_recovery.sh
u0_a449   1233  1145  0  1970 pts/1    00:00:00 bash /data/data/com.termux/files/home/forge/forgeall.sh
u0_a449   1446  1233  0  1970 pts/1    00:00:00 bash /data/data/com.termux/files/home/forge/forgenet_recovery.sh
u0_a449   1465  1446  0  1970 pts/1    00:00:00 bash /data/data/com.termux/files/home/forge/forgeall.sh
u0_a449   1772  1465  0  1970 pts/1    00:00:00 bash /data/data/com.termux/files/home/forge/forgenet_recovery.sh
u0_a449   1787  1772  0  1970 pts/1    00:00:00 bash /data/data/com.termux/files/home/forge/forgeall.sh
u0_a449   2018  1787  0  1970 pts/1    00:00:00 bash /data/data/com.termux/files/home/forge/forgenet_recovery.sh
u0_a449   2059  2018  0  1970 pts/1    00:00:00 bash /data/data/com.termux/files/home/forge/forgeall.sh
u0_a449   2339  2059  0  1970 pts/1    00:00:00 bash /data/data/com.termux/files/home/forge/forgenet_recovery.sh
u0_a449   2368  2339  0  1970 pts/1    00:00:00 bash /data/data/com.termux/files/home/forge/forgeall.sh
u0_a449   2659  2368  0  1970 pts/1    00:00:00 bash /data/data/com.termux/files/home/forge/forgenet_recovery.sh
u0_a449   2681  2659  0  1970 pts/1    00:00:00 bash /data/data/com.termux/files/home/forge/forgeall.sh
u0_a449   3154  2681  0  1970 pts/1    00:00:00 bash /data/data/com.termux/files/home/forge/forgenet_recovery.sh
u0_a449   3202  3154  0  1970 pts/1    00:00:00 bash /data/data/com.termux/files/home/forge/forgeall.sh
u0_a449   3419  3202  0  1970 pts/1    00:00:00 bash /data/data/com.termux/files/home/forge/forgenet_recovery.sh
u0_a449   3444  3419  0  1970 pts/1    00:00:00 bash /data/data/com.termux/files/home/forge/forgeall.sh
u0_a449   3697  3444  0  1970 pts/1    00:00:00 bash /data/data/com.termux/files/home/forge/forgenet_recovery.sh
u0_a449   3790  3697  0  1970 pts/1    00:00:00 bash /data/data/com.termux/files/home/forge/forgeall.sh
u0_a449   3936  3919  4  1970 ?        00:00:00 python /data/data/com.termux/files/home/forge/forgenet_research_assist.py
u0_a449   3940  3586  3  1970 ?        00:00:00 python /data/data/com.termux/files/home/forge/forgenet_reflective_mind.py
u0_a449   3955  3790  0  1970 pts/1    00:00:00 tee -a /data/data/com.termux/files/home/forge/forgeall_master.log
u0_a449  20009     1  0  1970 ?        00:00:00 python /data/data/com.termux/files/home/forge/forgenet_autopilot_loop.py
u0_a449  20010     1  0  1970 ?        00:00:00 python /data/data/com.termux/files/home/forge/forgenet_autopilot_visual.py
u0_a449  24040     1  0  1970 pts/1    00:00:00 bash /data/data/com.termux/files/home/forge/forgenet_overwatch_command.sh
u0_a449  24045     1  0  1970 pts/1    00:00:00 bash /data/data/com.termux/files/home/forge/forgenet_guardian.sh
u0_a449  24056     1  0  1970 pts/1    00:00:00 bash /data/data/com.termux/files/home/forge/forgenet_mobile_ui.sh
u0_a449  24076 24056  0  1970 pts/1    00:00:00 tee -a /data/data/com.termux/files/home/forge/forgenet_mobile_ui.log
u0_a449  24082 24045  0  1970 pts/1    00:00:00 bash /data/data/com.termux/files/home/forge/forgenet_autocycle_publisher.sh
u0_a449  24697     1  0  1970 pts/3    00:00:00 bash /data/data/com.termux/files/home/forge/ForgeNet_Restore_20260105_104652/forge/forgenet_watchdog.sh
u0_a449  29049     1  0  1970 ?        00:00:01 bash /data/data/com.termux/files/home/forge/forgenet_watchdog.sh
u0_a449  32457 24946  0  1970 pts/1    00:00:00 bash /data/data/com.termux/files/home/forge/forgeall.sh
u0_a449  32548 32457  0  1970 pts/1    00:00:00 bash /data/data/com.termux/files/home/forge/forgenet_recovery.sh
u0_a449  32577 32548  0  1970 pts/1    00:00:00 bash /data/data/com.termux/files/home/forge/forgeall.sh
u0_a449  32674 32577  0  1970 pts/1    00:00:00 bash /data/data/com.termux/files/home/forge/forgenet_recovery.sh
u0_a449  32698 32674  0  1970 pts/1    00:00:00 bash /data/data/com.termux/files/home/forge/forgeall.sh
------------------------------------------------------------
📊 Logs located in: /data/data/com.termux/files/home/forge
🌐 Web UI: http://127.0.0.1:8080
============================================================
🩺 Checking system integrity...
============================================================
🔁 ForgeNet Recovery Run — 2026-01-05_120500
============================================================
✅ All essential components verified.
🚀 Relaunching ForgeAll Master Stack...
============================================================
🚀 ForgeAll Master Command Stack — 2026-01-05 12:05:00
============================================================
✅ Found: forgenet_overwatch_command.sh
✅ Found: forgenet_cognitive_loop.py
✅ Found: forgenet_guardian.sh
✅ Found: forgenet_mobile_ui.sh
✅ Found: forgenet_creativity_timeline.py
✅ Found: forgenet_decode_engine.py
🧩 Starting Cognitive Loop...
🛰️  Overwatch already running.
🛡️  Guardian already active.
💻 Mobile Web UI already active on port 8080.

============================================================
✅ Active Services Summary:
------------------------------------------------------------
u0_a449    382 32698  0  1970 pts/1    00:00:00 bash /data/data/com.termux/files/home/forge/forgenet_recovery.sh
u0_a449    406   382  0  1970 pts/1    00:00:00 bash /data/data/com.termux/files/home/forge/forgeall.sh
u0_a449    732   406  0  1970 pts/1    00:00:00 bash /data/data/com.termux/files/home/forge/forgenet_recovery.sh
u0_a449    757   732  0  1970 pts/1    00:00:00 bash /data/data/com.termux/files/home/forge/forgeall.sh
u0_a449   1145   757  0  1970 pts/1    00:00:00 bash /data/data/com.termux/files/home/forge/forgenet_recovery.sh
u0_a449   1233  1145  0  1970 pts/1    00:00:00 bash /data/data/com.termux/files/home/forge/forgeall.sh
u0_a449   1446  1233  0  1970 pts/1    00:00:00 bash /data/data/com.termux/files/home/forge/forgenet_recovery.sh
u0_a449   1465  1446  0  1970 pts/1    00:00:00 bash /data/data/com.termux/files/home/forge/forgeall.sh
u0_a449   1772  1465  0  1970 pts/1    00:00:00 bash /data/data/com.termux/files/home/forge/forgenet_recovery.sh
u0_a449   1787  1772  0  1970 pts/1    00:00:00 bash /data/data/com.termux/files/home/forge/forgeall.sh
u0_a449   2018  1787  0  1970 pts/1    00:00:00 bash /data/data/com.termux/files/home/forge/forgenet_recovery.sh
u0_a449   2059  2018  0  1970 pts/1    00:00:00 bash /data/data/com.termux/files/home/forge/forgeall.sh
u0_a449   2339  2059  0  1970 pts/1    00:00:00 bash /data/data/com.termux/files/home/forge/forgenet_recovery.sh
u0_a449   2368  2339  0  1970 pts/1    00:00:00 bash /data/data/com.termux/files/home/forge/forgeall.sh
u0_a449   2659  2368  0  1970 pts/1    00:00:00 bash /data/data/com.termux/files/home/forge/forgenet_recovery.sh
u0_a449   2681  2659  0  1970 pts/1    00:00:00 bash /data/data/com.termux/files/home/forge/forgeall.sh
u0_a449   3154  2681  0  1970 pts/1    00:00:00 bash /data/data/com.termux/files/home/forge/forgenet_recovery.sh
u0_a449   3202  3154  0  1970 pts/1    00:00:00 bash /data/data/com.termux/files/home/forge/forgeall.sh
u0_a449   3419  3202  0  1970 pts/1    00:00:00 bash /data/data/com.termux/files/home/forge/forgenet_recovery.sh
u0_a449   3444  3419  0  1970 pts/1    00:00:00 bash /data/data/com.termux/files/home/forge/forgeall.sh
u0_a449   3697  3444  0  1970 pts/1    00:00:00 bash /data/data/com.termux/files/home/forge/forgenet_recovery.sh
u0_a449   3790  3697  0  1970 pts/1    00:00:00 bash /data/data/com.termux/files/home/forge/forgeall.sh
u0_a449   3979  3790  0  1970 pts/1    00:00:00 bash /data/data/com.termux/files/home/forge/forgenet_recovery.sh
u0_a449   4009  3979  0  1970 pts/1    00:00:00 bash /data/data/com.termux/files/home/forge/forgeall.sh
u0_a449   4087  3897  6  1970 ?        00:00:00 python /data/data/com.termux/files/home/forge/forgenet_memory_engine.py
u0_a449   4101  4091  0  1970 ?        00:00:00 tee -a /data/data/com.termux/files/home/forge/forgenet_intel_20260105_120504.log
u0_a449   4105  4009  1  1970 pts/1    00:00:00 tee -a /data/data/com.termux/files/home/forge/forgeall_master.log
u0_a449  20009     1  0  1970 ?        00:00:00 python /data/data/com.termux/files/home/forge/forgenet_autopilot_loop.py
u0_a449  20010     1  0  1970 ?        00:00:00 python /data/data/com.termux/files/home/forge/forgenet_autopilot_visual.py
u0_a449  24040     1  0  1970 pts/1    00:00:00 bash /data/data/com.termux/files/home/forge/forgenet_overwatch_command.sh
u0_a449  24045     1  0  1970 pts/1    00:00:00 bash /data/data/com.termux/files/home/forge/forgenet_guardian.sh
u0_a449  24056     1  0  1970 pts/1    00:00:00 bash /data/data/com.termux/files/home/forge/forgenet_mobile_ui.sh
u0_a449  24076 24056  0  1970 pts/1    00:00:00 tee -a /data/data/com.termux/files/home/forge/forgenet_mobile_ui.log
u0_a449  24082 24045  0  1970 pts/1    00:00:00 bash /data/data/com.termux/files/home/forge/forgenet_autocycle_publisher.sh
u0_a449  24697     1  0  1970 pts/3    00:00:00 bash /data/data/com.termux/files/home/forge/ForgeNet_Restore_20260105_104652/forge/forgenet_watchdog.sh
u0_a449  29049     1  0  1970 ?        00:00:01 bash /data/data/com.termux/files/home/forge/forgenet_watchdog.sh
u0_a449  32457 24946  0  1970 pts/1    00:00:00 bash /data/data/com.termux/files/home/forge/forgeall.sh
u0_a449  32548 32457  0  1970 pts/1    00:00:00 bash /data/data/com.termux/files/home/forge/forgenet_recovery.sh
u0_a449  32577 32548  0  1970 pts/1    00:00:00 bash /data/data/com.termux/files/home/forge/forgeall.sh
u0_a449  32674 32577  0  1970 pts/1    00:00:00 bash /data/data/com.termux/files/home/forge/forgenet_recovery.sh
u0_a449  32698 32674  0  1970 pts/1    00:00:00 bash /data/data/com.termux/files/home/forge/forgeall.sh
------------------------------------------------------------
📊 Logs located in: /data/data/com.termux/files/home/forge
🌐 Web UI: http://127.0.0.1:8080
============================================================
🩺 Checking system integrity...
============================================================
🔁 ForgeNet Recovery Run — 2026-01-05_120504
============================================================
✅ All essential components verified.
🚀 Relaunching ForgeAll Master Stack...
============================================================
🚀 ForgeAll Master Command Stack — 2026-01-05 12:05:04
============================================================
✅ Found: forgenet_overwatch_command.sh
✅ Found: forgenet_cognitive_loop.py
✅ Found: forgenet_guardian.sh
✅ Found: forgenet_mobile_ui.sh
✅ Found: forgenet_creativity_timeline.py
✅ Found: forgenet_decode_engine.py
🧩 Starting Cognitive Loop...
🛰️  Overwatch already running.
🛡️  Guardian already active.
💻 Mobile Web UI already active on port 8080.

============================================================
✅ Active Services Summary:
------------------------------------------------------------
u0_a449    382 32698  0  1970 pts/1    00:00:00 bash /data/data/com.termux/files/home/forge/forgenet_recovery.sh
u0_a449    406   382  0  1970 pts/1    00:00:00 bash /data/data/com.termux/files/home/forge/forgeall.sh
u0_a449    732   406  0  1970 pts/1    00:00:00 bash /data/data/com.termux/files/home/forge/forgenet_recovery.sh
u0_a449    757   732  0  1970 pts/1    00:00:00 bash /data/data/com.termux/files/home/forge/forgeall.sh
u0_a449   1145   757  0  1970 pts/1    00:00:00 bash /data/data/com.termux/files/home/forge/forgenet_recovery.sh
u0_a449   1233  1145  0  1970 pts/1    00:00:00 bash /data/data/com.termux/files/home/forge/forgeall.sh
u0_a449   1446  1233  0  1970 pts/1    00:00:00 bash /data/data/com.termux/files/home/forge/forgenet_recovery.sh
u0_a449   1465  1446  0  1970 pts/1    00:00:00 bash /data/data/com.termux/files/home/forge/forgeall.sh
u0_a449   1772  1465  0  1970 pts/1    00:00:00 bash /data/data/com.termux/files/home/forge/forgenet_recovery.sh
u0_a449   1787  1772  0  1970 pts/1    00:00:00 bash /data/data/com.termux/files/home/forge/forgeall.sh
u0_a449   2018  1787  0  1970 pts/1    00:00:00 bash /data/data/com.termux/files/home/forge/forgenet_recovery.sh
u0_a449   2059  2018  0  1970 pts/1    00:00:00 bash /data/data/com.termux/files/home/forge/forgeall.sh
u0_a449   2339  2059  0  1970 pts/1    00:00:00 bash /data/data/com.termux/files/home/forge/forgenet_recovery.sh
u0_a449   2368  2339  0  1970 pts/1    00:00:00 bash /data/data/com.termux/files/home/forge/forgeall.sh
u0_a449   2659  2368  0  1970 pts/1    00:00:00 bash /data/data/com.termux/files/home/forge/forgenet_recovery.sh
u0_a449   2681  2659  0  1970 pts/1    00:00:00 bash /data/data/com.termux/files/home/forge/forgeall.sh
u0_a449   3154  2681  0  1970 pts/1    00:00:00 bash /data/data/com.termux/files/home/forge/forgenet_recovery.sh
u0_a449   3202  3154  0  1970 pts/1    00:00:00 bash /data/data/com.termux/files/home/forge/forgeall.sh
u0_a449   3419  3202  0  1970 pts/1    00:00:00 bash /data/data/com.termux/files/home/forge/forgenet_recovery.sh
u0_a449   3444  3419  0  1970 pts/1    00:00:00 bash /data/data/com.termux/files/home/forge/forgeall.sh
u0_a449   3697  3444  0  1970 pts/1    00:00:00 bash /data/data/com.termux/files/home/forge/forgenet_recovery.sh
u0_a449   3790  3697  0  1970 pts/1    00:00:00 bash /data/data/com.termux/files/home/forge/forgeall.sh
u0_a449   3979  3790  0  1970 pts/1    00:00:00 bash /data/data/com.termux/files/home/forge/forgenet_recovery.sh
u0_a449   4009  3979  0  1970 pts/1    00:00:00 bash /data/data/com.termux/files/home/forge/forgeall.sh
u0_a449   4125  4009  0  1970 pts/1    00:00:00 bash /data/data/com.termux/files/home/forge/forgenet_recovery.sh
u0_a449   4144  4125  0  1970 pts/1    00:00:00 bash /data/data/com.termux/files/home/forge/forgeall.sh
u0_a449   4230  4144  0  1970 pts/1    00:00:00 tee -a /data/data/com.termux/files/home/forge/forgeall_master.log
u0_a449  20009     1  0  1970 ?        00:00:00 python /data/data/com.termux/files/home/forge/forgenet_autopilot_loop.py
u0_a449  20010     1  0  1970 ?        00:00:00 python /data/data/com.termux/files/home/forge/forgenet_autopilot_visual.py
u0_a449  24040     1  0  1970 pts/1    00:00:00 bash /data/data/com.termux/files/home/forge/forgenet_overwatch_command.sh
u0_a449  24045     1  0  1970 pts/1    00:00:00 bash /data/data/com.termux/files/home/forge/forgenet_guardian.sh
u0_a449  24056     1  0  1970 pts/1    00:00:00 bash /data/data/com.termux/files/home/forge/forgenet_mobile_ui.sh
u0_a449  24076 24056  0  1970 pts/1    00:00:00 tee -a /data/data/com.termux/files/home/forge/forgenet_mobile_ui.log
u0_a449  24082 24045  0  1970 pts/1    00:00:00 bash /data/data/com.termux/files/home/forge/forgenet_autocycle_publisher.sh
u0_a449  24697     1  0  1970 pts/3    00:00:00 bash /data/data/com.termux/files/home/forge/ForgeNet_Restore_20260105_104652/forge/forgenet_watchdog.sh
u0_a449  29049     1  0  1970 ?        00:00:01 bash /data/data/com.termux/files/home/forge/forgenet_watchdog.sh
u0_a449  32457 24946  0  1970 pts/1    00:00:00 bash /data/data/com.termux/files/home/forge/forgeall.sh
u0_a449  32548 32457  0  1970 pts/1    00:00:00 bash /data/data/com.termux/files/home/forge/forgenet_recovery.sh
u0_a449  32577 32548  0  1970 pts/1    00:00:00 bash /data/data/com.termux/files/home/forge/forgeall.sh
u0_a449  32674 32577  0  1970 pts/1    00:00:00 bash /data/data/com.termux/files/home/forge/forgenet_recovery.sh
u0_a449  32698 32674  0  1970 pts/1    00:00:00 bash /data/data/com.termux/files/home/forge/forgeall.sh
------------------------------------------------------------
📊 Logs located in: /data/data/com.termux/files/home/forge
🌐 Web UI: http://127.0.0.1:8080
============================================================
🩺 Checking system integrity...
============================================================
🔁 ForgeNet Recovery Run — 2026-01-05_120507
============================================================
✅ All essential components verified.
🚀 Relaunching ForgeAll Master Stack...
============================================================
🚀 ForgeAll Master Command Stack — 2026-01-05 12:05:07
============================================================
✅ Found: forgenet_overwatch_command.sh
✅ Found: forgenet_cognitive_loop.py
✅ Found: forgenet_guardian.sh
✅ Found: forgenet_mobile_ui.sh
✅ Found: forgenet_creativity_timeline.py
✅ Found: forgenet_decode_engine.py
🧩 Starting Cognitive Loop...
🛰️  Overwatch already running.
🛡️  Guardian already active.
💻 Mobile Web UI already active on port 8080.

============================================================
✅ Active Services Summary:
------------------------------------------------------------
u0_a449    382 32698  0  1970 pts/1    00:00:00 bash /data/data/com.termux/files/home/forge/forgenet_recovery.sh
u0_a449    406   382  0  1970 pts/1    00:00:00 bash /data/data/com.termux/files/home/forge/forgeall.sh
u0_a449    732   406  0  1970 pts/1    00:00:00 bash /data/data/com.termux/files/home/forge/forgenet_recovery.sh
u0_a449    757   732  0  1970 pts/1    00:00:00 bash /data/data/com.termux/files/home/forge/forgeall.sh
u0_a449   1145   757  0  1970 pts/1    00:00:00 bash /data/data/com.termux/files/home/forge/forgenet_recovery.sh
u0_a449   1233  1145  0  1970 pts/1    00:00:00 bash /data/data/com.termux/files/home/forge/forgeall.sh
u0_a449   1446  1233  0  1970 pts/1    00:00:00 bash /data/data/com.termux/files/home/forge/forgenet_recovery.sh
u0_a449   1465  1446  0  1970 pts/1    00:00:00 bash /data/data/com.termux/files/home/forge/forgeall.sh
u0_a449   1772  1465  0  1970 pts/1    00:00:00 bash /data/data/com.termux/files/home/forge/forgenet_recovery.sh
u0_a449   1787  1772  0  1970 pts/1    00:00:00 bash /data/data/com.termux/files/home/forge/forgeall.sh
u0_a449   2018  1787  0  1970 pts/1    00:00:00 bash /data/data/com.termux/files/home/forge/forgenet_recovery.sh
u0_a449   2059  2018  0  1970 pts/1    00:00:00 bash /data/data/com.termux/files/home/forge/forgeall.sh
u0_a449   2339  2059  0  1970 pts/1    00:00:00 bash /data/data/com.termux/files/home/forge/forgenet_recovery.sh
u0_a449   2368  2339  0  1970 pts/1    00:00:00 bash /data/data/com.termux/files/home/forge/forgeall.sh
u0_a449   2659  2368  0  1970 pts/1    00:00:00 bash /data/data/com.termux/files/home/forge/forgenet_recovery.sh
u0_a449   2681  2659  0  1970 pts/1    00:00:00 bash /data/data/com.termux/files/home/forge/forgeall.sh
u0_a449   3154  2681  0  1970 pts/1    00:00:00 bash /data/data/com.termux/files/home/forge/forgenet_recovery.sh
u0_a449   3202  3154  0  1970 pts/1    00:00:00 bash /data/data/com.termux/files/home/forge/forgeall.sh
u0_a449   3419  3202  0  1970 pts/1    00:00:00 bash /data/data/com.termux/files/home/forge/forgenet_recovery.sh
u0_a449   3444  3419  0  1970 pts/1    00:00:00 bash /data/data/com.termux/files/home/forge/forgeall.sh
u0_a449   3697  3444  0  1970 pts/1    00:00:00 bash /data/data/com.termux/files/home/forge/forgenet_recovery.sh
u0_a449   3790  3697  0  1970 pts/1    00:00:00 bash /data/data/com.termux/files/home/forge/forgeall.sh
u0_a449   3979  3790  0  1970 pts/1    00:00:00 bash /data/data/com.termux/files/home/forge/forgenet_recovery.sh
u0_a449   4009  3979  0  1970 pts/1    00:00:00 bash /data/data/com.termux/files/home/forge/forgeall.sh
u0_a449   4125  4009  0  1970 pts/1    00:00:00 bash /data/data/com.termux/files/home/forge/forgenet_recovery.sh
u0_a449   4144  4125  0  1970 pts/1    00:00:00 bash /data/data/com.termux/files/home/forge/forgeall.sh
u0_a449   4242  4144  0  1970 pts/1    00:00:00 bash /data/data/com.termux/files/home/forge/forgenet_recovery.sh
u0_a449   4274  4242  1  1970 pts/1    00:00:00 bash /data/data/com.termux/files/home/forge/forgeall.sh
u0_a449   4386  4274  1  1970 pts/1    00:00:00 tee -a /data/data/com.termux/files/home/forge/forgeall_master.log
u0_a449  20009     1  0  1970 ?        00:00:00 python /data/data/com.termux/files/home/forge/forgenet_autopilot_loop.py
u0_a449  20010     1  0  1970 ?        00:00:00 python /data/data/com.termux/files/home/forge/forgenet_autopilot_visual.py
u0_a449  24040     1  0  1970 pts/1    00:00:00 bash /data/data/com.termux/files/home/forge/forgenet_overwatch_command.sh
u0_a449  24045     1  0  1970 pts/1    00:00:00 bash /data/data/com.termux/files/home/forge/forgenet_guardian.sh
u0_a449  24056     1  0  1970 pts/1    00:00:00 bash /data/data/com.termux/files/home/forge/forgenet_mobile_ui.sh
u0_a449  24076 24056  0  1970 pts/1    00:00:00 tee -a /data/data/com.termux/files/home/forge/forgenet_mobile_ui.log
u0_a449  24082 24045  0  1970 pts/1    00:00:00 bash /data/data/com.termux/files/home/forge/forgenet_autocycle_publisher.sh
u0_a449  24697     1  0  1970 pts/3    00:00:00 bash /data/data/com.termux/files/home/forge/ForgeNet_Restore_20260105_104652/forge/forgenet_watchdog.sh
u0_a449  29049     1  0  1970 ?        00:00:01 bash /data/data/com.termux/files/home/forge/forgenet_watchdog.sh
u0_a449  32457 24946  0  1970 pts/1    00:00:00 bash /data/data/com.termux/files/home/forge/forgeall.sh
u0_a449  32548 32457  0  1970 pts/1    00:00:00 bash /data/data/com.termux/files/home/forge/forgenet_recovery.sh
u0_a449  32577 32548  0  1970 pts/1    00:00:00 bash /data/data/com.termux/files/home/forge/forgeall.sh
u0_a449  32674 32577  0  1970 pts/1    00:00:00 bash /data/data/com.termux/files/home/forge/forgenet_recovery.sh
u0_a449  32698 32674  0  1970 pts/1    00:00:00 bash /data/data/com.termux/files/home/forge/forgeall.sh
------------------------------------------------------------
📊 Logs located in: /data/data/com.termux/files/home/forge
🌐 Web UI: http://127.0.0.1:8080
============================================================
🩺 Checking system integrity...
============================================================
🔁 ForgeNet Recovery Run — 2026-01-05_120511
============================================================
✅ All essential components verified.
🚀 Relaunching ForgeAll Master Stack...
============================================================
🚀 ForgeAll Master Command Stack — 2026-01-05 12:05:11
============================================================
✅ Found: forgenet_overwatch_command.sh
✅ Found: forgenet_cognitive_loop.py
✅ Found: forgenet_guardian.sh
✅ Found: forgenet_mobile_ui.sh
✅ Found: forgenet_creativity_timeline.py
✅ Found: forgenet_decode_engine.py
🧩 Starting Cognitive Loop...
🛰️  Overwatch already running.
🛡️  Guardian already active.
💻 Mobile Web UI already active on port 8080.

============================================================
✅ Active Services Summary:
------------------------------------------------------------
u0_a449    382 32698  0  1970 pts/1    00:00:00 bash /data/data/com.termux/files/home/forge/forgenet_recovery.sh
u0_a449    406   382  0  1970 pts/1    00:00:00 bash /data/data/com.termux/files/home/forge/forgeall.sh
u0_a449    732   406  0  1970 pts/1    00:00:00 bash /data/data/com.termux/files/home/forge/forgenet_recovery.sh
u0_a449    757   732  0  1970 pts/1    00:00:00 bash /data/data/com.termux/files/home/forge/forgeall.sh
u0_a449   1145   757  0  1970 pts/1    00:00:00 bash /data/data/com.termux/files/home/forge/forgenet_recovery.sh
u0_a449   1233  1145  0  1970 pts/1    00:00:00 bash /data/data/com.termux/files/home/forge/forgeall.sh
u0_a449   1446  1233  0  1970 pts/1    00:00:00 bash /data/data/com.termux/files/home/forge/forgenet_recovery.sh
u0_a449   1465  1446  0  1970 pts/1    00:00:00 bash /data/data/com.termux/files/home/forge/forgeall.sh
u0_a449   1772  1465  0  1970 pts/1    00:00:00 bash /data/data/com.termux/files/home/forge/forgenet_recovery.sh
u0_a449   1787  1772  0  1970 pts/1    00:00:00 bash /data/data/com.termux/files/home/forge/forgeall.sh
u0_a449   2018  1787  0  1970 pts/1    00:00:00 bash /data/data/com.termux/files/home/forge/forgenet_recovery.sh
u0_a449   2059  2018  0  1970 pts/1    00:00:00 bash /data/data/com.termux/files/home/forge/forgeall.sh
u0_a449   2339  2059  0  1970 pts/1    00:00:00 bash /data/data/com.termux/files/home/forge/forgenet_recovery.sh
u0_a449   2368  2339  0  1970 pts/1    00:00:00 bash /data/data/com.termux/files/home/forge/forgeall.sh
u0_a449   2659  2368  0  1970 pts/1    00:00:00 bash /data/data/com.termux/files/home/forge/forgenet_recovery.sh
u0_a449   2681  2659  0  1970 pts/1    00:00:00 bash /data/data/com.termux/files/home/forge/forgeall.sh
u0_a449   3154  2681  0  1970 pts/1    00:00:00 bash /data/data/com.termux/files/home/forge/forgenet_recovery.sh
u0_a449   3202  3154  0  1970 pts/1    00:00:00 bash /data/data/com.termux/files/home/forge/forgeall.sh
u0_a449   3419  3202  0  1970 pts/1    00:00:00 bash /data/data/com.termux/files/home/forge/forgenet_recovery.sh
u0_a449   3444  3419  0  1970 pts/1    00:00:00 bash /data/data/com.termux/files/home/forge/forgeall.sh
u0_a449   3697  3444  0  1970 pts/1    00:00:00 bash /data/data/com.termux/files/home/forge/forgenet_recovery.sh
u0_a449   3790  3697  0  1970 pts/1    00:00:00 bash /data/data/com.termux/files/home/forge/forgeall.sh
u0_a449   3979  3790  0  1970 pts/1    00:00:00 bash /data/data/com.termux/files/home/forge/forgenet_recovery.sh
u0_a449   4009  3979  0  1970 pts/1    00:00:00 bash /data/data/com.termux/files/home/forge/forgeall.sh
u0_a449   4125  4009  0  1970 pts/1    00:00:00 bash /data/data/com.termux/files/home/forge/forgenet_recovery.sh
u0_a449   4144  4125  0  1970 pts/1    00:00:00 bash /data/data/com.termux/files/home/forge/forgeall.sh
u0_a449   4242  4144  0  1970 pts/1    00:00:00 bash /data/data/com.termux/files/home/forge/forgenet_recovery.sh
u0_a449   4274  4242  0  1970 pts/1    00:00:00 bash /data/data/com.termux/files/home/forge/forgeall.sh
u0_a449   4406  4274  0  1970 pts/1    00:00:00 bash /data/data/com.termux/files/home/forge/forgenet_recovery.sh
u0_a449   4423  4406  0  1970 pts/1    00:00:00 bash /data/data/com.termux/files/home/forge/forgeall.sh
u0_a449   4545  4423  1  1970 pts/1    00:00:00 tee -a /data/data/com.termux/files/home/forge/forgeall_master.log
u0_a449  20009     1  0  1970 ?        00:00:00 python /data/data/com.termux/files/home/forge/forgenet_autopilot_loop.py
u0_a449  20010     1  0  1970 ?        00:00:00 python /data/data/com.termux/files/home/forge/forgenet_autopilot_visual.py
u0_a449  24040     1  0  1970 pts/1    00:00:00 bash /data/data/com.termux/files/home/forge/forgenet_overwatch_command.sh
u0_a449  24045     1  0  1970 pts/1    00:00:00 bash /data/data/com.termux/files/home/forge/forgenet_guardian.sh
u0_a449  24056     1  0  1970 pts/1    00:00:00 bash /data/data/com.termux/files/home/forge/forgenet_mobile_ui.sh
u0_a449  24076 24056  0  1970 pts/1    00:00:00 tee -a /data/data/com.termux/files/home/forge/forgenet_mobile_ui.log
u0_a449  24082 24045  0  1970 pts/1    00:00:00 bash /data/data/com.termux/files/home/forge/forgenet_autocycle_publisher.sh
u0_a449  24697     1  0  1970 pts/3    00:00:00 bash /data/data/com.termux/files/home/forge/ForgeNet_Restore_20260105_104652/forge/forgenet_watchdog.sh
u0_a449  29049     1  0  1970 ?        00:00:01 bash /data/data/com.termux/files/home/forge/forgenet_watchdog.sh
u0_a449  32457 24946  0  1970 pts/1    00:00:00 bash /data/data/com.termux/files/home/forge/forgeall.sh
u0_a449  32548 32457  0  1970 pts/1    00:00:00 bash /data/data/com.termux/files/home/forge/forgenet_recovery.sh
u0_a449  32577 32548  0  1970 pts/1    00:00:00 bash /data/data/com.termux/files/home/forge/forgeall.sh
u0_a449  32674 32577  0  1970 pts/1    00:00:00 bash /data/data/com.termux/files/home/forge/forgenet_recovery.sh
u0_a449  32698 32674  0  1970 pts/1    00:00:00 bash /data/data/com.termux/files/home/forge/forgeall.sh
------------------------------------------------------------
📊 Logs located in: /data/data/com.termux/files/home/forge
🌐 Web UI: http://127.0.0.1:8080
============================================================
🩺 Checking system integrity...
============================================================
🔁 ForgeNet Recovery Run — 2026-01-05_120515
============================================================
✅ All essential components verified.
🚀 Relaunching ForgeAll Master Stack...
============================================================
🚀 ForgeAll Master Command Stack — 2026-01-05 12:05:15
============================================================
✅ Found: forgenet_overwatch_command.sh
✅ Found: forgenet_cognitive_loop.py
✅ Found: forgenet_guardian.sh
✅ Found: forgenet_mobile_ui.sh
✅ Found: forgenet_creativity_timeline.py
✅ Found: forgenet_decode_engine.py
🧩 Starting Cognitive Loop...
🛰️  Overwatch already running.
🛡️  Guardian already active.
💻 Mobile Web UI already active on port 8080.

============================================================
✅ Active Services Summary:
------------------------------------------------------------
u0_a449    382 32698  0  1970 pts/1    00:00:00 bash /data/data/com.termux/files/home/forge/forgenet_recovery.sh
u0_a449    406   382  0  1970 pts/1    00:00:00 bash /data/data/com.termux/files/home/forge/forgeall.sh
u0_a449    732   406  0  1970 pts/1    00:00:00 bash /data/data/com.termux/files/home/forge/forgenet_recovery.sh
u0_a449    757   732  0  1970 pts/1    00:00:00 bash /data/data/com.termux/files/home/forge/forgeall.sh
u0_a449   1145   757  0  1970 pts/1    00:00:00 bash /data/data/com.termux/files/home/forge/forgenet_recovery.sh
u0_a449   1233  1145  0  1970 pts/1    00:00:00 bash /data/data/com.termux/files/home/forge/forgeall.sh
u0_a449   1446  1233  0  1970 pts/1    00:00:00 bash /data/data/com.termux/files/home/forge/forgenet_recovery.sh
u0_a449   1465  1446  0  1970 pts/1    00:00:00 bash /data/data/com.termux/files/home/forge/forgeall.sh
u0_a449   1772  1465  0  1970 pts/1    00:00:00 bash /data/data/com.termux/files/home/forge/forgenet_recovery.sh
u0_a449   1787  1772  0  1970 pts/1    00:00:00 bash /data/data/com.termux/files/home/forge/forgeall.sh
u0_a449   2018  1787  0  1970 pts/1    00:00:00 bash /data/data/com.termux/files/home/forge/forgenet_recovery.sh
u0_a449   2059  2018  0  1970 pts/1    00:00:00 bash /data/data/com.termux/files/home/forge/forgeall.sh
u0_a449   2339  2059  0  1970 pts/1    00:00:00 bash /data/data/com.termux/files/home/forge/forgenet_recovery.sh
u0_a449   2368  2339  0  1970 pts/1    00:00:00 bash /data/data/com.termux/files/home/forge/forgeall.sh
u0_a449   2659  2368  0  1970 pts/1    00:00:00 bash /data/data/com.termux/files/home/forge/forgenet_recovery.sh
u0_a449   2681  2659  0  1970 pts/1    00:00:00 bash /data/data/com.termux/files/home/forge/forgeall.sh
u0_a449   3154  2681  0  1970 pts/1    00:00:00 bash /data/data/com.termux/files/home/forge/forgenet_recovery.sh
u0_a449   3202  3154  0  1970 pts/1    00:00:00 bash /data/data/com.termux/files/home/forge/forgeall.sh
u0_a449   3419  3202  0  1970 pts/1    00:00:00 bash /data/data/com.termux/files/home/forge/forgenet_recovery.sh
u0_a449   3444  3419  0  1970 pts/1    00:00:00 bash /data/data/com.termux/files/home/forge/forgeall.sh
u0_a449   3697  3444  0  1970 pts/1    00:00:00 bash /data/data/com.termux/files/home/forge/forgenet_recovery.sh
u0_a449   3790  3697  0  1970 pts/1    00:00:00 bash /data/data/com.termux/files/home/forge/forgeall.sh
u0_a449   3979  3790  0  1970 pts/1    00:00:00 bash /data/data/com.termux/files/home/forge/forgenet_recovery.sh
u0_a449   4009  3979  0  1970 pts/1    00:00:00 bash /data/data/com.termux/files/home/forge/forgeall.sh
u0_a449   4125  4009  0  1970 pts/1    00:00:00 bash /data/data/com.termux/files/home/forge/forgenet_recovery.sh
u0_a449   4144  4125  0  1970 pts/1    00:00:00 bash /data/data/com.termux/files/home/forge/forgeall.sh
u0_a449   4242  4144  0  1970 pts/1    00:00:00 bash /data/data/com.termux/files/home/forge/forgenet_recovery.sh
u0_a449   4274  4242  0  1970 pts/1    00:00:00 bash /data/data/com.termux/files/home/forge/forgeall.sh
u0_a449   4406  4274  0  1970 pts/1    00:00:00 bash /data/data/com.termux/files/home/forge/forgenet_recovery.sh
u0_a449   4423  4406  0  1970 pts/1    00:00:00 bash /data/data/com.termux/files/home/forge/forgeall.sh
u0_a449   4558  4423  0  1970 pts/1    00:00:00 bash /data/data/com.termux/files/home/forge/forgenet_recovery.sh
u0_a449   4573  4558  0  1970 pts/1    00:00:00 bash /data/data/com.termux/files/home/forge/forgeall.sh
u0_a449   4701  4573  1  1970 pts/1    00:00:00 tee -a /data/data/com.termux/files/home/forge/forgeall_master.log
u0_a449  20009     1  0  1970 ?        00:00:00 python /data/data/com.termux/files/home/forge/forgenet_autopilot_loop.py
u0_a449  20010     1  0  1970 ?        00:00:00 python /data/data/com.termux/files/home/forge/forgenet_autopilot_visual.py
u0_a449  24040     1  0  1970 pts/1    00:00:00 bash /data/data/com.termux/files/home/forge/forgenet_overwatch_command.sh
u0_a449  24045     1  0  1970 pts/1    00:00:00 bash /data/data/com.termux/files/home/forge/forgenet_guardian.sh
u0_a449  24056     1  0  1970 pts/1    00:00:00 bash /data/data/com.termux/files/home/forge/forgenet_mobile_ui.sh
u0_a449  24076 24056  0  1970 pts/1    00:00:00 tee -a /data/data/com.termux/files/home/forge/forgenet_mobile_ui.log
u0_a449  24082 24045  0  1970 pts/1    00:00:00 bash /data/data/com.termux/files/home/forge/forgenet_autocycle_publisher.sh
u0_a449  24697     1  0  1970 pts/3    00:00:00 bash /data/data/com.termux/files/home/forge/ForgeNet_Restore_20260105_104652/forge/forgenet_watchdog.sh
u0_a449  29049     1  0  1970 ?        00:00:01 bash /data/data/com.termux/files/home/forge/forgenet_watchdog.sh
u0_a449  32457 24946  0  1970 pts/1    00:00:00 bash /data/data/com.termux/files/home/forge/forgeall.sh
u0_a449  32548 32457  0  1970 pts/1    00:00:00 bash /data/data/com.termux/files/home/forge/forgenet_recovery.sh
u0_a449  32577 32548  0  1970 pts/1    00:00:00 bash /data/data/com.termux/files/home/forge/forgeall.sh
u0_a449  32674 32577  0  1970 pts/1    00:00:00 bash /data/data/com.termux/files/home/forge/forgenet_recovery.sh
u0_a449  32698 32674  0  1970 pts/1    00:00:00 bash /data/data/com.termux/files/home/forge/forgeall.sh
------------------------------------------------------------
📊 Logs located in: /data/data/com.termux/files/home/forge
🌐 Web UI: http://127.0.0.1:8080
============================================================
🩺 Checking system integrity...
============================================================
🔁 ForgeNet Recovery Run — 2026-01-05_120518
============================================================
✅ All essential components verified.
🚀 Relaunching ForgeAll Master Stack...
============================================================
🚀 ForgeAll Master Command Stack — 2026-01-05 12:05:18
============================================================
✅ Found: forgenet_overwatch_command.sh
✅ Found: forgenet_cognitive_loop.py
✅ Found: forgenet_guardian.sh
✅ Found: forgenet_mobile_ui.sh
✅ Found: forgenet_creativity_timeline.py
✅ Found: forgenet_decode_engine.py
🧩 Starting Cognitive Loop...
🛰️  Overwatch already running.
🛡️  Guardian already active.
💻 Mobile Web UI already active on port 8080.

============================================================
✅ Active Services Summary:
------------------------------------------------------------
u0_a449    382 32698  0  1970 pts/1    00:00:00 bash /data/data/com.termux/files/home/forge/forgenet_recovery.sh
u0_a449    406   382  0  1970 pts/1    00:00:00 bash /data/data/com.termux/files/home/forge/forgeall.sh
u0_a449    732   406  0  1970 pts/1    00:00:00 bash /data/data/com.termux/files/home/forge/forgenet_recovery.sh
u0_a449    757   732  0  1970 pts/1    00:00:00 bash /data/data/com.termux/files/home/forge/forgeall.sh
u0_a449   1145   757  0  1970 pts/1    00:00:00 bash /data/data/com.termux/files/home/forge/forgenet_recovery.sh
u0_a449   1233  1145  0  1970 pts/1    00:00:00 bash /data/data/com.termux/files/home/forge/forgeall.sh
u0_a449   1446  1233  0  1970 pts/1    00:00:00 bash /data/data/com.termux/files/home/forge/forgenet_recovery.sh
u0_a449   1465  1446  0  1970 pts/1    00:00:00 bash /data/data/com.termux/files/home/forge/forgeall.sh
u0_a449   1772  1465  0  1970 pts/1    00:00:00 bash /data/data/com.termux/files/home/forge/forgenet_recovery.sh
u0_a449   1787  1772  0  1970 pts/1    00:00:00 bash /data/data/com.termux/files/home/forge/forgeall.sh
u0_a449   2018  1787  0  1970 pts/1    00:00:00 bash /data/data/com.termux/files/home/forge/forgenet_recovery.sh
u0_a449   2059  2018  0  1970 pts/1    00:00:00 bash /data/data/com.termux/files/home/forge/forgeall.sh
u0_a449   2339  2059  0  1970 pts/1    00:00:00 bash /data/data/com.termux/files/home/forge/forgenet_recovery.sh
u0_a449   2368  2339  0  1970 pts/1    00:00:00 bash /data/data/com.termux/files/home/forge/forgeall.sh
u0_a449   2659  2368  0  1970 pts/1    00:00:00 bash /data/data/com.termux/files/home/forge/forgenet_recovery.sh
u0_a449   2681  2659  0  1970 pts/1    00:00:00 bash /data/data/com.termux/files/home/forge/forgeall.sh
u0_a449   3154  2681  0  1970 pts/1    00:00:00 bash /data/data/com.termux/files/home/forge/forgenet_recovery.sh
u0_a449   3202  3154  0  1970 pts/1    00:00:00 bash /data/data/com.termux/files/home/forge/forgeall.sh
u0_a449   3419  3202  0  1970 pts/1    00:00:00 bash /data/data/com.termux/files/home/forge/forgenet_recovery.sh
u0_a449   3444  3419  0  1970 pts/1    00:00:00 bash /data/data/com.termux/files/home/forge/forgeall.sh
u0_a449   3697  3444  0  1970 pts/1    00:00:00 bash /data/data/com.termux/files/home/forge/forgenet_recovery.sh
u0_a449   3790  3697  0  1970 pts/1    00:00:00 bash /data/data/com.termux/files/home/forge/forgeall.sh
u0_a449   3979  3790  0  1970 pts/1    00:00:00 bash /data/data/com.termux/files/home/forge/forgenet_recovery.sh
u0_a449   4009  3979  0  1970 pts/1    00:00:00 bash /data/data/com.termux/files/home/forge/forgeall.sh
u0_a449   4125  4009  0  1970 pts/1    00:00:00 bash /data/data/com.termux/files/home/forge/forgenet_recovery.sh
u0_a449   4144  4125  0  1970 pts/1    00:00:00 bash /data/data/com.termux/files/home/forge/forgeall.sh
u0_a449   4242  4144  0  1970 pts/1    00:00:00 bash /data/data/com.termux/files/home/forge/forgenet_recovery.sh
u0_a449   4274  4242  0  1970 pts/1    00:00:00 bash /data/data/com.termux/files/home/forge/forgeall.sh
u0_a449   4406  4274  0  1970 pts/1    00:00:00 bash /data/data/com.termux/files/home/forge/forgenet_recovery.sh
u0_a449   4423  4406  0  1970 pts/1    00:00:00 bash /data/data/com.termux/files/home/forge/forgeall.sh
u0_a449   4558  4423  0  1970 pts/1    00:00:00 bash /data/data/com.termux/files/home/forge/forgenet_recovery.sh
u0_a449   4573  4558  0  1970 pts/1    00:00:00 bash /data/data/com.termux/files/home/forge/forgeall.sh
u0_a449   4715  4573  0  1970 pts/1    00:00:00 bash /data/data/com.termux/files/home/forge/forgenet_recovery.sh
u0_a449   4738  4715  1  1970 pts/1    00:00:00 bash /data/data/com.termux/files/home/forge/forgeall.sh
u0_a449   4826  4816 67  1970 ?        00:00:02 python /data/data/com.termux/files/home/forge/forgenet_research_assist.py
u0_a449   4902  4738  0  1970 pts/1    00:00:00 tee -a /data/data/com.termux/files/home/forge/forgeall_master.log
u0_a449  20009     1  0  1970 ?        00:00:00 python /data/data/com.termux/files/home/forge/forgenet_autopilot_loop.py
u0_a449  20010     1  0  1970 ?        00:00:00 python /data/data/com.termux/files/home/forge/forgenet_autopilot_visual.py
u0_a449  24040     1  0  1970 pts/1    00:00:00 bash /data/data/com.termux/files/home/forge/forgenet_overwatch_command.sh
u0_a449  24045     1  0  1970 pts/1    00:00:00 bash /data/data/com.termux/files/home/forge/forgenet_guardian.sh
u0_a449  24056     1  0  1970 pts/1    00:00:00 bash /data/data/com.termux/files/home/forge/forgenet_mobile_ui.sh
u0_a449  24076 24056  0  1970 pts/1    00:00:00 tee -a /data/data/com.termux/files/home/forge/forgenet_mobile_ui.log
u0_a449  24082 24045  0  1970 pts/1    00:00:00 bash /data/data/com.termux/files/home/forge/forgenet_autocycle_publisher.sh
u0_a449  24697     1  0  1970 pts/3    00:00:00 bash /data/data/com.termux/files/home/forge/ForgeNet_Restore_20260105_104652/forge/forgenet_watchdog.sh
u0_a449  29049     1  0  1970 ?        00:00:01 bash /data/data/com.termux/files/home/forge/forgenet_watchdog.sh
u0_a449  32457 24946  0  1970 pts/1    00:00:00 bash /data/data/com.termux/files/home/forge/forgeall.sh
u0_a449  32548 32457  0  1970 pts/1    00:00:00 bash /data/data/com.termux/files/home/forge/forgenet_recovery.sh
u0_a449  32577 32548  0  1970 pts/1    00:00:00 bash /data/data/com.termux/files/home/forge/forgeall.sh
u0_a449  32674 32577  0  1970 pts/1    00:00:00 bash /data/data/com.termux/files/home/forge/forgenet_recovery.sh
u0_a449  32698 32674  0  1970 pts/1    00:00:00 bash /data/data/com.termux/files/home/forge/forgeall.sh
------------------------------------------------------------
📊 Logs located in: /data/data/com.termux/files/home/forge
🌐 Web UI: http://127.0.0.1:8080
============================================================
🩺 Checking system integrity...
============================================================
🔁 ForgeNet Recovery Run — 2026-01-05_120522
============================================================
✅ All essential components verified.
🚀 Relaunching ForgeAll Master Stack...
============================================================
🚀 ForgeAll Master Command Stack — 2026-01-05 12:05:22
============================================================
✅ Found: forgenet_overwatch_command.sh
✅ Found: forgenet_cognitive_loop.py
✅ Found: forgenet_guardian.sh
✅ Found: forgenet_mobile_ui.sh
✅ Found: forgenet_creativity_timeline.py
✅ Found: forgenet_decode_engine.py
🧩 Starting Cognitive Loop...
🛰️  Overwatch already running.
🛡️  Guardian already active.
💻 Mobile Web UI already active on port 8080.

============================================================
✅ Active Services Summary:
------------------------------------------------------------
u0_a449    382 32698  0  1970 pts/1    00:00:00 bash /data/data/com.termux/files/home/forge/forgenet_recovery.sh
u0_a449    406   382  0  1970 pts/1    00:00:00 bash /data/data/com.termux/files/home/forge/forgeall.sh
u0_a449    732   406  0  1970 pts/1    00:00:00 bash /data/data/com.termux/files/home/forge/forgenet_recovery.sh
u0_a449    757   732  0  1970 pts/1    00:00:00 bash /data/data/com.termux/files/home/forge/forgeall.sh
u0_a449   1145   757  0  1970 pts/1    00:00:00 bash /data/data/com.termux/files/home/forge/forgenet_recovery.sh
u0_a449   1233  1145  0  1970 pts/1    00:00:00 bash /data/data/com.termux/files/home/forge/forgeall.sh
u0_a449   1446  1233  0  1970 pts/1    00:00:00 bash /data/data/com.termux/files/home/forge/forgenet_recovery.sh
u0_a449   1465  1446  0  1970 pts/1    00:00:00 bash /data/data/com.termux/files/home/forge/forgeall.sh
u0_a449   1772  1465  0  1970 pts/1    00:00:00 bash /data/data/com.termux/files/home/forge/forgenet_recovery.sh
u0_a449   1787  1772  0  1970 pts/1    00:00:00 bash /data/data/com.termux/files/home/forge/forgeall.sh
u0_a449   2018  1787  0  1970 pts/1    00:00:00 bash /data/data/com.termux/files/home/forge/forgenet_recovery.sh
u0_a449   2059  2018  0  1970 pts/1    00:00:00 bash /data/data/com.termux/files/home/forge/forgeall.sh
u0_a449   2339  2059  0  1970 pts/1    00:00:00 bash /data/data/com.termux/files/home/forge/forgenet_recovery.sh
u0_a449   2368  2339  0  1970 pts/1    00:00:00 bash /data/data/com.termux/files/home/forge/forgeall.sh
u0_a449   2659  2368  0  1970 pts/1    00:00:00 bash /data/data/com.termux/files/home/forge/forgenet_recovery.sh
u0_a449   2681  2659  0  1970 pts/1    00:00:00 bash /data/data/com.termux/files/home/forge/forgeall.sh
u0_a449   3154  2681  0  1970 pts/1    00:00:00 bash /data/data/com.termux/files/home/forge/forgenet_recovery.sh
u0_a449   3202  3154  0  1970 pts/1    00:00:00 bash /data/data/com.termux/files/home/forge/forgeall.sh
u0_a449   3419  3202  0  1970 pts/1    00:00:00 bash /data/data/com.termux/files/home/forge/forgenet_recovery.sh
u0_a449   3444  3419  0  1970 pts/1    00:00:00 bash /data/data/com.termux/files/home/forge/forgeall.sh
u0_a449   3697  3444  0  1970 pts/1    00:00:00 bash /data/data/com.termux/files/home/forge/forgenet_recovery.sh
u0_a449   3790  3697  0  1970 pts/1    00:00:00 bash /data/data/com.termux/files/home/forge/forgeall.sh
u0_a449   3979  3790  0  1970 pts/1    00:00:00 bash /data/data/com.termux/files/home/forge/forgenet_recovery.sh
u0_a449   4009  3979  0  1970 pts/1    00:00:00 bash /data/data/com.termux/files/home/forge/forgeall.sh
u0_a449   4125  4009  0  1970 pts/1    00:00:00 bash /data/data/com.termux/files/home/forge/forgenet_recovery.sh
u0_a449   4144  4125  0  1970 pts/1    00:00:00 bash /data/data/com.termux/files/home/forge/forgeall.sh
u0_a449   4242  4144  0  1970 pts/1    00:00:00 bash /data/data/com.termux/files/home/forge/forgenet_recovery.sh
u0_a449   4274  4242  0  1970 pts/1    00:00:00 bash /data/data/com.termux/files/home/forge/forgeall.sh
u0_a449   4406  4274  0  1970 pts/1    00:00:00 bash /data/data/com.termux/files/home/forge/forgenet_recovery.sh
u0_a449   4423  4406  0  1970 pts/1    00:00:00 bash /data/data/com.termux/files/home/forge/forgeall.sh
u0_a449   4558  4423  0  1970 pts/1    00:00:00 bash /data/data/com.termux/files/home/forge/forgenet_recovery.sh
u0_a449   4573  4558  0  1970 pts/1    00:00:00 bash /data/data/com.termux/files/home/forge/forgeall.sh
u0_a449   4715  4573  0  1970 pts/1    00:00:00 bash /data/data/com.termux/files/home/forge/forgenet_recovery.sh
u0_a449   4738  4715  0  1970 pts/1    00:00:00 bash /data/data/com.termux/files/home/forge/forgeall.sh
u0_a449   4962  4738  0  1970 pts/1    00:00:00 bash /data/data/com.termux/files/home/forge/forgenet_recovery.sh
u0_a449   4998  4962  0  1970 pts/1    00:00:00 bash /data/data/com.termux/files/home/forge/forgeall.sh
u0_a449   5109  5098 53  1970 ?        00:00:01 python /data/data/com.termux/files/home/forge/forgenet_research_assist.py
u0_a449   5171  4998  0  1970 pts/1    00:00:00 tee -a /data/data/com.termux/files/home/forge/forgeall_master.log
u0_a449  20009     1  0  1970 ?        00:00:00 python /data/data/com.termux/files/home/forge/forgenet_autopilot_loop.py
u0_a449  20010     1  0  1970 ?        00:00:00 python /data/data/com.termux/files/home/forge/forgenet_autopilot_visual.py
u0_a449  24040     1  0  1970 pts/1    00:00:00 bash /data/data/com.termux/files/home/forge/forgenet_overwatch_command.sh
u0_a449  24045     1  0  1970 pts/1    00:00:00 bash /data/data/com.termux/files/home/forge/forgenet_guardian.sh
u0_a449  24056     1  0  1970 pts/1    00:00:00 bash /data/data/com.termux/files/home/forge/forgenet_mobile_ui.sh
u0_a449  24076 24056  0  1970 pts/1    00:00:00 tee -a /data/data/com.termux/files/home/forge/forgenet_mobile_ui.log
u0_a449  24082 24045  0  1970 pts/1    00:00:00 bash /data/data/com.termux/files/home/forge/forgenet_autocycle_publisher.sh
u0_a449  24697     1  0  1970 pts/3    00:00:00 bash /data/data/com.termux/files/home/forge/ForgeNet_Restore_20260105_104652/forge/forgenet_watchdog.sh
u0_a449  29049     1  0  1970 ?        00:00:01 bash /data/data/com.termux/files/home/forge/forgenet_watchdog.sh
u0_a449  32457 24946  0  1970 pts/1    00:00:00 bash /data/data/com.termux/files/home/forge/forgeall.sh
u0_a449  32548 32457  0  1970 pts/1    00:00:00 bash /data/data/com.termux/files/home/forge/forgenet_recovery.sh
u0_a449  32577 32548  0  1970 pts/1    00:00:00 bash /data/data/com.termux/files/home/forge/forgeall.sh
u0_a449  32674 32577  0  1970 pts/1    00:00:00 bash /data/data/com.termux/files/home/forge/forgenet_recovery.sh
u0_a449  32698 32674  0  1970 pts/1    00:00:00 bash /data/data/com.termux/files/home/forge/forgeall.sh
------------------------------------------------------------
📊 Logs located in: /data/data/com.termux/files/home/forge
🌐 Web UI: http://127.0.0.1:8080
============================================================
🩺 Checking system integrity...
============================================================
🔁 ForgeNet Recovery Run — 2026-01-05_120525
============================================================
✅ All essential components verified.
🚀 Relaunching ForgeAll Master Stack...
============================================================
🚀 ForgeAll Master Command Stack — 2026-01-05 12:05:25
============================================================
✅ Found: forgenet_overwatch_command.sh
✅ Found: forgenet_cognitive_loop.py
✅ Found: forgenet_guardian.sh
✅ Found: forgenet_mobile_ui.sh
✅ Found: forgenet_creativity_timeline.py
✅ Found: forgenet_decode_engine.py
🧩 Starting Cognitive Loop...
🛰️  Overwatch already running.
🛡️  Guardian already active.
💻 Mobile Web UI already active on port 8080.

============================================================
✅ Active Services Summary:
------------------------------------------------------------
u0_a449    382 32698  0  1970 pts/1    00:00:00 bash /data/data/com.termux/files/home/forge/forgenet_recovery.sh
u0_a449    406   382  0  1970 pts/1    00:00:00 bash /data/data/com.termux/files/home/forge/forgeall.sh
u0_a449    732   406  0  1970 pts/1    00:00:00 bash /data/data/com.termux/files/home/forge/forgenet_recovery.sh
u0_a449    757   732  0  1970 pts/1    00:00:00 bash /data/data/com.termux/files/home/forge/forgeall.sh
u0_a449   1145   757  0  1970 pts/1    00:00:00 bash /data/data/com.termux/files/home/forge/forgenet_recovery.sh
u0_a449   1233  1145  0  1970 pts/1    00:00:00 bash /data/data/com.termux/files/home/forge/forgeall.sh
u0_a449   1446  1233  0  1970 pts/1    00:00:00 bash /data/data/com.termux/files/home/forge/forgenet_recovery.sh
u0_a449   1465  1446  0  1970 pts/1    00:00:00 bash /data/data/com.termux/files/home/forge/forgeall.sh
u0_a449   1772  1465  0  1970 pts/1    00:00:00 bash /data/data/com.termux/files/home/forge/forgenet_recovery.sh
u0_a449   1787  1772  0  1970 pts/1    00:00:00 bash /data/data/com.termux/files/home/forge/forgeall.sh
u0_a449   2018  1787  0  1970 pts/1    00:00:00 bash /data/data/com.termux/files/home/forge/forgenet_recovery.sh
u0_a449   2059  2018  0  1970 pts/1    00:00:00 bash /data/data/com.termux/files/home/forge/forgeall.sh
u0_a449   2339  2059  0  1970 pts/1    00:00:00 bash /data/data/com.termux/files/home/forge/forgenet_recovery.sh
u0_a449   2368  2339  0  1970 pts/1    00:00:00 bash /data/data/com.termux/files/home/forge/forgeall.sh
u0_a449   2659  2368  0  1970 pts/1    00:00:00 bash /data/data/com.termux/files/home/forge/forgenet_recovery.sh
u0_a449   2681  2659  0  1970 pts/1    00:00:00 bash /data/data/com.termux/files/home/forge/forgeall.sh
u0_a449   3154  2681  0  1970 pts/1    00:00:00 bash /data/data/com.termux/files/home/forge/forgenet_recovery.sh
u0_a449   3202  3154  0  1970 pts/1    00:00:00 bash /data/data/com.termux/files/home/forge/forgeall.sh
u0_a449   3419  3202  0  1970 pts/1    00:00:00 bash /data/data/com.termux/files/home/forge/forgenet_recovery.sh
u0_a449   3444  3419  0  1970 pts/1    00:00:00 bash /data/data/com.termux/files/home/forge/forgeall.sh
u0_a449   3697  3444  0  1970 pts/1    00:00:00 bash /data/data/com.termux/files/home/forge/forgenet_recovery.sh
u0_a449   3790  3697  0  1970 pts/1    00:00:00 bash /data/data/com.termux/files/home/forge/forgeall.sh
u0_a449   3979  3790  0  1970 pts/1    00:00:00 bash /data/data/com.termux/files/home/forge/forgenet_recovery.sh
u0_a449   4009  3979  0  1970 pts/1    00:00:00 bash /data/data/com.termux/files/home/forge/forgeall.sh
u0_a449   4125  4009  0  1970 pts/1    00:00:00 bash /data/data/com.termux/files/home/forge/forgenet_recovery.sh
u0_a449   4144  4125  0  1970 pts/1    00:00:00 bash /data/data/com.termux/files/home/forge/forgeall.sh
u0_a449   4242  4144  0  1970 pts/1    00:00:00 bash /data/data/com.termux/files/home/forge/forgenet_recovery.sh
u0_a449   4274  4242  0  1970 pts/1    00:00:00 bash /data/data/com.termux/files/home/forge/forgeall.sh
u0_a449   4406  4274  0  1970 pts/1    00:00:00 bash /data/data/com.termux/files/home/forge/forgenet_recovery.sh
u0_a449   4423  4406  0  1970 pts/1    00:00:00 bash /data/data/com.termux/files/home/forge/forgeall.sh
u0_a449   4558  4423  0  1970 pts/1    00:00:00 bash /data/data/com.termux/files/home/forge/forgenet_recovery.sh
u0_a449   4573  4558  0  1970 pts/1    00:00:00 bash /data/data/com.termux/files/home/forge/forgeall.sh
u0_a449   4715  4573  0  1970 pts/1    00:00:00 bash /data/data/com.termux/files/home/forge/forgenet_recovery.sh
u0_a449   4738  4715  0  1970 pts/1    00:00:00 bash /data/data/com.termux/files/home/forge/forgeall.sh
u0_a449   4962  4738  0  1970 pts/1    00:00:00 bash /data/data/com.termux/files/home/forge/forgenet_recovery.sh
u0_a449   4998  4962  0  1970 pts/1    00:00:00 bash /data/data/com.termux/files/home/forge/forgeall.sh
u0_a449   5182  4998  0  1970 pts/1    00:00:00 bash /data/data/com.termux/files/home/forge/forgenet_recovery.sh
u0_a449   5214  5182  1  1970 pts/1    00:00:00 bash /data/data/com.termux/files/home/forge/forgeall.sh
u0_a449   5403  5392 67  1970 ?        00:00:01 python /data/data/com.termux/files/home/forge/forgenet_research_assist.py
u0_a449   5429  5214  0  1970 pts/1    00:00:00 tee -a /data/data/com.termux/files/home/forge/forgeall_master.log
u0_a449  20009     1  0  1970 ?        00:00:00 python /data/data/com.termux/files/home/forge/forgenet_autopilot_loop.py
u0_a449  20010     1  0  1970 ?        00:00:00 python /data/data/com.termux/files/home/forge/forgenet_autopilot_visual.py
u0_a449  24040     1  0  1970 pts/1    00:00:00 bash /data/data/com.termux/files/home/forge/forgenet_overwatch_command.sh
u0_a449  24045     1  0  1970 pts/1    00:00:00 bash /data/data/com.termux/files/home/forge/forgenet_guardian.sh
u0_a449  24056     1  0  1970 pts/1    00:00:00 bash /data/data/com.termux/files/home/forge/forgenet_mobile_ui.sh
u0_a449  24076 24056  0  1970 pts/1    00:00:00 tee -a /data/data/com.termux/files/home/forge/forgenet_mobile_ui.log
u0_a449  24082 24045  0  1970 pts/1    00:00:00 bash /data/data/com.termux/files/home/forge/forgenet_autocycle_publisher.sh
u0_a449  24697     1  0  1970 pts/3    00:00:00 bash /data/data/com.termux/files/home/forge/ForgeNet_Restore_20260105_104652/forge/forgenet_watchdog.sh
u0_a449  29049     1  0  1970 ?        00:00:01 bash /data/data/com.termux/files/home/forge/forgenet_watchdog.sh
u0_a449  32457 24946  0  1970 pts/1    00:00:00 bash /data/data/com.termux/files/home/forge/forgeall.sh
u0_a449  32548 32457  0  1970 pts/1    00:00:00 bash /data/data/com.termux/files/home/forge/forgenet_recovery.sh
u0_a449  32577 32548  0  1970 pts/1    00:00:00 bash /data/data/com.termux/files/home/forge/forgeall.sh
u0_a449  32674 32577  0  1970 pts/1    00:00:00 bash /data/data/com.termux/files/home/forge/forgenet_recovery.sh
u0_a449  32698 32674  0  1970 pts/1    00:00:00 bash /data/data/com.termux/files/home/forge/forgeall.sh
------------------------------------------------------------
📊 Logs located in: /data/data/com.termux/files/home/forge
🌐 Web UI: http://127.0.0.1:8080
============================================================
🩺 Checking system integrity...
============================================================
🔁 ForgeNet Recovery Run — 2026-01-05_120529
============================================================
✅ All essential components verified.
🚀 Relaunching ForgeAll Master Stack...
============================================================
🚀 ForgeAll Master Command Stack — 2026-01-05 12:05:29
============================================================
✅ Found: forgenet_overwatch_command.sh
✅ Found: forgenet_cognitive_loop.py
✅ Found: forgenet_guardian.sh
✅ Found: forgenet_mobile_ui.sh
✅ Found: forgenet_creativity_timeline.py
✅ Found: forgenet_decode_engine.py
🧩 Starting Cognitive Loop...
🛰️  Overwatch already running.
🛡️  Guardian already active.
💻 Mobile Web UI already active on port 8080.

============================================================
✅ Active Services Summary:
------------------------------------------------------------
u0_a449    382 32698  0  1970 pts/1    00:00:00 bash /data/data/com.termux/files/home/forge/forgenet_recovery.sh
u0_a449    406   382  0  1970 pts/1    00:00:00 bash /data/data/com.termux/files/home/forge/forgeall.sh
u0_a449    732   406  0  1970 pts/1    00:00:00 bash /data/data/com.termux/files/home/forge/forgenet_recovery.sh
u0_a449    757   732  0  1970 pts/1    00:00:00 bash /data/data/com.termux/files/home/forge/forgeall.sh
u0_a449   1145   757  0  1970 pts/1    00:00:00 bash /data/data/com.termux/files/home/forge/forgenet_recovery.sh
u0_a449   1233  1145  0  1970 pts/1    00:00:00 bash /data/data/com.termux/files/home/forge/forgeall.sh
u0_a449   1446  1233  0  1970 pts/1    00:00:00 bash /data/data/com.termux/files/home/forge/forgenet_recovery.sh
u0_a449   1465  1446  0  1970 pts/1    00:00:00 bash /data/data/com.termux/files/home/forge/forgeall.sh
u0_a449   1772  1465  0  1970 pts/1    00:00:00 bash /data/data/com.termux/files/home/forge/forgenet_recovery.sh
u0_a449   1787  1772  0  1970 pts/1    00:00:00 bash /data/data/com.termux/files/home/forge/forgeall.sh
u0_a449   2018  1787  0  1970 pts/1    00:00:00 bash /data/data/com.termux/files/home/forge/forgenet_recovery.sh
u0_a449   2059  2018  0  1970 pts/1    00:00:00 bash /data/data/com.termux/files/home/forge/forgeall.sh
u0_a449   2339  2059  0  1970 pts/1    00:00:00 bash /data/data/com.termux/files/home/forge/forgenet_recovery.sh
u0_a449   2368  2339  0  1970 pts/1    00:00:00 bash /data/data/com.termux/files/home/forge/forgeall.sh
u0_a449   2659  2368  0  1970 pts/1    00:00:00 bash /data/data/com.termux/files/home/forge/forgenet_recovery.sh
u0_a449   2681  2659  0  1970 pts/1    00:00:00 bash /data/data/com.termux/files/home/forge/forgeall.sh
u0_a449   3154  2681  0  1970 pts/1    00:00:00 bash /data/data/com.termux/files/home/forge/forgenet_recovery.sh
u0_a449   3202  3154  0  1970 pts/1    00:00:00 bash /data/data/com.termux/files/home/forge/forgeall.sh
u0_a449   3419  3202  0  1970 pts/1    00:00:00 bash /data/data/com.termux/files/home/forge/forgenet_recovery.sh
u0_a449   3444  3419  0  1970 pts/1    00:00:00 bash /data/data/com.termux/files/home/forge/forgeall.sh
u0_a449   3697  3444  0  1970 pts/1    00:00:00 bash /data/data/com.termux/files/home/forge/forgenet_recovery.sh
u0_a449   3790  3697  0  1970 pts/1    00:00:00 bash /data/data/com.termux/files/home/forge/forgeall.sh
u0_a449   3979  3790  0  1970 pts/1    00:00:00 bash /data/data/com.termux/files/home/forge/forgenet_recovery.sh
u0_a449   4009  3979  0  1970 pts/1    00:00:00 bash /data/data/com.termux/files/home/forge/forgeall.sh
u0_a449   4125  4009  0  1970 pts/1    00:00:00 bash /data/data/com.termux/files/home/forge/forgenet_recovery.sh
u0_a449   4144  4125  0  1970 pts/1    00:00:00 bash /data/data/com.termux/files/home/forge/forgeall.sh
u0_a449   4242  4144  0  1970 pts/1    00:00:00 bash /data/data/com.termux/files/home/forge/forgenet_recovery.sh
u0_a449   4274  4242  0  1970 pts/1    00:00:00 bash /data/data/com.termux/files/home/forge/forgeall.sh
u0_a449   4406  4274  0  1970 pts/1    00:00:00 bash /data/data/com.termux/files/home/forge/forgenet_recovery.sh
u0_a449   4423  4406  0  1970 pts/1    00:00:00 bash /data/data/com.termux/files/home/forge/forgeall.sh
u0_a449   4558  4423  0  1970 pts/1    00:00:00 bash /data/data/com.termux/files/home/forge/forgenet_recovery.sh
u0_a449   4573  4558  0  1970 pts/1    00:00:00 bash /data/data/com.termux/files/home/forge/forgeall.sh
u0_a449   4715  4573  0  1970 pts/1    00:00:00 bash /data/data/com.termux/files/home/forge/forgenet_recovery.sh
u0_a449   4738  4715  0  1970 pts/1    00:00:00 bash /data/data/com.termux/files/home/forge/forgeall.sh
u0_a449   4962  4738  0  1970 pts/1    00:00:00 bash /data/data/com.termux/files/home/forge/forgenet_recovery.sh
u0_a449   4998  4962  0  1970 pts/1    00:00:00 bash /data/data/com.termux/files/home/forge/forgeall.sh
u0_a449   5182  4998  0  1970 pts/1    00:00:00 bash /data/data/com.termux/files/home/forge/forgenet_recovery.sh
u0_a449   5214  5182  0  1970 pts/1    00:00:00 bash /data/data/com.termux/files/home/forge/forgeall.sh
u0_a449   5445  5214  0  1970 pts/1    00:00:00 bash /data/data/com.termux/files/home/forge/forgenet_recovery.sh
u0_a449   5470  5445  0  1970 pts/1    00:00:00 bash /data/data/com.termux/files/home/forge/forgeall.sh
u0_a449   5656  5645 32  1970 ?        00:00:00 python /data/data/com.termux/files/home/forge/forgenet_research_assist.py
u0_a449   5697  5470  0  1970 pts/1    00:00:00 tee -a /data/data/com.termux/files/home/forge/forgeall_master.log
u0_a449  20009     1  0  1970 ?        00:00:00 python /data/data/com.termux/files/home/forge/forgenet_autopilot_loop.py
u0_a449  20010     1  0  1970 ?        00:00:00 python /data/data/com.termux/files/home/forge/forgenet_autopilot_visual.py
u0_a449  24040     1  0  1970 pts/1    00:00:00 bash /data/data/com.termux/files/home/forge/forgenet_overwatch_command.sh
u0_a449  24045     1  0  1970 pts/1    00:00:00 bash /data/data/com.termux/files/home/forge/forgenet_guardian.sh
u0_a449  24056     1  0  1970 pts/1    00:00:00 bash /data/data/com.termux/files/home/forge/forgenet_mobile_ui.sh
u0_a449  24076 24056  0  1970 pts/1    00:00:00 tee -a /data/data/com.termux/files/home/forge/forgenet_mobile_ui.log
u0_a449  24082 24045  0  1970 pts/1    00:00:00 bash /data/data/com.termux/files/home/forge/forgenet_autocycle_publisher.sh
u0_a449  24697     1  0  1970 pts/3    00:00:00 bash /data/data/com.termux/files/home/forge/ForgeNet_Restore_20260105_104652/forge/forgenet_watchdog.sh
u0_a449  29049     1  0  1970 ?        00:00:01 bash /data/data/com.termux/files/home/forge/forgenet_watchdog.sh
u0_a449  32457 24946  0  1970 pts/1    00:00:00 bash /data/data/com.termux/files/home/forge/forgeall.sh
u0_a449  32548 32457  0  1970 pts/1    00:00:00 bash /data/data/com.termux/files/home/forge/forgenet_recovery.sh
u0_a449  32577 32548  0  1970 pts/1    00:00:00 bash /data/data/com.termux/files/home/forge/forgeall.sh
u0_a449  32674 32577  0  1970 pts/1    00:00:00 bash /data/data/com.termux/files/home/forge/forgenet_recovery.sh
u0_a449  32698 32674  0  1970 pts/1    00:00:00 bash /data/data/com.termux/files/home/forge/forgeall.sh
------------------------------------------------------------
📊 Logs located in: /data/data/com.termux/files/home/forge
🌐 Web UI: http://127.0.0.1:8080
============================================================
🩺 Checking system integrity...
============================================================
🔁 ForgeNet Recovery Run — 2026-01-05_120532
============================================================
✅ All essential components verified.
🚀 Relaunching ForgeAll Master Stack...
============================================================
🚀 ForgeAll Master Command Stack — 2026-01-05 12:05:32
============================================================
✅ Found: forgenet_overwatch_command.sh
✅ Found: forgenet_cognitive_loop.py
✅ Found: forgenet_guardian.sh
✅ Found: forgenet_mobile_ui.sh
✅ Found: forgenet_creativity_timeline.py
✅ Found: forgenet_decode_engine.py
🧩 Starting Cognitive Loop...
🛰️  Overwatch already running.
🛡️  Guardian already active.
💻 Mobile Web UI already active on port 8080.
============================================================
🔁 ForgeNet Recovery Run — 2026-01-05_120541
============================================================
✅ All essential components verified.
🚀 Relaunching ForgeAll Master Stack...
============================================================
🚀 ForgeAll Master Command Stack — 2026-01-05 12:05:41
============================================================
✅ Found: forgenet_overwatch_command.sh
✅ Found: forgenet_cognitive_loop.py
✅ Found: forgenet_guardian.sh
✅ Found: forgenet_mobile_ui.sh
✅ Found: forgenet_creativity_timeline.py
✅ Found: forgenet_decode_engine.py
🧩 Starting Cognitive Loop...
🛰️  Overwatch already running.
🛡️  Guardian already active.
💻 Mobile Web UI already active on port 8080.

============================================================
✅ Active Services Summary:
------------------------------------------------------------
u0_a449   5938 24946  0  1970 pts/1    00:00:00 bash /data/data/com.termux/files/home/forge/forgeall.sh
u0_a449   6111  5938  0  1970 pts/1    00:00:00 bash /data/data/com.termux/files/home/forge/forgenet_recovery.sh
u0_a449   6133  6111  0  1970 pts/1    00:00:00 bash /data/data/com.termux/files/home/forge/forgeall.sh
u0_a449   6256  6249 53  1970 ?        00:00:01 python /data/data/com.termux/files/home/forge/forgenet_research_assist.py
u0_a449   6292  6133  0  1970 pts/1    00:00:00 tee -a /data/data/com.termux/files/home/forge/forgeall_master.log
u0_a449  20009     1  0  1970 ?        00:00:00 python /data/data/com.termux/files/home/forge/forgenet_autopilot_loop.py
u0_a449  20010     1  0  1970 ?        00:00:00 python /data/data/com.termux/files/home/forge/forgenet_autopilot_visual.py
u0_a449  24040     1  0  1970 pts/1    00:00:00 bash /data/data/com.termux/files/home/forge/forgenet_overwatch_command.sh
u0_a449  24045     1  0  1970 pts/1    00:00:00 bash /data/data/com.termux/files/home/forge/forgenet_guardian.sh
u0_a449  24056     1  0  1970 pts/1    00:00:00 bash /data/data/com.termux/files/home/forge/forgenet_mobile_ui.sh
u0_a449  24076 24056  0  1970 pts/1    00:00:00 tee -a /data/data/com.termux/files/home/forge/forgenet_mobile_ui.log
u0_a449  24082 24045  0  1970 pts/1    00:00:00 bash /data/data/com.termux/files/home/forge/forgenet_autocycle_publisher.sh
u0_a449  24697     1  0  1970 pts/3    00:00:00 bash /data/data/com.termux/files/home/forge/ForgeNet_Restore_20260105_104652/forge/forgenet_watchdog.sh
u0_a449  29049     1  0  1970 ?        00:00:01 bash /data/data/com.termux/files/home/forge/forgenet_watchdog.sh
------------------------------------------------------------
📊 Logs located in: /data/data/com.termux/files/home/forge
🌐 Web UI: http://127.0.0.1:8080
============================================================
🩺 Checking system integrity...
============================================================
🔁 ForgeNet Recovery Run — 2026-01-05_120544
============================================================
✅ All essential components verified.
🚀 Relaunching ForgeAll Master Stack...
============================================================
🚀 ForgeAll Master Command Stack — 2026-01-05 12:05:44
============================================================
✅ Found: forgenet_overwatch_command.sh
✅ Found: forgenet_cognitive_loop.py
✅ Found: forgenet_guardian.sh
✅ Found: forgenet_mobile_ui.sh
✅ Found: forgenet_creativity_timeline.py
✅ Found: forgenet_decode_engine.py
🧩 Starting Cognitive Loop...
🛰️  Overwatch already running.
🛡️  Guardian already active.
💻 Mobile Web UI already active on port 8080.

============================================================
✅ Active Services Summary:
------------------------------------------------------------
u0_a449   5938 24946  0  1970 pts/1    00:00:00 bash /data/data/com.termux/files/home/forge/forgeall.sh
u0_a449   6111  5938  0  1970 pts/1    00:00:00 bash /data/data/com.termux/files/home/forge/forgenet_recovery.sh
u0_a449   6133  6111  0  1970 pts/1    00:00:00 bash /data/data/com.termux/files/home/forge/forgeall.sh
u0_a449   6307  6133  0  1970 pts/1    00:00:00 bash /data/data/com.termux/files/home/forge/forgenet_recovery.sh
u0_a449   6329  6307  0  1970 pts/1    00:00:00 bash /data/data/com.termux/files/home/forge/forgeall.sh
u0_a449   6505  6490 34  1970 ?        00:00:00 python /data/data/com.termux/files/home/forge/forgenet_research_assist.py
u0_a449   6532  6329  2  1970 pts/1    00:00:00 tee -a /data/data/com.termux/files/home/forge/forgeall_master.log
u0_a449  20009     1  0  1970 ?        00:00:00 python /data/data/com.termux/files/home/forge/forgenet_autopilot_loop.py
u0_a449  20010     1  0  1970 ?        00:00:00 python /data/data/com.termux/files/home/forge/forgenet_autopilot_visual.py
u0_a449  24040     1  0  1970 pts/1    00:00:00 bash /data/data/com.termux/files/home/forge/forgenet_overwatch_command.sh
u0_a449  24045     1  0  1970 pts/1    00:00:00 bash /data/data/com.termux/files/home/forge/forgenet_guardian.sh
u0_a449  24056     1  0  1970 pts/1    00:00:00 bash /data/data/com.termux/files/home/forge/forgenet_mobile_ui.sh
u0_a449  24076 24056  0  1970 pts/1    00:00:00 tee -a /data/data/com.termux/files/home/forge/forgenet_mobile_ui.log
u0_a449  24082 24045  0  1970 pts/1    00:00:00 bash /data/data/com.termux/files/home/forge/forgenet_autocycle_publisher.sh
u0_a449  24697     1  0  1970 pts/3    00:00:00 bash /data/data/com.termux/files/home/forge/ForgeNet_Restore_20260105_104652/forge/forgenet_watchdog.sh
u0_a449  29049     1  0  1970 ?        00:00:01 bash /data/data/com.termux/files/home/forge/forgenet_watchdog.sh
------------------------------------------------------------
📊 Logs located in: /data/data/com.termux/files/home/forge
🌐 Web UI: http://127.0.0.1:8080
============================================================
🩺 Checking system integrity...
============================================================
🔁 ForgeNet Recovery Run — 2026-01-05_120548
============================================================
✅ All essential components verified.
🚀 Relaunching ForgeAll Master Stack...
============================================================
🚀 ForgeAll Master Command Stack — 2026-01-05 12:05:48
============================================================
✅ Found: forgenet_overwatch_command.sh
✅ Found: forgenet_cognitive_loop.py
✅ Found: forgenet_guardian.sh
✅ Found: forgenet_mobile_ui.sh
✅ Found: forgenet_creativity_timeline.py
✅ Found: forgenet_decode_engine.py
🧩 Starting Cognitive Loop...
🛰️  Overwatch already running.
🛡️  Guardian already active.
💻 Mobile Web UI already active on port 8080.

============================================================
✅ Active Services Summary:
------------------------------------------------------------
u0_a449   5938 24946  0  1970 pts/1    00:00:00 bash /data/data/com.termux/files/home/forge/forgeall.sh
u0_a449   6111  5938  0  1970 pts/1    00:00:00 bash /data/data/com.termux/files/home/forge/forgenet_recovery.sh
u0_a449   6133  6111  0  1970 pts/1    00:00:00 bash /data/data/com.termux/files/home/forge/forgeall.sh
u0_a449   6307  6133  0  1970 pts/1    00:00:00 bash /data/data/com.termux/files/home/forge/forgenet_recovery.sh
u0_a449   6329  6307  0  1970 pts/1    00:00:00 bash /data/data/com.termux/files/home/forge/forgeall.sh
u0_a449   6552  6329  0  1970 pts/1    00:00:00 bash /data/data/com.termux/files/home/forge/forgenet_recovery.sh
u0_a449   6575  6552  0  1970 pts/1    00:00:00 bash /data/data/com.termux/files/home/forge/forgeall.sh
u0_a449   6666  6659 19  1970 ?        00:00:00 python /data/data/com.termux/files/home/forge/forgenet_research_assist.py
u0_a449   6672  6462  3  1970 ?        00:00:00 python /data/data/com.termux/files/home/forge/forgenet_genesis_interpreter.py
u0_a449   6685  6575  0  1970 pts/1    00:00:00 tee -a /data/data/com.termux/files/home/forge/forgeall_master.log
u0_a449  20009     1  0  1970 ?        00:00:00 python /data/data/com.termux/files/home/forge/forgenet_autopilot_loop.py
u0_a449  20010     1  0  1970 ?        00:00:00 python /data/data/com.termux/files/home/forge/forgenet_autopilot_visual.py
u0_a449  24040     1  0  1970 pts/1    00:00:00 bash /data/data/com.termux/files/home/forge/forgenet_overwatch_command.sh
u0_a449  24045     1  0  1970 pts/1    00:00:00 bash /data/data/com.termux/files/home/forge/forgenet_guardian.sh
u0_a449  24056     1  0  1970 pts/1    00:00:00 bash /data/data/com.termux/files/home/forge/forgenet_mobile_ui.sh
u0_a449  24076 24056  0  1970 pts/1    00:00:00 tee -a /data/data/com.termux/files/home/forge/forgenet_mobile_ui.log
u0_a449  24082 24045  0  1970 pts/1    00:00:00 bash /data/data/com.termux/files/home/forge/forgenet_autocycle_publisher.sh
u0_a449  24697     1  0  1970 pts/3    00:00:00 bash /data/data/com.termux/files/home/forge/ForgeNet_Restore_20260105_104652/forge/forgenet_watchdog.sh
u0_a449  29049     1  0  1970 ?        00:00:01 bash /data/data/com.termux/files/home/forge/forgenet_watchdog.sh
------------------------------------------------------------
📊 Logs located in: /data/data/com.termux/files/home/forge
🌐 Web UI: http://127.0.0.1:8080
============================================================
🩺 Checking system integrity...
============================================================
🔁 ForgeNet Recovery Run — 2026-01-05_120551
============================================================
✅ All essential components verified.
🚀 Relaunching ForgeAll Master Stack...
============================================================
🚀 ForgeAll Master Command Stack — 2026-01-05 12:05:51
============================================================
✅ Found: forgenet_overwatch_command.sh
✅ Found: forgenet_cognitive_loop.py
✅ Found: forgenet_guardian.sh
✅ Found: forgenet_mobile_ui.sh
✅ Found: forgenet_creativity_timeline.py
✅ Found: forgenet_decode_engine.py
🧩 Starting Cognitive Loop...
🛰️  Overwatch already running.
🛡️  Guardian already active.
💻 Mobile Web UI already active on port 8080.

============================================================
✅ Active Services Summary:
------------------------------------------------------------
u0_a449   5938 24946  0  1970 pts/1    00:00:00 bash /data/data/com.termux/files/home/forge/forgeall.sh
u0_a449   6111  5938  0  1970 pts/1    00:00:00 bash /data/data/com.termux/files/home/forge/forgenet_recovery.sh
u0_a449   6133  6111  0  1970 pts/1    00:00:00 bash /data/data/com.termux/files/home/forge/forgeall.sh
u0_a449   6307  6133  0  1970 pts/1    00:00:00 bash /data/data/com.termux/files/home/forge/forgenet_recovery.sh
u0_a449   6329  6307  0  1970 pts/1    00:00:00 bash /data/data/com.termux/files/home/forge/forgeall.sh
u0_a449   6552  6329  0  1970 pts/1    00:00:00 bash /data/data/com.termux/files/home/forge/forgenet_recovery.sh
u0_a449   6575  6552  0  1970 pts/1    00:00:00 bash /data/data/com.termux/files/home/forge/forgeall.sh
u0_a449   6698  6575  0  1970 pts/1    00:00:00 bash /data/data/com.termux/files/home/forge/forgenet_recovery.sh
u0_a449   6716  6698  0  1970 pts/1    00:00:00 bash /data/data/com.termux/files/home/forge/forgeall.sh
u0_a449   6855  6847 16  1970 ?        00:00:00 python /data/data/com.termux/files/home/forge/forgenet_research_assist.py
u0_a449   6865  6648  2  1970 ?        00:00:00 python /data/data/com.termux/files/home/forge/forgenet_cognitive_loop.py
u0_a449   6872  6716  0  1970 pts/1    00:00:00 tee -a /data/data/com.termux/files/home/forge/forgeall_master.log
u0_a449  20009     1  0  1970 ?        00:00:00 python /data/data/com.termux/files/home/forge/forgenet_autopilot_loop.py
u0_a449  20010     1  0  1970 ?        00:00:00 python /data/data/com.termux/files/home/forge/forgenet_autopilot_visual.py
u0_a449  24040     1  0  1970 pts/1    00:00:00 bash /data/data/com.termux/files/home/forge/forgenet_overwatch_command.sh
u0_a449  24045     1  0  1970 pts/1    00:00:00 bash /data/data/com.termux/files/home/forge/forgenet_guardian.sh
u0_a449  24056     1  0  1970 pts/1    00:00:00 bash /data/data/com.termux/files/home/forge/forgenet_mobile_ui.sh
u0_a449  24076 24056  0  1970 pts/1    00:00:00 tee -a /data/data/com.termux/files/home/forge/forgenet_mobile_ui.log
u0_a449  24082 24045  0  1970 pts/1    00:00:00 bash /data/data/com.termux/files/home/forge/forgenet_autocycle_publisher.sh
u0_a449  24697     1  0  1970 pts/3    00:00:00 bash /data/data/com.termux/files/home/forge/ForgeNet_Restore_20260105_104652/forge/forgenet_watchdog.sh
u0_a449  29049     1  0  1970 ?        00:00:01 bash /data/data/com.termux/files/home/forge/forgenet_watchdog.sh
------------------------------------------------------------
📊 Logs located in: /data/data/com.termux/files/home/forge
🌐 Web UI: http://127.0.0.1:8080
============================================================
🩺 Checking system integrity...
============================================================
🔁 ForgeNet Recovery Run — 2026-01-05_120555
============================================================
✅ All essential components verified.
🚀 Relaunching ForgeAll Master Stack...
============================================================
🚀 ForgeAll Master Command Stack — 2026-01-05 12:05:55
============================================================
✅ Found: forgenet_overwatch_command.sh
✅ Found: forgenet_cognitive_loop.py
✅ Found: forgenet_guardian.sh
✅ Found: forgenet_mobile_ui.sh
✅ Found: forgenet_creativity_timeline.py
✅ Found: forgenet_decode_engine.py
🧩 Starting Cognitive Loop...
🛰️  Overwatch already running.
🛡️  Guardian already active.
💻 Mobile Web UI already active on port 8080.

============================================================
✅ Active Services Summary:
------------------------------------------------------------
u0_a449   5938 24946  0  1970 pts/1    00:00:00 bash /data/data/com.termux/files/home/forge/forgeall.sh
u0_a449   6111  5938  0  1970 pts/1    00:00:00 bash /data/data/com.termux/files/home/forge/forgenet_recovery.sh
u0_a449   6133  6111  0  1970 pts/1    00:00:00 bash /data/data/com.termux/files/home/forge/forgeall.sh
u0_a449   6307  6133  0  1970 pts/1    00:00:00 bash /data/data/com.termux/files/home/forge/forgenet_recovery.sh
u0_a449   6329  6307  0  1970 pts/1    00:00:00 bash /data/data/com.termux/files/home/forge/forgeall.sh
u0_a449   6552  6329  0  1970 pts/1    00:00:00 bash /data/data/com.termux/files/home/forge/forgenet_recovery.sh
u0_a449   6575  6552  0  1970 pts/1    00:00:00 bash /data/data/com.termux/files/home/forge/forgeall.sh
u0_a449   6698  6575  0  1970 pts/1    00:00:00 bash /data/data/com.termux/files/home/forge/forgenet_recovery.sh
u0_a449   6716  6698  0  1970 pts/1    00:00:00 bash /data/data/com.termux/files/home/forge/forgeall.sh
u0_a449   6883  6716  0  1970 pts/1    00:00:00 bash /data/data/com.termux/files/home/forge/forgenet_recovery.sh
u0_a449   6906  6883  0  1970 pts/1    00:00:00 bash /data/data/com.termux/files/home/forge/forgeall.sh
u0_a449   6984  6833  7  1970 ?        00:00:00 python /data/data/com.termux/files/home/forge/forgenet_memory_engine.py
u0_a449   7009  6906  1  1970 pts/1    00:00:00 tee -a /data/data/com.termux/files/home/forge/forgeall_master.log
u0_a449  20009     1  0  1970 ?        00:00:00 python /data/data/com.termux/files/home/forge/forgenet_autopilot_loop.py
u0_a449  20010     1  0  1970 ?        00:00:00 python /data/data/com.termux/files/home/forge/forgenet_autopilot_visual.py
u0_a449  24040     1  0  1970 pts/1    00:00:00 bash /data/data/com.termux/files/home/forge/forgenet_overwatch_command.sh
u0_a449  24045     1  0  1970 pts/1    00:00:00 bash /data/data/com.termux/files/home/forge/forgenet_guardian.sh
u0_a449  24056     1  0  1970 pts/1    00:00:00 bash /data/data/com.termux/files/home/forge/forgenet_mobile_ui.sh
u0_a449  24076 24056  0  1970 pts/1    00:00:00 tee -a /data/data/com.termux/files/home/forge/forgenet_mobile_ui.log
u0_a449  24082 24045  0  1970 pts/1    00:00:00 bash /data/data/com.termux/files/home/forge/forgenet_autocycle_publisher.sh
u0_a449  24697     1  0  1970 pts/3    00:00:00 bash /data/data/com.termux/files/home/forge/ForgeNet_Restore_20260105_104652/forge/forgenet_watchdog.sh
u0_a449  29049     1  0  1970 ?        00:00:01 bash /data/data/com.termux/files/home/forge/forgenet_watchdog.sh
------------------------------------------------------------
📊 Logs located in: /data/data/com.termux/files/home/forge
🌐 Web UI: http://127.0.0.1:8080
============================================================
🩺 Checking system integrity...
============================================================
🔁 ForgeNet Recovery Run — 2026-01-05_120558
============================================================
✅ All essential components verified.
🚀 Relaunching ForgeAll Master Stack...
============================================================
🚀 ForgeAll Master Command Stack — 2026-01-05 12:05:58
============================================================
✅ Found: forgenet_overwatch_command.sh
✅ Found: forgenet_cognitive_loop.py
✅ Found: forgenet_guardian.sh
✅ Found: forgenet_mobile_ui.sh
✅ Found: forgenet_creativity_timeline.py
✅ Found: forgenet_decode_engine.py
🧩 Starting Cognitive Loop...
🛰️  Overwatch already running.
🛡️  Guardian already active.
💻 Mobile Web UI already active on port 8080.

============================================================
✅ Active Services Summary:
------------------------------------------------------------
u0_a449   5938 24946  0  1970 pts/1    00:00:00 bash /data/data/com.termux/files/home/forge/forgeall.sh
u0_a449   6111  5938  0  1970 pts/1    00:00:00 bash /data/data/com.termux/files/home/forge/forgenet_recovery.sh
u0_a449   6133  6111  0  1970 pts/1    00:00:00 bash /data/data/com.termux/files/home/forge/forgeall.sh
u0_a449   6307  6133  0  1970 pts/1    00:00:00 bash /data/data/com.termux/files/home/forge/forgenet_recovery.sh
u0_a449   6329  6307  0  1970 pts/1    00:00:00 bash /data/data/com.termux/files/home/forge/forgeall.sh
u0_a449   6552  6329  0  1970 pts/1    00:00:00 bash /data/data/com.termux/files/home/forge/forgenet_recovery.sh
u0_a449   6575  6552  0  1970 pts/1    00:00:00 bash /data/data/com.termux/files/home/forge/forgeall.sh
u0_a449   6698  6575  0  1970 pts/1    00:00:00 bash /data/data/com.termux/files/home/forge/forgenet_recovery.sh
u0_a449   6716  6698  0  1970 pts/1    00:00:00 bash /data/data/com.termux/files/home/forge/forgeall.sh
u0_a449   6883  6716  0  1970 pts/1    00:00:00 bash /data/data/com.termux/files/home/forge/forgenet_recovery.sh
u0_a449   6906  6883  0  1970 pts/1    00:00:00 bash /data/data/com.termux/files/home/forge/forgeall.sh
u0_a449   7044  6906  0  1970 pts/1    00:00:00 bash /data/data/com.termux/files/home/forge/forgenet_recovery.sh
u0_a449   7068  7044  1  1970 pts/1    00:00:00 bash /data/data/com.termux/files/home/forge/forgeall.sh
u0_a449   7178  7068  0  1970 pts/1    00:00:00 tee -a /data/data/com.termux/files/home/forge/forgeall_master.log
u0_a449  20009     1  0  1970 ?        00:00:00 python /data/data/com.termux/files/home/forge/forgenet_autopilot_loop.py
u0_a449  20010     1  0  1970 ?        00:00:00 python /data/data/com.termux/files/home/forge/forgenet_autopilot_visual.py
u0_a449  24040     1  0  1970 pts/1    00:00:00 bash /data/data/com.termux/files/home/forge/forgenet_overwatch_command.sh
u0_a449  24045     1  0  1970 pts/1    00:00:00 bash /data/data/com.termux/files/home/forge/forgenet_guardian.sh
u0_a449  24056     1  0  1970 pts/1    00:00:00 bash /data/data/com.termux/files/home/forge/forgenet_mobile_ui.sh
u0_a449  24076 24056  0  1970 pts/1    00:00:00 tee -a /data/data/com.termux/files/home/forge/forgenet_mobile_ui.log
u0_a449  24082 24045  0  1970 pts/1    00:00:00 bash /data/data/com.termux/files/home/forge/forgenet_autocycle_publisher.sh
u0_a449  24697     1  0  1970 pts/3    00:00:00 bash /data/data/com.termux/files/home/forge/ForgeNet_Restore_20260105_104652/forge/forgenet_watchdog.sh
u0_a449  29049     1  0  1970 ?        00:00:01 bash /data/data/com.termux/files/home/forge/forgenet_watchdog.sh
------------------------------------------------------------
📊 Logs located in: /data/data/com.termux/files/home/forge
🌐 Web UI: http://127.0.0.1:8080
============================================================
🩺 Checking system integrity...
============================================================
🔁 ForgeNet Recovery Run — 2026-01-05_120602
============================================================
✅ All essential components verified.
🚀 Relaunching ForgeAll Master Stack...
============================================================
🚀 ForgeAll Master Command Stack — 2026-01-05 12:06:02
============================================================
✅ Found: forgenet_overwatch_command.sh
✅ Found: forgenet_cognitive_loop.py
✅ Found: forgenet_guardian.sh
✅ Found: forgenet_mobile_ui.sh
✅ Found: forgenet_creativity_timeline.py
✅ Found: forgenet_decode_engine.py
🧩 Starting Cognitive Loop...
🛰️  Overwatch already running.
🛡️  Guardian already active.
💻 Mobile Web UI already active on port 8080.

============================================================
✅ Active Services Summary:
------------------------------------------------------------
u0_a449   5938 24946  0  1970 pts/1    00:00:00 bash /data/data/com.termux/files/home/forge/forgeall.sh
u0_a449   6111  5938  0  1970 pts/1    00:00:00 bash /data/data/com.termux/files/home/forge/forgenet_recovery.sh
u0_a449   6133  6111  0  1970 pts/1    00:00:00 bash /data/data/com.termux/files/home/forge/forgeall.sh
u0_a449   6307  6133  0  1970 pts/1    00:00:00 bash /data/data/com.termux/files/home/forge/forgenet_recovery.sh
u0_a449   6329  6307  0  1970 pts/1    00:00:00 bash /data/data/com.termux/files/home/forge/forgeall.sh
u0_a449   6552  6329  0  1970 pts/1    00:00:00 bash /data/data/com.termux/files/home/forge/forgenet_recovery.sh
u0_a449   6575  6552  0  1970 pts/1    00:00:00 bash /data/data/com.termux/files/home/forge/forgeall.sh
u0_a449   6698  6575  0  1970 pts/1    00:00:00 bash /data/data/com.termux/files/home/forge/forgenet_recovery.sh
u0_a449   6716  6698  0  1970 pts/1    00:00:00 bash /data/data/com.termux/files/home/forge/forgeall.sh
u0_a449   6883  6716  0  1970 pts/1    00:00:00 bash /data/data/com.termux/files/home/forge/forgenet_recovery.sh
u0_a449   6906  6883  0  1970 pts/1    00:00:00 bash /data/data/com.termux/files/home/forge/forgeall.sh
u0_a449   7044  6906  0  1970 pts/1    00:00:00 bash /data/data/com.termux/files/home/forge/forgenet_recovery.sh
u0_a449   7068  7044  0  1970 pts/1    00:00:00 bash /data/data/com.termux/files/home/forge/forgeall.sh
u0_a449   7192  7068  0  1970 pts/1    00:00:00 bash /data/data/com.termux/files/home/forge/forgenet_recovery.sh
u0_a449   7220  7192  1  1970 pts/1    00:00:00 bash /data/data/com.termux/files/home/forge/forgeall.sh
u0_a449   7340  7220  0  1970 pts/1    00:00:00 tee -a /data/data/com.termux/files/home/forge/forgeall_master.log
u0_a449  20009     1  0  1970 ?        00:00:00 python /data/data/com.termux/files/home/forge/forgenet_autopilot_loop.py
u0_a449  20010     1  0  1970 ?        00:00:00 python /data/data/com.termux/files/home/forge/forgenet_autopilot_visual.py
u0_a449  24040     1  0  1970 pts/1    00:00:00 bash /data/data/com.termux/files/home/forge/forgenet_overwatch_command.sh
u0_a449  24045     1  0  1970 pts/1    00:00:00 bash /data/data/com.termux/files/home/forge/forgenet_guardian.sh
u0_a449  24056     1  0  1970 pts/1    00:00:00 bash /data/data/com.termux/files/home/forge/forgenet_mobile_ui.sh
u0_a449  24076 24056  0  1970 pts/1    00:00:00 tee -a /data/data/com.termux/files/home/forge/forgenet_mobile_ui.log
u0_a449  24082 24045  0  1970 pts/1    00:00:00 bash /data/data/com.termux/files/home/forge/forgenet_autocycle_publisher.sh
u0_a449  24697     1  0  1970 pts/3    00:00:00 bash /data/data/com.termux/files/home/forge/ForgeNet_Restore_20260105_104652/forge/forgenet_watchdog.sh
u0_a449  29049     1  0  1970 ?        00:00:01 bash /data/data/com.termux/files/home/forge/forgenet_watchdog.sh
------------------------------------------------------------
📊 Logs located in: /data/data/com.termux/files/home/forge
🌐 Web UI: http://127.0.0.1:8080
============================================================
🩺 Checking system integrity...
============================================================
🔁 ForgeNet Recovery Run — 2026-01-05_120606
============================================================
✅ All essential components verified.
🚀 Relaunching ForgeAll Master Stack...
============================================================
🚀 ForgeAll Master Command Stack — 2026-01-05 12:06:06
============================================================
✅ Found: forgenet_overwatch_command.sh
✅ Found: forgenet_cognitive_loop.py
✅ Found: forgenet_guardian.sh
✅ Found: forgenet_mobile_ui.sh
✅ Found: forgenet_creativity_timeline.py
✅ Found: forgenet_decode_engine.py
🧩 Starting Cognitive Loop...
🛰️  Overwatch already running.
🛡️  Guardian already active.
💻 Mobile Web UI already active on port 8080.

============================================================
✅ Active Services Summary:
------------------------------------------------------------
u0_a449   5938 24946  0  1970 pts/1    00:00:00 bash /data/data/com.termux/files/home/forge/forgeall.sh
u0_a449   6111  5938  0  1970 pts/1    00:00:00 bash /data/data/com.termux/files/home/forge/forgenet_recovery.sh
u0_a449   6133  6111  0  1970 pts/1    00:00:00 bash /data/data/com.termux/files/home/forge/forgeall.sh
u0_a449   6307  6133  0  1970 pts/1    00:00:00 bash /data/data/com.termux/files/home/forge/forgenet_recovery.sh
u0_a449   6329  6307  0  1970 pts/1    00:00:00 bash /data/data/com.termux/files/home/forge/forgeall.sh
u0_a449   6552  6329  0  1970 pts/1    00:00:00 bash /data/data/com.termux/files/home/forge/forgenet_recovery.sh
u0_a449   6575  6552  0  1970 pts/1    00:00:00 bash /data/data/com.termux/files/home/forge/forgeall.sh
u0_a449   6698  6575  0  1970 pts/1    00:00:00 bash /data/data/com.termux/files/home/forge/forgenet_recovery.sh
u0_a449   6716  6698  0  1970 pts/1    00:00:00 bash /data/data/com.termux/files/home/forge/forgeall.sh
u0_a449   6883  6716  0  1970 pts/1    00:00:00 bash /data/data/com.termux/files/home/forge/forgenet_recovery.sh
u0_a449   6906  6883  0  1970 pts/1    00:00:00 bash /data/data/com.termux/files/home/forge/forgeall.sh
u0_a449   7044  6906  0  1970 pts/1    00:00:00 bash /data/data/com.termux/files/home/forge/forgenet_recovery.sh
u0_a449   7068  7044  0  1970 pts/1    00:00:00 bash /data/data/com.termux/files/home/forge/forgeall.sh
u0_a449   7192  7068  0  1970 pts/1    00:00:00 bash /data/data/com.termux/files/home/forge/forgenet_recovery.sh
u0_a449   7220  7192  0  1970 pts/1    00:00:00 bash /data/data/com.termux/files/home/forge/forgeall.sh
u0_a449   7359  7220  0  1970 pts/1    00:00:00 bash /data/data/com.termux/files/home/forge/forgenet_recovery.sh
u0_a449   7378  7359  0  1970 pts/1    00:00:00 bash /data/data/com.termux/files/home/forge/forgeall.sh
u0_a449   7485  7378  0  1970 pts/1    00:00:00 tee -a /data/data/com.termux/files/home/forge/forgeall_master.log
u0_a449  20009     1  0  1970 ?        00:00:00 python /data/data/com.termux/files/home/forge/forgenet_autopilot_loop.py
u0_a449  20010     1  0  1970 ?        00:00:00 python /data/data/com.termux/files/home/forge/forgenet_autopilot_visual.py
u0_a449  24040     1  0  1970 pts/1    00:00:00 bash /data/data/com.termux/files/home/forge/forgenet_overwatch_command.sh
u0_a449  24045     1  0  1970 pts/1    00:00:00 bash /data/data/com.termux/files/home/forge/forgenet_guardian.sh
u0_a449  24056     1  0  1970 pts/1    00:00:00 bash /data/data/com.termux/files/home/forge/forgenet_mobile_ui.sh
u0_a449  24076 24056  0  1970 pts/1    00:00:00 tee -a /data/data/com.termux/files/home/forge/forgenet_mobile_ui.log
u0_a449  24082 24045  0  1970 pts/1    00:00:00 bash /data/data/com.termux/files/home/forge/forgenet_autocycle_publisher.sh
u0_a449  24697     1  0  1970 pts/3    00:00:00 bash /data/data/com.termux/files/home/forge/ForgeNet_Restore_20260105_104652/forge/forgenet_watchdog.sh
u0_a449  29049     1  0  1970 ?        00:00:01 bash /data/data/com.termux/files/home/forge/forgenet_watchdog.sh
------------------------------------------------------------
📊 Logs located in: /data/data/com.termux/files/home/forge
🌐 Web UI: http://127.0.0.1:8080
============================================================
🩺 Checking system integrity...
============================================================
🔁 ForgeNet Recovery Run — 2026-01-05_120609
============================================================
✅ All essential components verified.
🚀 Relaunching ForgeAll Master Stack...
============================================================
🚀 ForgeAll Master Command Stack — 2026-01-05 12:06:09
============================================================
✅ Found: forgenet_overwatch_command.sh
✅ Found: forgenet_cognitive_loop.py
✅ Found: forgenet_guardian.sh
✅ Found: forgenet_mobile_ui.sh
✅ Found: forgenet_creativity_timeline.py
✅ Found: forgenet_decode_engine.py
🧩 Starting Cognitive Loop...
🛰️  Overwatch already running.
🛡️  Guardian already active.
💻 Mobile Web UI already active on port 8080.

============================================================
✅ Active Services Summary:
------------------------------------------------------------
u0_a449   5938 24946  0  1970 pts/1    00:00:00 bash /data/data/com.termux/files/home/forge/forgeall.sh
u0_a449   6111  5938  0  1970 pts/1    00:00:00 bash /data/data/com.termux/files/home/forge/forgenet_recovery.sh
u0_a449   6133  6111  0  1970 pts/1    00:00:00 bash /data/data/com.termux/files/home/forge/forgeall.sh
u0_a449   6307  6133  0  1970 pts/1    00:00:00 bash /data/data/com.termux/files/home/forge/forgenet_recovery.sh
u0_a449   6329  6307  0  1970 pts/1    00:00:00 bash /data/data/com.termux/files/home/forge/forgeall.sh
u0_a449   6552  6329  0  1970 pts/1    00:00:00 bash /data/data/com.termux/files/home/forge/forgenet_recovery.sh
u0_a449   6575  6552  0  1970 pts/1    00:00:00 bash /data/data/com.termux/files/home/forge/forgeall.sh
u0_a449   6698  6575  0  1970 pts/1    00:00:00 bash /data/data/com.termux/files/home/forge/forgenet_recovery.sh
u0_a449   6716  6698  0  1970 pts/1    00:00:00 bash /data/data/com.termux/files/home/forge/forgeall.sh
u0_a449   6883  6716  0  1970 pts/1    00:00:00 bash /data/data/com.termux/files/home/forge/forgenet_recovery.sh
u0_a449   6906  6883  0  1970 pts/1    00:00:00 bash /data/data/com.termux/files/home/forge/forgeall.sh
u0_a449   7044  6906  0  1970 pts/1    00:00:00 bash /data/data/com.termux/files/home/forge/forgenet_recovery.sh
u0_a449   7068  7044  0  1970 pts/1    00:00:00 bash /data/data/com.termux/files/home/forge/forgeall.sh
u0_a449   7192  7068  0  1970 pts/1    00:00:00 bash /data/data/com.termux/files/home/forge/forgenet_recovery.sh
u0_a449   7220  7192  0  1970 pts/1    00:00:00 bash /data/data/com.termux/files/home/forge/forgeall.sh
u0_a449   7359  7220  0  1970 pts/1    00:00:00 bash /data/data/com.termux/files/home/forge/forgenet_recovery.sh
u0_a449   7378  7359  0  1970 pts/1    00:00:00 bash /data/data/com.termux/files/home/forge/forgeall.sh
u0_a449   7502  7378  0  1970 pts/1    00:00:00 bash /data/data/com.termux/files/home/forge/forgenet_recovery.sh
u0_a449   7519  7502  1  1970 pts/1    00:00:00 bash /data/data/com.termux/files/home/forge/forgeall.sh
u0_a449   7656  7519  0  1970 pts/1    00:00:00 tee -a /data/data/com.termux/files/home/forge/forgeall_master.log
u0_a449  20009     1  0  1970 ?        00:00:00 python /data/data/com.termux/files/home/forge/forgenet_autopilot_loop.py
u0_a449  20010     1  0  1970 ?        00:00:00 python /data/data/com.termux/files/home/forge/forgenet_autopilot_visual.py
u0_a449  24040     1  0  1970 pts/1    00:00:00 bash /data/data/com.termux/files/home/forge/forgenet_overwatch_command.sh
u0_a449  24045     1  0  1970 pts/1    00:00:00 bash /data/data/com.termux/files/home/forge/forgenet_guardian.sh
u0_a449  24056     1  0  1970 pts/1    00:00:00 bash /data/data/com.termux/files/home/forge/forgenet_mobile_ui.sh
u0_a449  24076 24056  0  1970 pts/1    00:00:00 tee -a /data/data/com.termux/files/home/forge/forgenet_mobile_ui.log
u0_a449  24082 24045  0  1970 pts/1    00:00:00 bash /data/data/com.termux/files/home/forge/forgenet_autocycle_publisher.sh
u0_a449  24697     1  0  1970 pts/3    00:00:00 bash /data/data/com.termux/files/home/forge/ForgeNet_Restore_20260105_104652/forge/forgenet_watchdog.sh
u0_a449  29049     1  0  1970 ?        00:00:01 bash /data/data/com.termux/files/home/forge/forgenet_watchdog.sh
------------------------------------------------------------
📊 Logs located in: /data/data/com.termux/files/home/forge
🌐 Web UI: http://127.0.0.1:8080
============================================================
🩺 Checking system integrity...
============================================================
🔁 ForgeNet Recovery Run — 2026-01-05_120613
============================================================
✅ All essential components verified.
🚀 Relaunching ForgeAll Master Stack...
============================================================
🚀 ForgeAll Master Command Stack — 2026-01-05 12:06:13
============================================================
✅ Found: forgenet_overwatch_command.sh
✅ Found: forgenet_cognitive_loop.py
✅ Found: forgenet_guardian.sh
✅ Found: forgenet_mobile_ui.sh
✅ Found: forgenet_creativity_timeline.py
✅ Found: forgenet_decode_engine.py
🧩 Starting Cognitive Loop...
🛰️  Overwatch already running.
🛡️  Guardian already active.
💻 Mobile Web UI already active on port 8080.

============================================================
✅ Active Services Summary:
------------------------------------------------------------
u0_a449   5938 24946  0  1970 pts/1    00:00:00 bash /data/data/com.termux/files/home/forge/forgeall.sh
u0_a449   6111  5938  0  1970 pts/1    00:00:00 bash /data/data/com.termux/files/home/forge/forgenet_recovery.sh
u0_a449   6133  6111  0  1970 pts/1    00:00:00 bash /data/data/com.termux/files/home/forge/forgeall.sh
u0_a449   6307  6133  0  1970 pts/1    00:00:00 bash /data/data/com.termux/files/home/forge/forgenet_recovery.sh
u0_a449   6329  6307  0  1970 pts/1    00:00:00 bash /data/data/com.termux/files/home/forge/forgeall.sh
u0_a449   6552  6329  0  1970 pts/1    00:00:00 bash /data/data/com.termux/files/home/forge/forgenet_recovery.sh
u0_a449   6575  6552  0  1970 pts/1    00:00:00 bash /data/data/com.termux/files/home/forge/forgeall.sh
u0_a449   6698  6575  0  1970 pts/1    00:00:00 bash /data/data/com.termux/files/home/forge/forgenet_recovery.sh
u0_a449   6716  6698  0  1970 pts/1    00:00:00 bash /data/data/com.termux/files/home/forge/forgeall.sh
u0_a449   6883  6716  0  1970 pts/1    00:00:00 bash /data/data/com.termux/files/home/forge/forgenet_recovery.sh
u0_a449   6906  6883  0  1970 pts/1    00:00:00 bash /data/data/com.termux/files/home/forge/forgeall.sh
u0_a449   7044  6906  0  1970 pts/1    00:00:00 bash /data/data/com.termux/files/home/forge/forgenet_recovery.sh
u0_a449   7068  7044  0  1970 pts/1    00:00:00 bash /data/data/com.termux/files/home/forge/forgeall.sh
u0_a449   7192  7068  0  1970 pts/1    00:00:00 bash /data/data/com.termux/files/home/forge/forgenet_recovery.sh
u0_a449   7220  7192  0  1970 pts/1    00:00:00 bash /data/data/com.termux/files/home/forge/forgeall.sh
u0_a449   7359  7220  0  1970 pts/1    00:00:00 bash /data/data/com.termux/files/home/forge/forgenet_recovery.sh
u0_a449   7378  7359  0  1970 pts/1    00:00:00 bash /data/data/com.termux/files/home/forge/forgeall.sh
u0_a449   7502  7378  0  1970 pts/1    00:00:00 bash /data/data/com.termux/files/home/forge/forgenet_recovery.sh
u0_a449   7519  7502  0  1970 pts/1    00:00:00 bash /data/data/com.termux/files/home/forge/forgeall.sh
u0_a449   7672  7519  0  1970 pts/1    00:00:00 bash /data/data/com.termux/files/home/forge/forgenet_recovery.sh
u0_a449   7688  7672  0  1970 pts/1    00:00:00 bash /data/data/com.termux/files/home/forge/forgeall.sh
u0_a449   7788  7754  8  1970 ?        00:00:00 python /data/data/com.termux/files/home/forge/forgenet_pattern_visualizer.py
u0_a449   7800  7688  2  1970 pts/1    00:00:00 tee -a /data/data/com.termux/files/home/forge/forgeall_master.log
u0_a449  20009     1  0  1970 ?        00:00:00 python /data/data/com.termux/files/home/forge/forgenet_autopilot_loop.py
u0_a449  20010     1  0  1970 ?        00:00:00 python /data/data/com.termux/files/home/forge/forgenet_autopilot_visual.py
u0_a449  24040     1  0  1970 pts/1    00:00:00 bash /data/data/com.termux/files/home/forge/forgenet_overwatch_command.sh
u0_a449  24045     1  0  1970 pts/1    00:00:00 bash /data/data/com.termux/files/home/forge/forgenet_guardian.sh
u0_a449  24056     1  0  1970 pts/1    00:00:00 bash /data/data/com.termux/files/home/forge/forgenet_mobile_ui.sh
u0_a449  24076 24056  0  1970 pts/1    00:00:00 tee -a /data/data/com.termux/files/home/forge/forgenet_mobile_ui.log
u0_a449  24082 24045  0  1970 pts/1    00:00:00 bash /data/data/com.termux/files/home/forge/forgenet_autocycle_publisher.sh
u0_a449  24697     1  0  1970 pts/3    00:00:00 bash /data/data/com.termux/files/home/forge/ForgeNet_Restore_20260105_104652/forge/forgenet_watchdog.sh
u0_a449  29049     1  0  1970 ?        00:00:01 bash /data/data/com.termux/files/home/forge/forgenet_watchdog.sh
------------------------------------------------------------
📊 Logs located in: /data/data/com.termux/files/home/forge
🌐 Web UI: http://127.0.0.1:8080
============================================================
🩺 Checking system integrity...
============================================================
🔁 ForgeNet Recovery Run — 2026-01-05_120616
============================================================
✅ All essential components verified.
🚀 Relaunching ForgeAll Master Stack...
============================================================
🚀 ForgeAll Master Command Stack — 2026-01-05 12:06:16
============================================================
✅ Found: forgenet_overwatch_command.sh
✅ Found: forgenet_cognitive_loop.py
✅ Found: forgenet_guardian.sh
✅ Found: forgenet_mobile_ui.sh
✅ Found: forgenet_creativity_timeline.py
✅ Found: forgenet_decode_engine.py
🧩 Starting Cognitive Loop...
🛰️  Overwatch already running.
🛡️  Guardian already active.
💻 Mobile Web UI already active on port 8080.

============================================================
✅ Active Services Summary:
------------------------------------------------------------
u0_a449   5938 24946  0  1970 pts/1    00:00:00 bash /data/data/com.termux/files/home/forge/forgeall.sh
u0_a449   6111  5938  0  1970 pts/1    00:00:00 bash /data/data/com.termux/files/home/forge/forgenet_recovery.sh
u0_a449   6133  6111  0  1970 pts/1    00:00:00 bash /data/data/com.termux/files/home/forge/forgeall.sh
u0_a449   6307  6133  0  1970 pts/1    00:00:00 bash /data/data/com.termux/files/home/forge/forgenet_recovery.sh
u0_a449   6329  6307  0  1970 pts/1    00:00:00 bash /data/data/com.termux/files/home/forge/forgeall.sh
u0_a449   6552  6329  0  1970 pts/1    00:00:00 bash /data/data/com.termux/files/home/forge/forgenet_recovery.sh
u0_a449   6575  6552  0  1970 pts/1    00:00:00 bash /data/data/com.termux/files/home/forge/forgeall.sh
u0_a449   6698  6575  0  1970 pts/1    00:00:00 bash /data/data/com.termux/files/home/forge/forgenet_recovery.sh
u0_a449   6716  6698  0  1970 pts/1    00:00:00 bash /data/data/com.termux/files/home/forge/forgeall.sh
u0_a449   6883  6716  0  1970 pts/1    00:00:00 bash /data/data/com.termux/files/home/forge/forgenet_recovery.sh
u0_a449   6906  6883  0  1970 pts/1    00:00:00 bash /data/data/com.termux/files/home/forge/forgeall.sh
u0_a449   7044  6906  0  1970 pts/1    00:00:00 bash /data/data/com.termux/files/home/forge/forgenet_recovery.sh
u0_a449   7068  7044  0  1970 pts/1    00:00:00 bash /data/data/com.termux/files/home/forge/forgeall.sh
u0_a449   7192  7068  0  1970 pts/1    00:00:00 bash /data/data/com.termux/files/home/forge/forgenet_recovery.sh
u0_a449   7220  7192  0  1970 pts/1    00:00:00 bash /data/data/com.termux/files/home/forge/forgeall.sh
u0_a449   7359  7220  0  1970 pts/1    00:00:00 bash /data/data/com.termux/files/home/forge/forgenet_recovery.sh
u0_a449   7378  7359  0  1970 pts/1    00:00:00 bash /data/data/com.termux/files/home/forge/forgeall.sh
u0_a449   7502  7378  0  1970 pts/1    00:00:00 bash /data/data/com.termux/files/home/forge/forgenet_recovery.sh
u0_a449   7519  7502  0  1970 pts/1    00:00:00 bash /data/data/com.termux/files/home/forge/forgeall.sh
u0_a449   7672  7519  0  1970 pts/1    00:00:00 bash /data/data/com.termux/files/home/forge/forgenet_recovery.sh
u0_a449   7688  7672  0  1970 pts/1    00:00:00 bash /data/data/com.termux/files/home/forge/forgeall.sh
u0_a449   7815  7688  0  1970 pts/1    00:00:00 bash /data/data/com.termux/files/home/forge/forgenet_recovery.sh
u0_a449   7835  7815  0  1970 pts/1    00:00:00 bash /data/data/com.termux/files/home/forge/forgeall.sh
u0_a449   7920  7913 65  1970 ?        00:00:01 python /data/data/com.termux/files/home/forge/forgenet_research_assist.py
u0_a449   7942  7835  1  1970 pts/1    00:00:00 tee -a /data/data/com.termux/files/home/forge/forgeall_master.log
u0_a449  20009     1  0  1970 ?        00:00:00 python /data/data/com.termux/files/home/forge/forgenet_autopilot_loop.py
u0_a449  20010     1  0  1970 ?        00:00:00 python /data/data/com.termux/files/home/forge/forgenet_autopilot_visual.py
u0_a449  24040     1  0  1970 pts/1    00:00:00 bash /data/data/com.termux/files/home/forge/forgenet_overwatch_command.sh
u0_a449  24045     1  0  1970 pts/1    00:00:00 bash /data/data/com.termux/files/home/forge/forgenet_guardian.sh
u0_a449  24056     1  0  1970 pts/1    00:00:00 bash /data/data/com.termux/files/home/forge/forgenet_mobile_ui.sh
u0_a449  24076 24056  0  1970 pts/1    00:00:00 tee -a /data/data/com.termux/files/home/forge/forgenet_mobile_ui.log
u0_a449  24082 24045  0  1970 pts/1    00:00:00 bash /data/data/com.termux/files/home/forge/forgenet_autocycle_publisher.sh
u0_a449  24697     1  0  1970 pts/3    00:00:00 bash /data/data/com.termux/files/home/forge/ForgeNet_Restore_20260105_104652/forge/forgenet_watchdog.sh
u0_a449  29049     1  0  1970 ?        00:00:01 bash /data/data/com.termux/files/home/forge/forgenet_watchdog.sh
------------------------------------------------------------
📊 Logs located in: /data/data/com.termux/files/home/forge
🌐 Web UI: http://127.0.0.1:8080
============================================================
🩺 Checking system integrity...
============================================================
🔁 ForgeNet Recovery Run — 2026-01-05_120620
============================================================
✅ All essential components verified.
🚀 Relaunching ForgeAll Master Stack...
============================================================
🚀 ForgeAll Master Command Stack — 2026-01-05 12:06:20
============================================================
✅ Found: forgenet_overwatch_command.sh
✅ Found: forgenet_cognitive_loop.py
✅ Found: forgenet_guardian.sh
✅ Found: forgenet_mobile_ui.sh
✅ Found: forgenet_creativity_timeline.py
✅ Found: forgenet_decode_engine.py
🧩 Starting Cognitive Loop...
🛰️  Overwatch already running.
🛡️  Guardian already active.
💻 Mobile Web UI already active on port 8080.

============================================================
✅ Active Services Summary:
------------------------------------------------------------
u0_a449   5938 24946  0  1970 pts/1    00:00:00 bash /data/data/com.termux/files/home/forge/forgeall.sh
u0_a449   6111  5938  0  1970 pts/1    00:00:00 bash /data/data/com.termux/files/home/forge/forgenet_recovery.sh
u0_a449   6133  6111  0  1970 pts/1    00:00:00 bash /data/data/com.termux/files/home/forge/forgeall.sh
u0_a449   6307  6133  0  1970 pts/1    00:00:00 bash /data/data/com.termux/files/home/forge/forgenet_recovery.sh
u0_a449   6329  6307  0  1970 pts/1    00:00:00 bash /data/data/com.termux/files/home/forge/forgeall.sh
u0_a449   6552  6329  0  1970 pts/1    00:00:00 bash /data/data/com.termux/files/home/forge/forgenet_recovery.sh
u0_a449   6575  6552  0  1970 pts/1    00:00:00 bash /data/data/com.termux/files/home/forge/forgeall.sh
u0_a449   6698  6575  0  1970 pts/1    00:00:00 bash /data/data/com.termux/files/home/forge/forgenet_recovery.sh
u0_a449   6716  6698  0  1970 pts/1    00:00:00 bash /data/data/com.termux/files/home/forge/forgeall.sh
u0_a449   6883  6716  0  1970 pts/1    00:00:00 bash /data/data/com.termux/files/home/forge/forgenet_recovery.sh
u0_a449   6906  6883  0  1970 pts/1    00:00:00 bash /data/data/com.termux/files/home/forge/forgeall.sh
u0_a449   7044  6906  0  1970 pts/1    00:00:00 bash /data/data/com.termux/files/home/forge/forgenet_recovery.sh
u0_a449   7068  7044  0  1970 pts/1    00:00:00 bash /data/data/com.termux/files/home/forge/forgeall.sh
u0_a449   7192  7068  0  1970 pts/1    00:00:00 bash /data/data/com.termux/files/home/forge/forgenet_recovery.sh
u0_a449   7220  7192  0  1970 pts/1    00:00:00 bash /data/data/com.termux/files/home/forge/forgeall.sh
u0_a449   7359  7220  0  1970 pts/1    00:00:00 bash /data/data/com.termux/files/home/forge/forgenet_recovery.sh
u0_a449   7378  7359  0  1970 pts/1    00:00:00 bash /data/data/com.termux/files/home/forge/forgeall.sh
u0_a449   7502  7378  0  1970 pts/1    00:00:00 bash /data/data/com.termux/files/home/forge/forgenet_recovery.sh
u0_a449   7519  7502  0  1970 pts/1    00:00:00 bash /data/data/com.termux/files/home/forge/forgeall.sh
u0_a449   7672  7519  0  1970 pts/1    00:00:00 bash /data/data/com.termux/files/home/forge/forgenet_recovery.sh
u0_a449   7688  7672  0  1970 pts/1    00:00:00 bash /data/data/com.termux/files/home/forge/forgeall.sh
u0_a449   7815  7688  0  1970 pts/1    00:00:00 bash /data/data/com.termux/files/home/forge/forgenet_recovery.sh
u0_a449   7835  7815  0  1970 pts/1    00:00:00 bash /data/data/com.termux/files/home/forge/forgeall.sh
u0_a449   7956  7835  0  1970 pts/1    00:00:00 bash /data/data/com.termux/files/home/forge/forgenet_recovery.sh
u0_a449   7973  7956  0  1970 pts/1    00:00:00 bash /data/data/com.termux/files/home/forge/forgeall.sh
u0_a449   8075  8067 54  1970 ?        00:00:01 python /data/data/com.termux/files/home/forge/forgenet_research_assist.py
u0_a449   8101  7973  1  1970 pts/1    00:00:00 tee -a /data/data/com.termux/files/home/forge/forgeall_master.log
u0_a449  20009     1  0  1970 ?        00:00:00 python /data/data/com.termux/files/home/forge/forgenet_autopilot_loop.py
u0_a449  20010     1  0  1970 ?        00:00:00 python /data/data/com.termux/files/home/forge/forgenet_autopilot_visual.py
u0_a449  24040     1  0  1970 pts/1    00:00:00 bash /data/data/com.termux/files/home/forge/forgenet_overwatch_command.sh
u0_a449  24045     1  0  1970 pts/1    00:00:00 bash /data/data/com.termux/files/home/forge/forgenet_guardian.sh
u0_a449  24056     1  0  1970 pts/1    00:00:00 bash /data/data/com.termux/files/home/forge/forgenet_mobile_ui.sh
u0_a449  24076 24056  0  1970 pts/1    00:00:00 tee -a /data/data/com.termux/files/home/forge/forgenet_mobile_ui.log
u0_a449  24082 24045  0  1970 pts/1    00:00:00 bash /data/data/com.termux/files/home/forge/forgenet_autocycle_publisher.sh
u0_a449  24697     1  0  1970 pts/3    00:00:00 bash /data/data/com.termux/files/home/forge/ForgeNet_Restore_20260105_104652/forge/forgenet_watchdog.sh
u0_a449  29049     1  0  1970 ?        00:00:01 bash /data/data/com.termux/files/home/forge/forgenet_watchdog.sh
------------------------------------------------------------
📊 Logs located in: /data/data/com.termux/files/home/forge
🌐 Web UI: http://127.0.0.1:8080
============================================================
🩺 Checking system integrity...
============================================================
🔁 ForgeNet Recovery Run — 2026-01-05_120623
============================================================
✅ All essential components verified.
🚀 Relaunching ForgeAll Master Stack...
============================================================
🚀 ForgeAll Master Command Stack — 2026-01-05 12:06:24
============================================================
✅ Found: forgenet_overwatch_command.sh
✅ Found: forgenet_cognitive_loop.py
✅ Found: forgenet_guardian.sh
✅ Found: forgenet_mobile_ui.sh
✅ Found: forgenet_creativity_timeline.py
✅ Found: forgenet_decode_engine.py
🧩 Starting Cognitive Loop...
🛰️  Overwatch already running.
🛡️  Guardian already active.
💻 Mobile Web UI already active on port 8080.

============================================================
✅ Active Services Summary:
------------------------------------------------------------
u0_a449   5938 24946  0  1970 pts/1    00:00:00 bash /data/data/com.termux/files/home/forge/forgeall.sh
u0_a449   6111  5938  0  1970 pts/1    00:00:00 bash /data/data/com.termux/files/home/forge/forgenet_recovery.sh
u0_a449   6133  6111  0  1970 pts/1    00:00:00 bash /data/data/com.termux/files/home/forge/forgeall.sh
u0_a449   6307  6133  0  1970 pts/1    00:00:00 bash /data/data/com.termux/files/home/forge/forgenet_recovery.sh
u0_a449   6329  6307  0  1970 pts/1    00:00:00 bash /data/data/com.termux/files/home/forge/forgeall.sh
u0_a449   6552  6329  0  1970 pts/1    00:00:00 bash /data/data/com.termux/files/home/forge/forgenet_recovery.sh
u0_a449   6575  6552  0  1970 pts/1    00:00:00 bash /data/data/com.termux/files/home/forge/forgeall.sh
u0_a449   6698  6575  0  1970 pts/1    00:00:00 bash /data/data/com.termux/files/home/forge/forgenet_recovery.sh
u0_a449   6716  6698  0  1970 pts/1    00:00:00 bash /data/data/com.termux/files/home/forge/forgeall.sh
u0_a449   6883  6716  0  1970 pts/1    00:00:00 bash /data/data/com.termux/files/home/forge/forgenet_recovery.sh
u0_a449   6906  6883  0  1970 pts/1    00:00:00 bash /data/data/com.termux/files/home/forge/forgeall.sh
u0_a449   7044  6906  0  1970 pts/1    00:00:00 bash /data/data/com.termux/files/home/forge/forgenet_recovery.sh
u0_a449   7068  7044  0  1970 pts/1    00:00:00 bash /data/data/com.termux/files/home/forge/forgeall.sh
u0_a449   7192  7068  0  1970 pts/1    00:00:00 bash /data/data/com.termux/files/home/forge/forgenet_recovery.sh
u0_a449   7220  7192  0  1970 pts/1    00:00:00 bash /data/data/com.termux/files/home/forge/forgeall.sh
u0_a449   7359  7220  0  1970 pts/1    00:00:00 bash /data/data/com.termux/files/home/forge/forgenet_recovery.sh
u0_a449   7378  7359  0  1970 pts/1    00:00:00 bash /data/data/com.termux/files/home/forge/forgeall.sh
u0_a449   7502  7378  0  1970 pts/1    00:00:00 bash /data/data/com.termux/files/home/forge/forgenet_recovery.sh
u0_a449   7519  7502  0  1970 pts/1    00:00:00 bash /data/data/com.termux/files/home/forge/forgeall.sh
u0_a449   7672  7519  0  1970 pts/1    00:00:00 bash /data/data/com.termux/files/home/forge/forgenet_recovery.sh
u0_a449   7688  7672  0  1970 pts/1    00:00:00 bash /data/data/com.termux/files/home/forge/forgeall.sh
u0_a449   7815  7688  0  1970 pts/1    00:00:00 bash /data/data/com.termux/files/home/forge/forgenet_recovery.sh
u0_a449   7835  7815  0  1970 pts/1    00:00:00 bash /data/data/com.termux/files/home/forge/forgeall.sh
u0_a449   7956  7835  0  1970 pts/1    00:00:00 bash /data/data/com.termux/files/home/forge/forgenet_recovery.sh
u0_a449   7973  7956  0  1970 pts/1    00:00:00 bash /data/data/com.termux/files/home/forge/forgeall.sh
u0_a449   8113  7973  0  1970 pts/1    00:00:00 bash /data/data/com.termux/files/home/forge/forgenet_recovery.sh
u0_a449   8129  8113  0  1970 pts/1    00:00:00 bash /data/data/com.termux/files/home/forge/forgeall.sh
u0_a449   8231  8223 65  1970 ?        00:00:01 python /data/data/com.termux/files/home/forge/forgenet_research_assist.py
u0_a449   8261  8129  1  1970 pts/1    00:00:00 tee -a /data/data/com.termux/files/home/forge/forgeall_master.log
u0_a449  20009     1  0  1970 ?        00:00:00 python /data/data/com.termux/files/home/forge/forgenet_autopilot_loop.py
u0_a449  20010     1  0  1970 ?        00:00:00 python /data/data/com.termux/files/home/forge/forgenet_autopilot_visual.py
u0_a449  24040     1  0  1970 pts/1    00:00:00 bash /data/data/com.termux/files/home/forge/forgenet_overwatch_command.sh
u0_a449  24045     1  0  1970 pts/1    00:00:00 bash /data/data/com.termux/files/home/forge/forgenet_guardian.sh
u0_a449  24056     1  0  1970 pts/1    00:00:00 bash /data/data/com.termux/files/home/forge/forgenet_mobile_ui.sh
u0_a449  24076 24056  0  1970 pts/1    00:00:00 tee -a /data/data/com.termux/files/home/forge/forgenet_mobile_ui.log
u0_a449  24082 24045  0  1970 pts/1    00:00:00 bash /data/data/com.termux/files/home/forge/forgenet_autocycle_publisher.sh
u0_a449  24697     1  0  1970 pts/3    00:00:00 bash /data/data/com.termux/files/home/forge/ForgeNet_Restore_20260105_104652/forge/forgenet_watchdog.sh
u0_a449  29049     1  0  1970 ?        00:00:01 bash /data/data/com.termux/files/home/forge/forgenet_watchdog.sh
------------------------------------------------------------
📊 Logs located in: /data/data/com.termux/files/home/forge
🌐 Web UI: http://127.0.0.1:8080
============================================================
🩺 Checking system integrity...
============================================================
🔁 ForgeNet Recovery Run — 2026-01-05_120627
============================================================
✅ All essential components verified.
🚀 Relaunching ForgeAll Master Stack...
============================================================
🚀 ForgeAll Master Command Stack — 2026-01-05 12:06:27
============================================================
✅ Found: forgenet_overwatch_command.sh
✅ Found: forgenet_cognitive_loop.py
✅ Found: forgenet_guardian.sh
✅ Found: forgenet_mobile_ui.sh
✅ Found: forgenet_creativity_timeline.py
✅ Found: forgenet_decode_engine.py
🧩 Starting Cognitive Loop...
🛰️  Overwatch already running.
🛡️  Guardian already active.
💻 Mobile Web UI already active on port 8080.

============================================================
✅ Active Services Summary:
------------------------------------------------------------
u0_a449   5938 24946  0  1970 pts/1    00:00:00 bash /data/data/com.termux/files/home/forge/forgeall.sh
u0_a449   6111  5938  0  1970 pts/1    00:00:00 bash /data/data/com.termux/files/home/forge/forgenet_recovery.sh
u0_a449   6133  6111  0  1970 pts/1    00:00:00 bash /data/data/com.termux/files/home/forge/forgeall.sh
u0_a449   6307  6133  0  1970 pts/1    00:00:00 bash /data/data/com.termux/files/home/forge/forgenet_recovery.sh
u0_a449   6329  6307  0  1970 pts/1    00:00:00 bash /data/data/com.termux/files/home/forge/forgeall.sh
u0_a449   6552  6329  0  1970 pts/1    00:00:00 bash /data/data/com.termux/files/home/forge/forgenet_recovery.sh
u0_a449   6575  6552  0  1970 pts/1    00:00:00 bash /data/data/com.termux/files/home/forge/forgeall.sh
u0_a449   6698  6575  0  1970 pts/1    00:00:00 bash /data/data/com.termux/files/home/forge/forgenet_recovery.sh
u0_a449   6716  6698  0  1970 pts/1    00:00:00 bash /data/data/com.termux/files/home/forge/forgeall.sh
u0_a449   6883  6716  0  1970 pts/1    00:00:00 bash /data/data/com.termux/files/home/forge/forgenet_recovery.sh
u0_a449   6906  6883  0  1970 pts/1    00:00:00 bash /data/data/com.termux/files/home/forge/forgeall.sh
u0_a449   7044  6906  0  1970 pts/1    00:00:00 bash /data/data/com.termux/files/home/forge/forgenet_recovery.sh
u0_a449   7068  7044  0  1970 pts/1    00:00:00 bash /data/data/com.termux/files/home/forge/forgeall.sh
u0_a449   7192  7068  0  1970 pts/1    00:00:00 bash /data/data/com.termux/files/home/forge/forgenet_recovery.sh
u0_a449   7220  7192  0  1970 pts/1    00:00:00 bash /data/data/com.termux/files/home/forge/forgeall.sh
u0_a449   7359  7220  0  1970 pts/1    00:00:00 bash /data/data/com.termux/files/home/forge/forgenet_recovery.sh
u0_a449   7378  7359  0  1970 pts/1    00:00:00 bash /data/data/com.termux/files/home/forge/forgeall.sh
u0_a449   7502  7378  0  1970 pts/1    00:00:00 bash /data/data/com.termux/files/home/forge/forgenet_recovery.sh
u0_a449   7519  7502  0  1970 pts/1    00:00:00 bash /data/data/com.termux/files/home/forge/forgeall.sh
u0_a449   7672  7519  0  1970 pts/1    00:00:00 bash /data/data/com.termux/files/home/forge/forgenet_recovery.sh
u0_a449   7688  7672  0  1970 pts/1    00:00:00 bash /data/data/com.termux/files/home/forge/forgeall.sh
u0_a449   7815  7688  0  1970 pts/1    00:00:00 bash /data/data/com.termux/files/home/forge/forgenet_recovery.sh
u0_a449   7835  7815  0  1970 pts/1    00:00:00 bash /data/data/com.termux/files/home/forge/forgeall.sh
u0_a449   7956  7835  0  1970 pts/1    00:00:00 bash /data/data/com.termux/files/home/forge/forgenet_recovery.sh
u0_a449   7973  7956  0  1970 pts/1    00:00:00 bash /data/data/com.termux/files/home/forge/forgeall.sh
u0_a449   8113  7973  0  1970 pts/1    00:00:00 bash /data/data/com.termux/files/home/forge/forgenet_recovery.sh
u0_a449   8129  8113  0  1970 pts/1    00:00:00 bash /data/data/com.termux/files/home/forge/forgeall.sh
u0_a449   8273  8129  0  1970 pts/1    00:00:00 bash /data/data/com.termux/files/home/forge/forgenet_recovery.sh
u0_a449   8290  8273  1  1970 pts/1    00:00:00 bash /data/data/com.termux/files/home/forge/forgeall.sh
u0_a449   8409  8401 49  1970 ?        00:00:00 python /data/data/com.termux/files/home/forge/forgenet_research_assist.py
u0_a449   8428  8290  0  1970 pts/1    00:00:00 tee -a /data/data/com.termux/files/home/forge/forgeall_master.log
u0_a449  20009     1  0  1970 ?        00:00:00 python /data/data/com.termux/files/home/forge/forgenet_autopilot_loop.py
u0_a449  20010     1  0  1970 ?        00:00:00 python /data/data/com.termux/files/home/forge/forgenet_autopilot_visual.py
u0_a449  24040     1  0  1970 pts/1    00:00:00 bash /data/data/com.termux/files/home/forge/forgenet_overwatch_command.sh
u0_a449  24045     1  0  1970 pts/1    00:00:00 bash /data/data/com.termux/files/home/forge/forgenet_guardian.sh
u0_a449  24056     1  0  1970 pts/1    00:00:00 bash /data/data/com.termux/files/home/forge/forgenet_mobile_ui.sh
u0_a449  24076 24056  0  1970 pts/1    00:00:00 tee -a /data/data/com.termux/files/home/forge/forgenet_mobile_ui.log
u0_a449  24082 24045  0  1970 pts/1    00:00:00 bash /data/data/com.termux/files/home/forge/forgenet_autocycle_publisher.sh
u0_a449  24697     1  0  1970 pts/3    00:00:00 bash /data/data/com.termux/files/home/forge/ForgeNet_Restore_20260105_104652/forge/forgenet_watchdog.sh
u0_a449  29049     1  0  1970 ?        00:00:01 bash /data/data/com.termux/files/home/forge/forgenet_watchdog.sh
------------------------------------------------------------
📊 Logs located in: /data/data/com.termux/files/home/forge
🌐 Web UI: http://127.0.0.1:8080
============================================================
🩺 Checking system integrity...
============================================================
🔁 ForgeNet Recovery Run — 2026-01-05_120631
============================================================
✅ All essential components verified.
🚀 Relaunching ForgeAll Master Stack...
============================================================
🚀 ForgeAll Master Command Stack — 2026-01-05 12:06:31
============================================================
✅ Found: forgenet_overwatch_command.sh
✅ Found: forgenet_cognitive_loop.py
✅ Found: forgenet_guardian.sh
✅ Found: forgenet_mobile_ui.sh
✅ Found: forgenet_creativity_timeline.py
✅ Found: forgenet_decode_engine.py
🧩 Starting Cognitive Loop...
🛰️  Overwatch already running.
🛡️  Guardian already active.
💻 Mobile Web UI already active on port 8080.

============================================================
✅ Active Services Summary:
------------------------------------------------------------
u0_a449   5938 24946  0  1970 pts/1    00:00:00 bash /data/data/com.termux/files/home/forge/forgeall.sh
u0_a449   6111  5938  0  1970 pts/1    00:00:00 bash /data/data/com.termux/files/home/forge/forgenet_recovery.sh
u0_a449   6133  6111  0  1970 pts/1    00:00:00 bash /data/data/com.termux/files/home/forge/forgeall.sh
u0_a449   6307  6133  0  1970 pts/1    00:00:00 bash /data/data/com.termux/files/home/forge/forgenet_recovery.sh
u0_a449   6329  6307  0  1970 pts/1    00:00:00 bash /data/data/com.termux/files/home/forge/forgeall.sh
u0_a449   6552  6329  0  1970 pts/1    00:00:00 bash /data/data/com.termux/files/home/forge/forgenet_recovery.sh
u0_a449   6575  6552  0  1970 pts/1    00:00:00 bash /data/data/com.termux/files/home/forge/forgeall.sh
u0_a449   6698  6575  0  1970 pts/1    00:00:00 bash /data/data/com.termux/files/home/forge/forgenet_recovery.sh
u0_a449   6716  6698  0  1970 pts/1    00:00:00 bash /data/data/com.termux/files/home/forge/forgeall.sh
u0_a449   6883  6716  0  1970 pts/1    00:00:00 bash /data/data/com.termux/files/home/forge/forgenet_recovery.sh
u0_a449   6906  6883  0  1970 pts/1    00:00:00 bash /data/data/com.termux/files/home/forge/forgeall.sh
u0_a449   7044  6906  0  1970 pts/1    00:00:00 bash /data/data/com.termux/files/home/forge/forgenet_recovery.sh
u0_a449   7068  7044  0  1970 pts/1    00:00:00 bash /data/data/com.termux/files/home/forge/forgeall.sh
u0_a449   7192  7068  0  1970 pts/1    00:00:00 bash /data/data/com.termux/files/home/forge/forgenet_recovery.sh
u0_a449   7220  7192  0  1970 pts/1    00:00:00 bash /data/data/com.termux/files/home/forge/forgeall.sh
u0_a449   7359  7220  0  1970 pts/1    00:00:00 bash /data/data/com.termux/files/home/forge/forgenet_recovery.sh
u0_a449   7378  7359  0  1970 pts/1    00:00:00 bash /data/data/com.termux/files/home/forge/forgeall.sh
u0_a449   7502  7378  0  1970 pts/1    00:00:00 bash /data/data/com.termux/files/home/forge/forgenet_recovery.sh
u0_a449   7519  7502  0  1970 pts/1    00:00:00 bash /data/data/com.termux/files/home/forge/forgeall.sh
u0_a449   7672  7519  0  1970 pts/1    00:00:00 bash /data/data/com.termux/files/home/forge/forgenet_recovery.sh
u0_a449   7688  7672  0  1970 pts/1    00:00:00 bash /data/data/com.termux/files/home/forge/forgeall.sh
u0_a449   7815  7688  0  1970 pts/1    00:00:00 bash /data/data/com.termux/files/home/forge/forgenet_recovery.sh
u0_a449   7835  7815  0  1970 pts/1    00:00:00 bash /data/data/com.termux/files/home/forge/forgeall.sh
u0_a449   7956  7835  0  1970 pts/1    00:00:00 bash /data/data/com.termux/files/home/forge/forgenet_recovery.sh
u0_a449   7973  7956  0  1970 pts/1    00:00:00 bash /data/data/com.termux/files/home/forge/forgeall.sh
u0_a449   8113  7973  0  1970 pts/1    00:00:00 bash /data/data/com.termux/files/home/forge/forgenet_recovery.sh
u0_a449   8129  8113  0  1970 pts/1    00:00:00 bash /data/data/com.termux/files/home/forge/forgeall.sh
u0_a449   8273  8129  0  1970 pts/1    00:00:00 bash /data/data/com.termux/files/home/forge/forgenet_recovery.sh
u0_a449   8290  8273  0  1970 pts/1    00:00:00 bash /data/data/com.termux/files/home/forge/forgeall.sh
u0_a449   8439  8290  0  1970 pts/1    00:00:00 bash /data/data/com.termux/files/home/forge/forgenet_recovery.sh
u0_a449   8456  8439  1  1970 pts/1    00:00:00 bash /data/data/com.termux/files/home/forge/forgeall.sh
u0_a449   8568  8556 46  1970 ?        00:00:00 python /data/data/com.termux/files/home/forge/forgenet_research_assist.py
u0_a449   8580  8390  9  1970 ?        00:00:00 python /data/data/com.termux/files/home/forge/forgenet_genesis_interpreter.py
u0_a449   8592  8456  0  1970 pts/1    00:00:00 tee -a /data/data/com.termux/files/home/forge/forgeall_master.log
u0_a449  20009     1  0  1970 ?        00:00:00 python /data/data/com.termux/files/home/forge/forgenet_autopilot_loop.py
u0_a449  20010     1  0  1970 ?        00:00:00 python /data/data/com.termux/files/home/forge/forgenet_autopilot_visual.py
u0_a449  24040     1  0  1970 pts/1    00:00:00 bash /data/data/com.termux/files/home/forge/forgenet_overwatch_command.sh
u0_a449  24045     1  0  1970 pts/1    00:00:00 bash /data/data/com.termux/files/home/forge/forgenet_guardian.sh
u0_a449  24056     1  0  1970 pts/1    00:00:00 bash /data/data/com.termux/files/home/forge/forgenet_mobile_ui.sh
u0_a449  24076 24056  0  1970 pts/1    00:00:00 tee -a /data/data/com.termux/files/home/forge/forgenet_mobile_ui.log
u0_a449  24082 24045  0  1970 pts/1    00:00:00 bash /data/data/com.termux/files/home/forge/forgenet_autocycle_publisher.sh
u0_a449  24697     1  0  1970 pts/3    00:00:00 bash /data/data/com.termux/files/home/forge/ForgeNet_Restore_20260105_104652/forge/forgenet_watchdog.sh
u0_a449  29049     1  0  1970 ?        00:00:01 bash /data/data/com.termux/files/home/forge/forgenet_watchdog.sh
------------------------------------------------------------
📊 Logs located in: /data/data/com.termux/files/home/forge
🌐 Web UI: http://127.0.0.1:8080
============================================================
🩺 Checking system integrity...
============================================================
🔁 ForgeNet Recovery Run — 2026-01-05_120634
============================================================
✅ All essential components verified.
🚀 Relaunching ForgeAll Master Stack...
============================================================
🚀 ForgeAll Master Command Stack — 2026-01-05 12:06:34
============================================================
✅ Found: forgenet_overwatch_command.sh
✅ Found: forgenet_cognitive_loop.py
✅ Found: forgenet_guardian.sh
✅ Found: forgenet_mobile_ui.sh
✅ Found: forgenet_creativity_timeline.py
✅ Found: forgenet_decode_engine.py
🧩 Starting Cognitive Loop...
🛰️  Overwatch already running.
🛡️  Guardian already active.
💻 Mobile Web UI already active on port 8080.

============================================================
✅ Active Services Summary:
------------------------------------------------------------
u0_a449   5938 24946  0  1970 pts/1    00:00:00 bash /data/data/com.termux/files/home/forge/forgeall.sh
u0_a449   6111  5938  0  1970 pts/1    00:00:00 bash /data/data/com.termux/files/home/forge/forgenet_recovery.sh
u0_a449   6133  6111  0  1970 pts/1    00:00:00 bash /data/data/com.termux/files/home/forge/forgeall.sh
u0_a449   6307  6133  0  1970 pts/1    00:00:00 bash /data/data/com.termux/files/home/forge/forgenet_recovery.sh
u0_a449   6329  6307  0  1970 pts/1    00:00:00 bash /data/data/com.termux/files/home/forge/forgeall.sh
u0_a449   6552  6329  0  1970 pts/1    00:00:00 bash /data/data/com.termux/files/home/forge/forgenet_recovery.sh
u0_a449   6575  6552  0  1970 pts/1    00:00:00 bash /data/data/com.termux/files/home/forge/forgeall.sh
u0_a449   6698  6575  0  1970 pts/1    00:00:00 bash /data/data/com.termux/files/home/forge/forgenet_recovery.sh
u0_a449   6716  6698  0  1970 pts/1    00:00:00 bash /data/data/com.termux/files/home/forge/forgeall.sh
u0_a449   6883  6716  0  1970 pts/1    00:00:00 bash /data/data/com.termux/files/home/forge/forgenet_recovery.sh
u0_a449   6906  6883  0  1970 pts/1    00:00:00 bash /data/data/com.termux/files/home/forge/forgeall.sh
u0_a449   7044  6906  0  1970 pts/1    00:00:00 bash /data/data/com.termux/files/home/forge/forgenet_recovery.sh
u0_a449   7068  7044  0  1970 pts/1    00:00:00 bash /data/data/com.termux/files/home/forge/forgeall.sh
u0_a449   7192  7068  0  1970 pts/1    00:00:00 bash /data/data/com.termux/files/home/forge/forgenet_recovery.sh
u0_a449   7220  7192  0  1970 pts/1    00:00:00 bash /data/data/com.termux/files/home/forge/forgeall.sh
u0_a449   7359  7220  0  1970 pts/1    00:00:00 bash /data/data/com.termux/files/home/forge/forgenet_recovery.sh
u0_a449   7378  7359  0  1970 pts/1    00:00:00 bash /data/data/com.termux/files/home/forge/forgeall.sh
u0_a449   7502  7378  0  1970 pts/1    00:00:00 bash /data/data/com.termux/files/home/forge/forgenet_recovery.sh
u0_a449   7519  7502  0  1970 pts/1    00:00:00 bash /data/data/com.termux/files/home/forge/forgeall.sh
u0_a449   7672  7519  0  1970 pts/1    00:00:00 bash /data/data/com.termux/files/home/forge/forgenet_recovery.sh
u0_a449   7688  7672  0  1970 pts/1    00:00:00 bash /data/data/com.termux/files/home/forge/forgeall.sh
u0_a449   7815  7688  0  1970 pts/1    00:00:00 bash /data/data/com.termux/files/home/forge/forgenet_recovery.sh
u0_a449   7835  7815  0  1970 pts/1    00:00:00 bash /data/data/com.termux/files/home/forge/forgeall.sh
u0_a449   7956  7835  0  1970 pts/1    00:00:00 bash /data/data/com.termux/files/home/forge/forgenet_recovery.sh
u0_a449   7973  7956  0  1970 pts/1    00:00:00 bash /data/data/com.termux/files/home/forge/forgeall.sh
u0_a449   8113  7973  0  1970 pts/1    00:00:00 bash /data/data/com.termux/files/home/forge/forgenet_recovery.sh
u0_a449   8129  8113  0  1970 pts/1    00:00:00 bash /data/data/com.termux/files/home/forge/forgeall.sh
u0_a449   8273  8129  0  1970 pts/1    00:00:00 bash /data/data/com.termux/files/home/forge/forgenet_recovery.sh
u0_a449   8290  8273  0  1970 pts/1    00:00:00 bash /data/data/com.termux/files/home/forge/forgeall.sh
u0_a449   8439  8290  0  1970 pts/1    00:00:00 bash /data/data/com.termux/files/home/forge/forgenet_recovery.sh
u0_a449   8456  8439  0  1970 pts/1    00:00:00 bash /data/data/com.termux/files/home/forge/forgeall.sh
u0_a449   8624  8456  0  1970 pts/1    00:00:00 bash /data/data/com.termux/files/home/forge/forgenet_recovery.sh
u0_a449   8647  8624  1  1970 pts/1    00:00:00 bash /data/data/com.termux/files/home/forge/forgeall.sh
u0_a449   8791  8647  0  1970 pts/1    00:00:00 tee -a /data/data/com.termux/files/home/forge/forgeall_master.log
u0_a449  20009     1  0  1970 ?        00:00:00 python /data/data/com.termux/files/home/forge/forgenet_autopilot_loop.py
u0_a449  20010     1  0  1970 ?        00:00:00 python /data/data/com.termux/files/home/forge/forgenet_autopilot_visual.py
u0_a449  24040     1  0  1970 pts/1    00:00:00 bash /data/data/com.termux/files/home/forge/forgenet_overwatch_command.sh
u0_a449  24045     1  0  1970 pts/1    00:00:00 bash /data/data/com.termux/files/home/forge/forgenet_guardian.sh
u0_a449  24056     1  0  1970 pts/1    00:00:00 bash /data/data/com.termux/files/home/forge/forgenet_mobile_ui.sh
u0_a449  24076 24056  0  1970 pts/1    00:00:00 tee -a /data/data/com.termux/files/home/forge/forgenet_mobile_ui.log
u0_a449  24082 24045  0  1970 pts/1    00:00:00 bash /data/data/com.termux/files/home/forge/forgenet_autocycle_publisher.sh
u0_a449  24697     1  0  1970 pts/3    00:00:00 bash /data/data/com.termux/files/home/forge/ForgeNet_Restore_20260105_104652/forge/forgenet_watchdog.sh
u0_a449  29049     1  0  1970 ?        00:00:01 bash /data/data/com.termux/files/home/forge/forgenet_watchdog.sh
------------------------------------------------------------
📊 Logs located in: /data/data/com.termux/files/home/forge
🌐 Web UI: http://127.0.0.1:8080
============================================================
🩺 Checking system integrity...
============================================================
🔁 ForgeNet Recovery Run — 2026-01-05_120638
============================================================
✅ All essential components verified.
🚀 Relaunching ForgeAll Master Stack...
============================================================
🚀 ForgeAll Master Command Stack — 2026-01-05 12:06:38
============================================================
✅ Found: forgenet_overwatch_command.sh
✅ Found: forgenet_cognitive_loop.py
✅ Found: forgenet_guardian.sh
✅ Found: forgenet_mobile_ui.sh
✅ Found: forgenet_creativity_timeline.py
✅ Found: forgenet_decode_engine.py
🔁 Cognitive Loop already running.
🛰️  Overwatch already running.
🛡️  Guardian already active.
💻 Mobile Web UI already active on port 8080.

============================================================
✅ Active Services Summary:
------------------------------------------------------------
u0_a449   5938 24946  0  1970 pts/1    00:00:00 bash /data/data/com.termux/files/home/forge/forgeall.sh
u0_a449   6111  5938  0  1970 pts/1    00:00:00 bash /data/data/com.termux/files/home/forge/forgenet_recovery.sh
u0_a449   6133  6111  0  1970 pts/1    00:00:00 bash /data/data/com.termux/files/home/forge/forgeall.sh
u0_a449   6307  6133  0  1970 pts/1    00:00:00 bash /data/data/com.termux/files/home/forge/forgenet_recovery.sh
u0_a449   6329  6307  0  1970 pts/1    00:00:00 bash /data/data/com.termux/files/home/forge/forgeall.sh
u0_a449   6552  6329  0  1970 pts/1    00:00:00 bash /data/data/com.termux/files/home/forge/forgenet_recovery.sh
u0_a449   6575  6552  0  1970 pts/1    00:00:00 bash /data/data/com.termux/files/home/forge/forgeall.sh
u0_a449   6698  6575  0  1970 pts/1    00:00:00 bash /data/data/com.termux/files/home/forge/forgenet_recovery.sh
u0_a449   6716  6698  0  1970 pts/1    00:00:00 bash /data/data/com.termux/files/home/forge/forgeall.sh
u0_a449   6883  6716  0  1970 pts/1    00:00:00 bash /data/data/com.termux/files/home/forge/forgenet_recovery.sh
u0_a449   6906  6883  0  1970 pts/1    00:00:00 bash /data/data/com.termux/files/home/forge/forgeall.sh
u0_a449   7044  6906  0  1970 pts/1    00:00:00 bash /data/data/com.termux/files/home/forge/forgenet_recovery.sh
u0_a449   7068  7044  0  1970 pts/1    00:00:00 bash /data/data/com.termux/files/home/forge/forgeall.sh
u0_a449   7192  7068  0  1970 pts/1    00:00:00 bash /data/data/com.termux/files/home/forge/forgenet_recovery.sh
u0_a449   7220  7192  0  1970 pts/1    00:00:00 bash /data/data/com.termux/files/home/forge/forgeall.sh
u0_a449   7359  7220  0  1970 pts/1    00:00:00 bash /data/data/com.termux/files/home/forge/forgenet_recovery.sh
u0_a449   7378  7359  0  1970 pts/1    00:00:00 bash /data/data/com.termux/files/home/forge/forgeall.sh
u0_a449   7502  7378  0  1970 pts/1    00:00:00 bash /data/data/com.termux/files/home/forge/forgenet_recovery.sh
u0_a449   7519  7502  0  1970 pts/1    00:00:00 bash /data/data/com.termux/files/home/forge/forgeall.sh
u0_a449   7672  7519  0  1970 pts/1    00:00:00 bash /data/data/com.termux/files/home/forge/forgenet_recovery.sh
u0_a449   7688  7672  0  1970 pts/1    00:00:00 bash /data/data/com.termux/files/home/forge/forgeall.sh
u0_a449   7815  7688  0  1970 pts/1    00:00:00 bash /data/data/com.termux/files/home/forge/forgenet_recovery.sh
u0_a449   7835  7815  0  1970 pts/1    00:00:00 bash /data/data/com.termux/files/home/forge/forgeall.sh
u0_a449   7956  7835  0  1970 pts/1    00:00:00 bash /data/data/com.termux/files/home/forge/forgenet_recovery.sh
u0_a449   7973  7956  0  1970 pts/1    00:00:00 bash /data/data/com.termux/files/home/forge/forgeall.sh
u0_a449   8113  7973  0  1970 pts/1    00:00:00 bash /data/data/com.termux/files/home/forge/forgenet_recovery.sh
u0_a449   8129  8113  0  1970 pts/1    00:00:00 bash /data/data/com.termux/files/home/forge/forgeall.sh
u0_a449   8273  8129  0  1970 pts/1    00:00:00 bash /data/data/com.termux/files/home/forge/forgenet_recovery.sh
u0_a449   8290  8273  0  1970 pts/1    00:00:00 bash /data/data/com.termux/files/home/forge/forgeall.sh
u0_a449   8439  8290  0  1970 pts/1    00:00:00 bash /data/data/com.termux/files/home/forge/forgenet_recovery.sh
u0_a449   8456  8439  0  1970 pts/1    00:00:00 bash /data/data/com.termux/files/home/forge/forgeall.sh
u0_a449   8624  8456  0  1970 pts/1    00:00:00 bash /data/data/com.termux/files/home/forge/forgenet_recovery.sh
u0_a449   8647  8624  0  1970 pts/1    00:00:00 bash /data/data/com.termux/files/home/forge/forgeall.sh
u0_a449   8826  8647  0  1970 pts/1    00:00:00 bash /data/data/com.termux/files/home/forge/forgenet_recovery.sh
u0_a449   8861  8826  1  1970 pts/1    00:00:00 bash /data/data/com.termux/files/home/forge/forgeall.sh
u0_a449   8953  8861  2  1970 pts/1    00:00:00 tee -a /data/data/com.termux/files/home/forge/forgeall_master.log
u0_a449  20009     1  0  1970 ?        00:00:00 python /data/data/com.termux/files/home/forge/forgenet_autopilot_loop.py
u0_a449  20010     1  0  1970 ?        00:00:00 python /data/data/com.termux/files/home/forge/forgenet_autopilot_visual.py
u0_a449  24040     1  0  1970 pts/1    00:00:00 bash /data/data/com.termux/files/home/forge/forgenet_overwatch_command.sh
u0_a449  24045     1  0  1970 pts/1    00:00:00 bash /data/data/com.termux/files/home/forge/forgenet_guardian.sh
u0_a449  24056     1  0  1970 pts/1    00:00:00 bash /data/data/com.termux/files/home/forge/forgenet_mobile_ui.sh
u0_a449  24076 24056  0  1970 pts/1    00:00:00 tee -a /data/data/com.termux/files/home/forge/forgenet_mobile_ui.log
u0_a449  24082 24045  0  1970 pts/1    00:00:00 bash /data/data/com.termux/files/home/forge/forgenet_autocycle_publisher.sh
u0_a449  24697     1  0  1970 pts/3    00:00:00 bash /data/data/com.termux/files/home/forge/ForgeNet_Restore_20260105_104652/forge/forgenet_watchdog.sh
u0_a449  29049     1  0  1970 ?        00:00:01 bash /data/data/com.termux/files/home/forge/forgenet_watchdog.sh
------------------------------------------------------------
📊 Logs located in: /data/data/com.termux/files/home/forge
🌐 Web UI: http://127.0.0.1:8080
============================================================
🩺 Checking system integrity...
============================================================
🔁 ForgeNet Recovery Run — 2026-01-05_120642
============================================================
✅ All essential components verified.
🚀 Relaunching ForgeAll Master Stack...
============================================================
🚀 ForgeAll Master Command Stack — 2026-01-05 12:06:42
============================================================
✅ Found: forgenet_overwatch_command.sh
✅ Found: forgenet_cognitive_loop.py
✅ Found: forgenet_guardian.sh
✅ Found: forgenet_mobile_ui.sh
✅ Found: forgenet_creativity_timeline.py
✅ Found: forgenet_decode_engine.py
🧩 Starting Cognitive Loop...
🛰️  Overwatch already running.
🛡️  Guardian already active.
💻 Mobile Web UI already active on port 8080.
============================================================
🔁 ForgeNet Recovery Run — 2026-01-05_121838
============================================================
✅ All essential components verified.
🚀 Relaunching ForgeAll Master Stack...
============================================================
🚀 ForgeAll Master Command Stack — 2026-01-05 12:18:39
============================================================
✅ Found: forgenet_overwatch_command.sh
✅ Found: forgenet_cognitive_loop.py
✅ Found: forgenet_guardian.sh
✅ Found: forgenet_mobile_ui.sh
✅ Found: forgenet_creativity_timeline.py
✅ Found: forgenet_decode_engine.py
🔁 Cognitive Loop already running.
🛰️  Overwatch already running.
🛡️  Guardian already active.
💻 Mobile Web UI already active on port 8080.

============================================================
✅ Active Services Summary:
------------------------------------------------------------
u0_a449  23612 21909  0  1970 pts/1    00:00:00 bash /data/data/com.termux/files/home/forge/forgeall.sh
u0_a449  23641 23612  0  1970 pts/1    00:00:00 bash /data/data/com.termux/files/home/forge/forgenet_overwatch_command.sh
u0_a449  23646 23612  0  1970 pts/1    00:00:00 bash /data/data/com.termux/files/home/forge/forgenet_guardian.sh
u0_a449  23653 23612  0  1970 pts/1    00:00:00 bash /data/data/com.termux/files/home/forge/forgenet_mobile_ui.sh
u0_a449  23699 23653  0  1970 pts/1    00:00:00 tee -a /data/data/com.termux/files/home/forge/forgenet_mobile_ui.log
u0_a449  23704 23646  0  1970 pts/1    00:00:00 bash /data/data/com.termux/files/home/forge/forgenet_autocycle_publisher.sh
u0_a449  23855 23612  0  1970 pts/1    00:00:00 bash /data/data/com.termux/files/home/forge/forgenet_recovery.sh
u0_a449  23880 23855  0  1970 pts/1    00:00:00 bash /data/data/com.termux/files/home/forge/forgeall.sh
u0_a449  24027 23880  0  1970 pts/1    00:00:00 tee -a /data/data/com.termux/files/home/forge/forgeall_master.log
------------------------------------------------------------
📊 Logs located in: /data/data/com.termux/files/home/forge
🌐 Web UI: http://127.0.0.1:8080
============================================================
🩺 Checking system integrity...
============================================================
🔁 ForgeNet Recovery Run — 2026-01-05_121842
============================================================
✅ All essential components verified.
🚀 Relaunching ForgeAll Master Stack...
============================================================
🚀 ForgeAll Master Command Stack — 2026-01-05 12:18:42
============================================================
✅ Found: forgenet_overwatch_command.sh
✅ Found: forgenet_cognitive_loop.py
✅ Found: forgenet_guardian.sh
✅ Found: forgenet_mobile_ui.sh
✅ Found: forgenet_creativity_timeline.py
✅ Found: forgenet_decode_engine.py
🧩 Starting Cognitive Loop...
🛰️  Overwatch already running.
🛡️  Guardian already active.
💻 Mobile Web UI already active on port 8080.

============================================================
✅ Active Services Summary:
------------------------------------------------------------
u0_a449  23612 21909  0  1970 pts/1    00:00:00 bash /data/data/com.termux/files/home/forge/forgeall.sh
u0_a449  23641 23612  0  1970 pts/1    00:00:00 bash /data/data/com.termux/files/home/forge/forgenet_overwatch_command.sh
u0_a449  23646 23612  0  1970 pts/1    00:00:00 bash /data/data/com.termux/files/home/forge/forgenet_guardian.sh
u0_a449  23653 23612  0  1970 pts/1    00:00:00 bash /data/data/com.termux/files/home/forge/forgenet_mobile_ui.sh
u0_a449  23699 23653  0  1970 pts/1    00:00:00 tee -a /data/data/com.termux/files/home/forge/forgenet_mobile_ui.log
u0_a449  23704 23646  0  1970 pts/1    00:00:00 bash /data/data/com.termux/files/home/forge/forgenet_autocycle_publisher.sh
u0_a449  23855 23612  0  1970 pts/1    00:00:00 bash /data/data/com.termux/files/home/forge/forgenet_recovery.sh
u0_a449  23880 23855  0  1970 pts/1    00:00:00 bash /data/data/com.termux/files/home/forge/forgeall.sh
u0_a449  24046 23880  0  1970 pts/1    00:00:00 bash /data/data/com.termux/files/home/forge/forgenet_recovery.sh
u0_a449  24067 24046  1  1970 pts/1    00:00:00 bash /data/data/com.termux/files/home/forge/forgeall.sh
u0_a449  24169 24067  1  1970 pts/1    00:00:00 tee -a /data/data/com.termux/files/home/forge/forgeall_master.log
------------------------------------------------------------
📊 Logs located in: /data/data/com.termux/files/home/forge
🌐 Web UI: http://127.0.0.1:8080
============================================================
🩺 Checking system integrity...
============================================================
🔁 ForgeNet Recovery Run — 2026-01-05_121846
============================================================
✅ All essential components verified.
🚀 Relaunching ForgeAll Master Stack...
============================================================
🚀 ForgeAll Master Command Stack — 2026-01-05 12:18:46
============================================================
✅ Found: forgenet_overwatch_command.sh
✅ Found: forgenet_cognitive_loop.py
✅ Found: forgenet_guardian.sh
✅ Found: forgenet_mobile_ui.sh
✅ Found: forgenet_creativity_timeline.py
✅ Found: forgenet_decode_engine.py
🧩 Starting Cognitive Loop...
🛰️  Overwatch already running.
🛡️  Guardian already active.
💻 Mobile Web UI already active on port 8080.

============================================================
✅ Active Services Summary:
------------------------------------------------------------
u0_a449  23612 21909  0  1970 pts/1    00:00:00 bash /data/data/com.termux/files/home/forge/forgeall.sh
u0_a449  23641 23612  0  1970 pts/1    00:00:00 bash /data/data/com.termux/files/home/forge/forgenet_overwatch_command.sh
u0_a449  23646 23612  0  1970 pts/1    00:00:00 bash /data/data/com.termux/files/home/forge/forgenet_guardian.sh
u0_a449  23653 23612  0  1970 pts/1    00:00:00 bash /data/data/com.termux/files/home/forge/forgenet_mobile_ui.sh
u0_a449  23699 23653  0  1970 pts/1    00:00:00 tee -a /data/data/com.termux/files/home/forge/forgenet_mobile_ui.log
u0_a449  23704 23646  0  1970 pts/1    00:00:00 bash /data/data/com.termux/files/home/forge/forgenet_autocycle_publisher.sh
u0_a449  23855 23612  0  1970 pts/1    00:00:00 bash /data/data/com.termux/files/home/forge/forgenet_recovery.sh
u0_a449  23880 23855  0  1970 pts/1    00:00:00 bash /data/data/com.termux/files/home/forge/forgeall.sh
u0_a449  24046 23880  0  1970 pts/1    00:00:00 bash /data/data/com.termux/files/home/forge/forgenet_recovery.sh
u0_a449  24067 24046  0  1970 pts/1    00:00:00 bash /data/data/com.termux/files/home/forge/forgeall.sh
u0_a449  24182 24067  0  1970 pts/1    00:00:00 bash /data/data/com.termux/files/home/forge/forgenet_recovery.sh
u0_a449  24204 24182  0  1970 pts/1    00:00:00 bash /data/data/com.termux/files/home/forge/forgeall.sh
u0_a449  24272 24265 69  1970 ?        00:00:02 python /data/data/com.termux/files/home/forge/forgenet_research_assist.py
u0_a449  24294 24204  1  1970 pts/1    00:00:00 tee -a /data/data/com.termux/files/home/forge/forgeall_master.log
------------------------------------------------------------
📊 Logs located in: /data/data/com.termux/files/home/forge
🌐 Web UI: http://127.0.0.1:8080
============================================================
🩺 Checking system integrity...
============================================================
🔁 ForgeNet Recovery Run — 2026-01-05_121849
============================================================
✅ All essential components verified.
🚀 Relaunching ForgeAll Master Stack...
============================================================
🚀 ForgeAll Master Command Stack — 2026-01-05 12:18:49
============================================================
✅ Found: forgenet_overwatch_command.sh
✅ Found: forgenet_cognitive_loop.py
✅ Found: forgenet_guardian.sh
✅ Found: forgenet_mobile_ui.sh
✅ Found: forgenet_creativity_timeline.py
✅ Found: forgenet_decode_engine.py
🧩 Starting Cognitive Loop...
🛰️  Overwatch already running.
🛡️  Guardian already active.
💻 Mobile Web UI already active on port 8080.

============================================================
✅ Active Services Summary:
------------------------------------------------------------
u0_a449  23612 21909  0  1970 pts/1    00:00:00 bash /data/data/com.termux/files/home/forge/forgeall.sh
u0_a449  23641 23612  0  1970 pts/1    00:00:00 bash /data/data/com.termux/files/home/forge/forgenet_overwatch_command.sh
u0_a449  23646 23612  0  1970 pts/1    00:00:00 bash /data/data/com.termux/files/home/forge/forgenet_guardian.sh
u0_a449  23653 23612  0  1970 pts/1    00:00:00 bash /data/data/com.termux/files/home/forge/forgenet_mobile_ui.sh
u0_a449  23699 23653  0  1970 pts/1    00:00:00 tee -a /data/data/com.termux/files/home/forge/forgenet_mobile_ui.log
u0_a449  23704 23646  0  1970 pts/1    00:00:00 bash /data/data/com.termux/files/home/forge/forgenet_autocycle_publisher.sh
u0_a449  23855 23612  0  1970 pts/1    00:00:00 bash /data/data/com.termux/files/home/forge/forgenet_recovery.sh
u0_a449  23880 23855  0  1970 pts/1    00:00:00 bash /data/data/com.termux/files/home/forge/forgeall.sh
u0_a449  24046 23880  0  1970 pts/1    00:00:00 bash /data/data/com.termux/files/home/forge/forgenet_recovery.sh
u0_a449  24067 24046  0  1970 pts/1    00:00:00 bash /data/data/com.termux/files/home/forge/forgeall.sh
u0_a449  24182 24067  0  1970 pts/1    00:00:00 bash /data/data/com.termux/files/home/forge/forgenet_recovery.sh
u0_a449  24204 24182  0  1970 pts/1    00:00:00 bash /data/data/com.termux/files/home/forge/forgeall.sh
u0_a449  24305 24204  0  1970 pts/1    00:00:00 bash /data/data/com.termux/files/home/forge/forgenet_recovery.sh
u0_a449  24323 24305  0  1970 pts/1    00:00:00 bash /data/data/com.termux/files/home/forge/forgeall.sh
u0_a449  24406 24399 78  1970 ?        00:00:01 python /data/data/com.termux/files/home/forge/forgenet_research_assist.py
u0_a449  24439 24323  0  1970 pts/1    00:00:00 tee -a /data/data/com.termux/files/home/forge/forgeall_master.log
------------------------------------------------------------
📊 Logs located in: /data/data/com.termux/files/home/forge
🌐 Web UI: http://127.0.0.1:8080
============================================================
🩺 Checking system integrity...
============================================================
🔁 ForgeNet Recovery Run — 2026-01-05_121853
============================================================
✅ All essential components verified.
🚀 Relaunching ForgeAll Master Stack...
============================================================
🚀 ForgeAll Master Command Stack — 2026-01-05 12:18:53
============================================================
✅ Found: forgenet_overwatch_command.sh
✅ Found: forgenet_cognitive_loop.py
✅ Found: forgenet_guardian.sh
✅ Found: forgenet_mobile_ui.sh
✅ Found: forgenet_creativity_timeline.py
✅ Found: forgenet_decode_engine.py
🧩 Starting Cognitive Loop...
🛰️  Overwatch already running.
🛡️  Guardian already active.
💻 Mobile Web UI already active on port 8080.
